;;;;;;;;;;;;;;;;;;;;;;;;;;;

;;
;;;FRANCISCO LUCIANO ALVES HONORIO ME;;;;;;;
;;;Clientes por Vendedor  ;;;;;
;;

;;;;;;;;;;;;;;;;;;;;;;;;;;;

Código;Nome Cliente;;;;;;Cidade;;;;UF;CEP;;FONE;;;C.P.F./C.N.P.J;;R.G./C.G.F.;;;
Nome Fantasia;;;;;;Bairro;;;;Endereço;;;;;

Vendedor:;0;;DIVERSOS ;;;;;;;;;;;;;;;;;;;
7080;ANA RAFAELA MATIAS DE OLIVEIRA 02692959337;;;;;;PENAFORTE;;;;CE;63.280-000;;(88)98821-8238;;;24.933.860/0001-46;;065151186;;;
MERCADINHO ANA TEREZA (JUCILDO);;;;;;PADRE CICERO;;;;AVENIDA ANA TEREZA DE JESUS, 798;;;;;;;;;;;

;;;;;;;;;;;;;;;;;;;;;;;;;;;

4792;EDMAR LUIZ DE LIMA ME;;;;;;SERRITA;;;;PE;56.140-000;;( 8)73882-1212;;;12.553.740/0001-34;;041441800;;;
;;;;;;CENTRO;;;;R. MARIA MAIA SAMPAIO, 92;;;;;;;;;;;

;;;;;;;;;;;;;;;;;;;;;;;;;;;

1;FRANCISCO LUCIANO ALVES HONORIO ME;;;;;;JUAZEIRO DO NORTE;;;;CE;  .   -   ;;(  )     -    ;;;01.470.678/0001-09;;069785554;;;
ESTOQUE LOJA;;;;;;;;;;, 0;;;;;;;;;;;

;;;;;;;;;;;;;;;;;;;;;;;;;;;

4794;FRANCISCO LUIZ LIMA SERRITA;;;;;;SERRITA;;;;PE;56.140-000;;( 8)78108-5427;;;03.813.780/0001-87;;027273822;;;
MERCADINHO SAO FRANCISCO;;;;;;CENTRO;;;;R. MARIA MAIA SAMPAIO, 92;;;;;;;;;;;

;;;;;;;;;;;;;;;;;;;;;;;;;;;

4955;JONATAS SA MONTEIRO;;;;;;BARBALHA;;;;CE;63.180-000;;(88) 9932-4884;;;17.938.170/0001-14;;065073037;;;
 UNIVERSO DOS PASSAROS;;;;;;CONJ N SRA DE FATIMA;;;;RUA LIDIOS DE FREITAS, 450;;;;;;;;;;;

;;;;;;;;;;;;;;;;;;;;;;;;;;;

4726;MERINHA DE OLIVEIRA CARVALHO MARTINS;;;;;;SERRITA;;;;PE;56.140-000;;( 8)78105-7126;;;010.879.104-12;;;;;
;;;;;;CENTRO;;;;R. BELTRANDO DE HOLANDA, 0;;;;;;;;;;;

;;;;;;;;;;;;;;;;;;;;;;;;;;;

4840;PEDRO CECILIO NETO;;;;;;SERRITA;;;;PE;56.140-000;;( 8)73882-1279;;;11.349.917/0001-12;;;;;
;;;;;;CENTRO;;;;R. TENENTE ADALGIZO, 87;;;;;;;;;;;

;;;;;;;;;;;;;;;;;;;;;;;;;;;

4720;PEDRO ELIAZO DE SA MARTINS;;;;;;SERRITA;;;;PE;56.140-000;;(  )     -    ;;;800.271.134-34;;;;;
;;;;;;LOTEAMENTO ZE PEDRO;;;;AV. MARIAEL DA FRANCA SAMPAIO, 506;;;;;;;;;;;

;;;;;;;;;;;;;;;;;;;;;;;;;;;

3744;SOCORRO FERNANDES;;;;;;JUAZEIRO DO NORTE;;;;CE;  .   -   ;;(  )     -    ;;;  .   .   /    -  ;;;;;
;;;;;;;;;;R. CENTO E TRINTA E SETE, 88, 0;;;;;;;;;;;

;;;;;;;;;;;;;;;;;;;;;;;;;;;

Clientes listados Vendedor:;;;;;;;;9;;;;;;;;;;;;;;;;;;;

;;;;;;;;;;;;;;;;;;;;;;;;;;;

ERES Informática LTDA.;;;;;;PAG: 1;;;20/08/2026 - 09:44:21;;;025;

;;;;;;;;;;;;;;;;;;;;;;;;;;;
;;;;;;;;;;;;;;;;;;;;;;;;;

;;
;;;FRANCISCO LUCIANO ALVES HONORIO ME;;;;;;;
;;;Clientes por Vendedor  ;;;;;
;;

;;;;;;;;;;;;;;;;;;;;;;;;;

Código;Nome Cliente;;;;Cidade;;;;UF;CEP;;FONE;;;C.P.F./C.N.P.J;;R.G./C.G.F.;;;
Nome Fantasia;;;;Bairro;;;;Endereço;;;;;

Vendedor:;31;;LOJA A VISTA ;;;;;;;;;;;;;;;;;
4790;AMIGO BICHO PET SHOP MANIA LTDA ME;;;;MARANGUAPE;;;;CE;61.940-070;;( 8)53341-0143;;;14.991.286/0001-29;;065927893;;;
;;;;PARQUE SANTA FE;;;;AV DR. STENIO GOMES, 260;;;;;;;;;;;

;;;;;;;;;;;;;;;;;;;;;;;;;

5961;CICERO ALEXANDRE SILVA TEIXEIRA;;;;CATARINA;;;;CE;  .   -   ;;(  )     -    ;;;879.517.113-49;;;;;
;;;;ZONA RURAL;;;;VILA BALANCA-RUA DA RAMIRA, 185;;;;;;;;;;;

;;;;;;;;;;;;;;;;;;;;;;;;;

7172;DIEGO SILVA GONÇALVES ;;;;CRATO;;;;CE;  .   -   ;;(  )     -    ;;;025.914.153-40;;;;;
GRUPO KENNEL;;;;SAO JOSE ;;;;RUA MOACIR GONDIM LOSSIO , 672;;;;;;;;;;;

;;;;;;;;;;;;;;;;;;;;;;;;;

3524;EDIVANIA FERREIRA DE OLIVEIRA;;;;JUAZEIRO DO NORTE;;;;CE;  .   -   ;;( 8)88817-7190;;;760.229.943-49;;;;;
;;;;SAO JOSE;;;;R. ROBERIO DE SA BARRETO, 302, 0;;;;;;;;;;;

;;;;;;;;;;;;;;;;;;;;;;;;;

7234;EDMILSON MARTINS DE LIMA JUNIOR;;;;JUAZEIRO DO NORTE;;;;CE;  .   -   ;;(  )     -    ;;;290.797.188-31;;;;;
GRUPO KENNEL;;;;LIMOEIRO;;;;R. VALDEMAR BARROS, 309;;;;;;;;;;;

;;;;;;;;;;;;;;;;;;;;;;;;;

6200;EDNALDO BARBOSA SANTANA;;;;JARDIM;;;;CE;  .   -   ;;(  )     -    ;;;279.514.978-86;;;;;
;;;;CENTRO;;;;RUA CEL LUIZ AIRES, 69;;;;;;;;;;;

;;;;;;;;;;;;;;;;;;;;;;;;;

4684;ERIQUE;;;;JUAZEIRO DO NORTE;;;;CE;  .   -   ;;(  )     -    ;;;   .   .   -  ;;;;;
;;;;JOAO CABRAL;;;;RUA JOSE PARACEMPOS, 160;;;;;;;;;;;

;;;;;;;;;;;;;;;;;;;;;;;;;

4389;F E C CONSTRUCOES E FERRAGENS;;;;IPUBI;;;;PE;  .   -   ;;(87) 9612-8902;;;08.966.028/0001-90;;035572868;;;
O BAGACEIRA;;;;CENTRO;;;;PRACA AGAMENON MAGALHAES, 75;;;;;;;;;;;

;;;;;;;;;;;;;;;;;;;;;;;;;

6139;FRANCISCO IRILANIO DE MOURA MATOS;;;;POTENGI;;;;CE;  .   -   ;;(88)99256-7762;;;   .   .   -  ;;;;;
RACOS MOURA;;;;SITIO MAMOEIRO;;;;RUA SEVERINO PAULINO, 0;;;;;;;;;;;

;;;;;;;;;;;;;;;;;;;;;;;;;

6506;GUILHERME SILVA LINHARES ME;;;;CRATO;;;;CE;23.118-230;;(  )     -    ;;;27.907.247/0001-42;;066560667;;;
AGROPECUARIA CARIRI;;;;PARQUE RECREIO;;;;RUA JOSE RIBEIRO, 2;;;;;;;;;;;

;;;;;;;;;;;;;;;;;;;;;;;;;

;;;;;;;;;;;;;;;;;;;;;;;;;

ERES Informática LTDA.;;;;;;PAG: 2;;;20/08/2026 - 09:44:21;;;025;

;;;;;;;;;;;;;;;;;;;;;;;;;
;;;;;;;;;;;;;;;;;;;;;;;;

;;
;;;FRANCISCO LUCIANO ALVES HONORIO ME;;;;;;;
;;;Clientes por Vendedor  ;;;;;
;;

;;;;;;;;;;;;;;;;;;;;;;;;

Código;Nome Cliente;;;Cidade;;;;UF;CEP;;FONE;;;C.P.F./C.N.P.J;;R.G./C.G.F.;;;
Nome Fantasia;;;Bairro;;;;Endereço;;;;;

1017;J J BASTOS ME;;;MAURITI;;;;CE;63.210-000;;(88) 9943-6729;;;05.909.200/0001-85;;066843391;;;
J.J BASTOS;;;CENTRO;;;;RUA MAJOR JOSE FRANCISCO, 211;;;;;;;;;;;

;;;;;;;;;;;;;;;;;;;;;;;;

5827;JANAINA CABRAL ANGELO;;;ITAPORANGA;;;;PB;58.780-000;;(83)99831-0203;;;084.363.974-10;;3787985;;;
CASA DOS CANARIOS;;;CENTRO;;;;RUA OSVALDO CRUZ, 18;;;;;;;;;;;

;;;;;;;;;;;;;;;;;;;;;;;;

6193;JOSE FRUTUOSO NETO;;;CRATO;;;;CE;  .   -   ;;(  )     -    ;;;027.508.948-75;;;;;
;;;CONJ BELAS ARTES;;;;RUA VEREADOR JOSE AMAURILIO ESMERALDO, 14;;;;;;;;;;;

;;;;;;;;;;;;;;;;;;;;;;;;

6161;JOSE ROBLEDO DE ALCANTARA PRIMMO;;;FARIAS BRITO;;;;CE;  .   -   ;;(  )     -    ;;;312.996.283-20;;;;;
;;;CARIUTABA;;;;RUA DO COMERCIO, 66;;;;;;;;;;;

;;;;;;;;;;;;;;;;;;;;;;;;

6602;JOSE RONALDO BEZERRA VIEIRA;;;BARBALHA;;;;CE;  .   -   ;;(  )     -    ;;;630.391.333-49;;;;;
;;;ARAJARA;;;;SITIO LUANDA, 0;;;;;;;;;;;

;;;;;;;;;;;;;;;;;;;;;;;;

3843;JUAREZ;;;CRATO;;;;CE;  .   -   ;;( 8)83521-4189;;;  .   .   /    -  ;;;;;
APOS RETIF.STA LUZIA/R.DO MOTEL PREMIER;;;MURITI;;;;R. PADRE JUVENAL, 478, 0;;;;;;;;;;;

;;;;;;;;;;;;;;;;;;;;;;;;

6226;NAGILA SOUSA DE OLIVEIRA;;;;;;;CE;  .   -   ;;(  )     -    ;;;007.755.292-06;;;;;
;;;;;;;, 0;;;;;;;;;;;

;;;;;;;;;;;;;;;;;;;;;;;;

6591;NAZARENO FRANCISCO DOS SANTOS;;;JUAZEIRO DO NORTE;;;;CE;  .   -   ;;(  )     -    ;;;024.077.273-39;;;;;
;;;HORTO;;;;RUA JOSE ARNALDO BEZERRA FILHO , 1261;;;;;;;;;;;

;;;;;;;;;;;;;;;;;;;;;;;;

4291;RAIMUNDO GONCALVES BARBOSA;;;TRINDADE;;;;PE;56.250-000;;(  )     -    ;;;053.283.574-34;;;;;
AGROPET;;;CENTRO;;;;RUA PRESIDENTE DUTRA, 397;;;;;;;;;;;

;;;;;;;;;;;;;;;;;;;;;;;;

6271;RAMIRO DE CARVALHO MAIA NETO;;;PIO IX;;;;PI;  .   -   ;;(89)99927-5178;;;672.261.593-68;;;;;
;;;CENTRO;;;;RUA SEBASTIÃO ARRAIS, 87;;;;;;;;;;;

;;;;;;;;;;;;;;;;;;;;;;;;

6274;RAWLISON ALVES MOURA RODRIGUES;;;CRATO;;;;CE;63.125-240;;(88)98855-0001;;;329.935.873-15;;;;;
RAWLISON;;;MIRANDÃO;;;;RUA EDUARDO FERREIRA LIMA, 226;;;;;;;;;;;

;;;;;;;;;;;;;;;;;;;;;;;;

6908;RICARDO COSTA DE SOUSA;;;JUAZ.DO NORTE;;;;CE;  .   -   ;;(  )     -    ;;;963.611.583-49;;;;;
RICARDO;;;SALESIANOS;;;;RUA PIO X, , 82;;;;;;;;;;;

;;;;;;;;;;;;;;;;;;;;;;;;

;;;;;;;;;;;;;;;;;;;;;;;;

ERES Informática LTDA.;;;;;PAG: 3;;;20/08/2026 - 09:44:21;;;025;

;;;;;;;;;;;;;;;;;;;;;;;;
;;;;;;;;;;;;;;;;;;;;;;;;;;

;;
;;;FRANCISCO LUCIANO ALVES HONORIO ME;;;;;;;
;;;Clientes por Vendedor  ;;;;;
;;

;;;;;;;;;;;;;;;;;;;;;;;;;;

Código;Nome Cliente;;;;;Cidade;;;;UF;CEP;;FONE;;;C.P.F./C.N.P.J;;R.G./C.G.F.;;;
Nome Fantasia;;;;;Bairro;;;;Endereço;;;;;

7181;SAMUEL SALVIANO SAMPAIO;;;;;JUAZEIRO DO NORTE;;;;CE;63.041-155;;(  )     -    ;;;643.440.293-72;;92002113114;;;
GRUPO KENNEL;;;;;TRIANGULO;;;;R PFA MARIA NILDE COUTO BEM , 130;;;;;;;;;;;

;;;;;;;;;;;;;;;;;;;;;;;;;;

Clientes listados Vendedor:;;;;;;;23;;;;;;;;;;;;;;;;;;;

;;;;;;;;;;;;;;;;;;;;;;;;;;

ERES Informática LTDA.;;;;;PAG: 4;;;20/08/2026 - 09:44:21;;;025;

;;;;;;;;;;;;;;;;;;;;;;;;;;
;;;;;;;;;;;;;;;;;;;;;;;;;;;

;;
;;;FRANCISCO LUCIANO ALVES HONORIO ME;;;;;;;
;;;Clientes por Vendedor  ;;;;;
;;

;;;;;;;;;;;;;;;;;;;;;;;;;;;

Código;Nome Cliente;;;;;;Cidade;;;;UF;CEP;;FONE;;;C.P.F./C.N.P.J;;R.G./C.G.F.;;;
Nome Fantasia;;;;;;Bairro;;;;Endereço;;;;;

Vendedor:;32;;LOJA A PRAZO 3511 5155;;;;;;;;;;;;;;;;;;;
3141;AABB - ELENICE;;;;;;CRATO;;;;CE;63.100-000;;(88)99454-2420;;;000.000.000-00;;;;;
AABB;;;;;;PINTO MADEIRA;;;;AV. PERIMETRAL, S/N , 0;;;;;;;;;;;

;;;;;;;;;;;;;;;;;;;;;;;;;;;

6525;ANA LAYS LOSSIO FEITOSA AMORIM;;;;;;CRATO;;;;CE;  .   -   ;;(88)99610-2103;;;062.450.683-55;;;;;
ASSOCIAÇÃO CARIRI PROTETORES / NA RUA DO SOCYETI;;;;;;GRANJEIRO;;;;RUA MARILIA FEITOSA, 204;;;;;;;;;;;

;;;;;;;;;;;;;;;;;;;;;;;;;;;

4769;CICERO RAIERT ALVES PINHEIRO ME;;;;;;GRANJEIRO;;;;CE;63.230-000;;( 8)89283-4151;;;18.334.236/0001-20;;06.515273-5;;;
AGROPEC GRANJEIRO/DJAINE;;;;;;CENTRO;;;;R. HENRIQUE MACEDO, 233;;;;;;;;;;;

;;;;;;;;;;;;;;;;;;;;;;;;;;;

4974;DONA JUDITE;;;;;;CRATO;;;;CE;  .   -   ;;(  )     -    ;;;   .   .   -  ;;;;;
MAE DE MARIO SERGIO;;;;;;SAO MIGUEL;;;;AV PERIMETRAL, 461;;;;;;;;;;;

;;;;;;;;;;;;;;;;;;;;;;;;;;;

6508;FRANCISCO FELIX;;;;;;CRATO;;;;CE;  .   -   ;;(  )     -    ;;;   .   .   -  ;;;;;
RESPRESENTANTE NUTRIAVE;;;;;;;;;;, 0;;;;;;;;;;;

;;;;;;;;;;;;;;;;;;;;;;;;;;;

267;JOSENILDO VICENTE DE OLIVEIRA;;;;;;JUAZEIRO DO NORTE;;;;CE;63.010-000;;( 8)8 512-2099;;;00.105.972/0001-40;;069376247;;;
MOREIRA;;;;;;CENTRO;;;;R. SAO PAULO,665, 0;;;;;;;;;;;

;;;;;;;;;;;;;;;;;;;;;;;;;;;

173;MARIA JANETE DINIZ PEREIRA;;;;;;CRATO;;;;CE;  .   -   ;;( 8)8 521-2729;;;033.365.653-91;;;;;
ZEZITO;;;;;;CENTRO;;;;R. JOSE CARVALHO, 53, 0;;;;;;;;;;;

;;;;;;;;;;;;;;;;;;;;;;;;;;;

1666;RAIMUNDO CORDEIRO DE FREITAS;;;;;;JUAZEIRO DO NORTE;;;;CE;63.010-000;;( 8)83512-4891;;;06.052.336/0018-22;;06.667.927-3;;;
CENTRO DE VELORIO/ANJO DA GUARDA;;;;;;CENTRO;;;;R.SAO PAULO, 900, 0;;;;;;;;;;;

;;;;;;;;;;;;;;;;;;;;;;;;;;;

6300;RAMON LINARD JESUINO;;;;;;CRATO;;;;CE;63.119-055;;(88)99333-1018;;;22.661.815/0001-54;;06.455298-5;;;
VINYL FOREVER;;;;;;VILA ALTA;;;;RUA DOS CARIRIS, 118;;;;;;;;;;;

;;;;;;;;;;;;;;;;;;;;;;;;;;;

1577;SOLANGE DE ANDRADE GOMES FEITOSA;;;;;;CRATO;;;;CE;63.100-000;;( 8)83521-1364;;;06.847.896/0001-25;;06.694772-3;;;
SOLANGE;;;;;;VILA ALTA;;;;R. OTACILIO ANCELMO,591, 0;;;;;;;;;;;

;;;;;;;;;;;;;;;;;;;;;;;;;;;

4529;VALMIR LOPES DE OLIVEIRA;;;;;;ARARIPINA;;;;PE;56.280-000;;(87) 9648-6863;;;226.657.061-72;;;;;
CASA DOS PASSAROS/PROX. CASA DO TEMPERO;;;;;;CENTRO;;;;RUA SARGENTO HOLANDO SABINO CAMPOS , 12;;;;;;;;;;;

;;;;;;;;;;;;;;;;;;;;;;;;;;;

Clientes listados Vendedor:;;;;;;;;11;;;;;;;;;;;;;;;;;;;

;;;;;;;;;;;;;;;;;;;;;;;;;;;

ERES Informática LTDA.;;;;;;PAG: 5;;;20/08/2026 - 09:44:21;;;025;

;;;;;;;;;;;;;;;;;;;;;;;;;;;
;;;;;;;;;;;;;;;;;;;;;;;;;

;;
;;;FRANCISCO LUCIANO ALVES HONORIO ME;;;;;;;
;;;Clientes por Vendedor  ;;;;;
;;

;;;;;;;;;;;;;;;;;;;;;;;;;

Código;Nome Cliente;;;;Cidade;;;;UF;CEP;;FONE;;;C.P.F./C.N.P.J;;R.G./C.G.F.;;;
Nome Fantasia;;;;Bairro;;;;Endereço;;;;;

Vendedor:;33;;CICERO FREIRE DE GUSMAO 9236-6184 / 9610-0674 ;;;;;;;;;;;;;;;;;
1296;A C CASSUNDE ME;;;;VARZEA ALEGRE;;;;CE;63.540-000;;( 8)83541-1497;;;05.715.230/0001-50;;068112947;;;
;;;;CENTRO;;;;R.MAJOR JOAQUIM ALVES, 136;;;;;;;;;;;

;;;;;;;;;;;;;;;;;;;;;;;;;

1559;A. EUGENIO ALENCAR DA SILVA MERCEARIA;;;;VARZEA ALEGRE;;;;CE;63.540-000;;( 8)89922-2551;;;08.015.647/0001-07;;061945390;;;
EUGENIO ALENCAR;;;;CENTRO;;;;RUA DUQUE DE CAXIAS, 19;;;;;;;;;;;

;;;;;;;;;;;;;;;;;;;;;;;;;

3666;A.M DE MORAES;;;;CARIUS;;;;CE;  .   -   ;;(  )     -    ;;;  .   .   /    -  ;;;;;
LUCIA;;;;CENTRO;;;;RUA SETE DE SETEMBRO, 21;;;;;;;;;;;

;;;;;;;;;;;;;;;;;;;;;;;;;

3987;ADRIEL DE OLIVEIRA MAGALHAES;;;;CEDRO;;;;CE;63.400-000;;(  )     -    ;;;023.751.043-07;;;;;
;;;;CENTRO;;;;R.VEREADOR SALUSTIANO MOURA, 543;;;;;;;;;;;

;;;;;;;;;;;;;;;;;;;;;;;;;

657;AIRTON DA COSTA MERCEARIA;;;;CEDRO;;;;CE;63.400-000;;( 8)89913-4112;;;00.828.700/0001-79;;060964448;;;
AIRTON;;;;CENTRO;;;;R VER SALUSTIANO MOURA, 547;;;;;;;;;;;

;;;;;;;;;;;;;;;;;;;;;;;;;

4576;ALISON ERIDLSON;;;;VARZEA ALEGRE;;;;CE;  .   -   ;;(  )     -    ;;;   .   .   -  ;;;;;
;;;;;;;;R. TOMAZ AQUINO, 19;;;;;;;;;;;

;;;;;;;;;;;;;;;;;;;;;;;;;

4309;AMAZEM DO ALUIM;;;;IGUATU;;;;CE;  .   -   ;;(  )     -    ;;;  .   .   /    -  ;;;;;
;;;;CENTRO;;;;R. AGENOR ARAUJO, 584;;;;;;;;;;;

;;;;;;;;;;;;;;;;;;;;;;;;;

4352;ANA ROSANIA DE ALMEIDA;;;;ACOPIARA;;;;CE;63.560-000;;( 8)83565-1005;;;14.648.530/0001-55;;065825527;;;
BANHO E TOSA;;;;CENTRO;;;;R. MANOEL ALVES, 8;;;;;;;;;;;

;;;;;;;;;;;;;;;;;;;;;;;;;

2639;ANTONIA EDNA MONTEIRO;;;;VARZEA ALEGRE;;;;CE;  .   -   ;;( 8)83541-1840;;;434.728.003-30;;;;;
CARLINHOS;;;;BETANIA;;;;RUA SAO CAETANO 151, 0;;;;;;;;;;;

;;;;;;;;;;;;;;;;;;;;;;;;;

620;ANTONIA FIUZA DE MENEZES DA SILVA MICROEMPRESA;;;;VARZEA ALEGRE;;;;CE;63.540-000;;( 8)83541-1302;;;01.331.350/0001-01;;069748292;;;
NONATO;;;;COHAB;;;;RUA 06, 30;;;;;;;;;;;

;;;;;;;;;;;;;;;;;;;;;;;;;

;;;;;;;;;;;;;;;;;;;;;;;;;

ERES Informática LTDA.;;;;;;PAG: 6;;;20/08/2026 - 09:44:21;;;025;

;;;;;;;;;;;;;;;;;;;;;;;;;
;;;;;;;;;;;;;;;;;;;;;;;;;

;;
;;;FRANCISCO LUCIANO ALVES HONORIO ME;;;;;;;
;;;Clientes por Vendedor  ;;;;;
;;

;;;;;;;;;;;;;;;;;;;;;;;;;

Código;Nome Cliente;;;;Cidade;;;;UF;CEP;;FONE;;;C.P.F./C.N.P.J;;R.G./C.G.F.;;;
Nome Fantasia;;;;Bairro;;;;Endereço;;;;;

Vendedor:;33;;CICERO FREIRE DE GUSMAO 9236-6184 / 9610-0674 ;;;;;;;;;;;;;;;;;
2720;ANTONIA NEUSA FELIX ME;;;;VARZEA ALEGRE;;;;CE;63.540-000;;( 8)89233-3494;;;01.336.295/0001-34;;069751749;;;
;;;;CENTRO;;;;R. DUQUE DE CAXIAS, 74;;;;;;;;;;;

;;;;;;;;;;;;;;;;;;;;;;;;;

3095;ANTONIA PEREIRA DE OLIVEIRA;;;;FARIAS BRITO;;;;CE;63.185-000;;( 8)83544-1139;;;72.561.004/0001-50;;060203161;;;
;;;;CENTRO;;;;R. MANOEL PINHEIRO DE ALMEIDA, 165;;;;;;;;;;;

;;;;;;;;;;;;;;;;;;;;;;;;;

3186;ANTONIA PEREIRA E SILVA ME;;;;ACOPIARA;;;;CE;63.560-000;;( 8)83650-0929;;;04.289.155/0001-40;;063095297;;;
;;;;CENTRO;;;;AV.CAZUZINHA MARQUES, 70;;;;;;;;;;;

;;;;;;;;;;;;;;;;;;;;;;;;;

615;ANTONIO AIRTON DE SOUZA CALDAS EPP;;;;VARZEA ALEGRE;;;;CE;63.540-000;;( 8)83541-1536;;;04.230.510/0001-06;;063059983;;;
MARIA FIUZA;;;;PATOS;;;;R. JOAO SOARES BEZERRA, 97;;;;;;;;;;;

;;;;;;;;;;;;;;;;;;;;;;;;;

4742;ANTONIO ANGELO;;;;VARZEA ALEGRE;;;;CE;  .   -   ;;(  )     -    ;;;   .   .   -  ;;;;;
;;;;VAJOTA;;;;R. MARIA AUGUSTO LIMA, 407;;;;;;;;;;;

;;;;;;;;;;;;;;;;;;;;;;;;;

2507;ANTONIO DUARTE DE OLIVEIRA;;;;VARZEA ALEGRE;;;;CE;  .   -   ;;( 8)83541-1551;;;302.735.363-20;;;;;
;;;;RIACHINHO;;;;AV.VICENTE ALVES DA COSTA,1080, 0;;;;;;;;;;;

;;;;;;;;;;;;;;;;;;;;;;;;;

3450;ANTONIO NOLARCO DA SILVA ME;;;;VARZEA ALEGRE;;;;CE;63.540-000;;( 8)89990-1094;;;11.948.153/0001-81;;063997770;;;
NOLARCO;;;;CENTRO;;;;R 10 DE NOVEMBRO, 106;;;;;;;;;;;

;;;;;;;;;;;;;;;;;;;;;;;;;

3171;AURILUSIA MARIA ACIOLY FRANCA ME;;;;VARZEA ALEGRE;;;;CE;63.540-000;;( 8)83541-1463;;;01.615.985/0001-22;;069844615;;;
AURILUSIA;;;;CENTRO;;;;R. PADRE JOSE ALVES, 91;;;;;;;;;;;

;;;;;;;;;;;;;;;;;;;;;;;;;

611;C I  MORAIS CALDAS ME;;;;VARZEA ALEGRE;;;;CE;63.540-000;;( 8)83541-1389;;;02.316.534/0001-57;;062701827;;;
MORAIS;;;;CENTRO;;;;PRACA DA BANDEIRA, 7;;;;;;;;;;;

;;;;;;;;;;;;;;;;;;;;;;;;;

4086;C.MABEL SOUZA ARMAZENS;;;;VARZEA ALEGRE;;;;CE;  .   -   ;;(  )     -    ;;;13.654.914/0001-18;;065625137;;;
;;;;CENTRO;;;;SITIO GROSSO, 0;;;;;;;;;;;

;;;;;;;;;;;;;;;;;;;;;;;;;

3980;CICERA BELO BEZERRA;;;;VARZEA ALEGRE;;;;CE;  .   -   ;;(  )     -    ;;;  .   .   /    -  ;;;;;
MERCADINHO KAROL BELO;;;;ROSINHA;;;;R.CARLOS GOMES ALENCAR, 0;;;;;;;;;;;

;;;;;;;;;;;;;;;;;;;;;;;;;

;;;;;;;;;;;;;;;;;;;;;;;;;

ERES Informática LTDA.;;;;;;PAG: 7;;;20/08/2026 - 09:44:21;;;025;

;;;;;;;;;;;;;;;;;;;;;;;;;
;;;;;;;;;;;;;;;;;;;;;;;;;

;;
;;;FRANCISCO LUCIANO ALVES HONORIO ME;;;;;;;
;;;Clientes por Vendedor  ;;;;;
;;

;;;;;;;;;;;;;;;;;;;;;;;;;

Código;Nome Cliente;;;;Cidade;;;;UF;CEP;;FONE;;;C.P.F./C.N.P.J;;R.G./C.G.F.;;;
Nome Fantasia;;;;Bairro;;;;Endereço;;;;;

Vendedor:;33;;CICERO FREIRE DE GUSMAO 9236-6184 / 9610-0674 ;;;;;;;;;;;;;;;;;
4637;CICERA FABIANA A. BONFIM ME;;;;IGUATU;;;;CE;63.500-000;;( 8)89645-6522;;;16.830.409/0001-75;;066156971;;;
;;;;OASES;;;;R. SILVIO AMARO, 319;;;;;;;;;;;

;;;;;;;;;;;;;;;;;;;;;;;;;

531;CICERO NONATO DE OLIVEIRA;;;;IGUATU;;;;CE;63.500-000;;( 8)89918-9974;;;04.368.448/0001-13;;063092018;;;
MERCANTIL 3 IRMAOS;;;;ALTO JUCA;;;;R. CEL. JOSE JUCA, 16;;;;;;;;;;;

;;;;;;;;;;;;;;;;;;;;;;;;;

4167;CICERO RODOLFO DE ALMEIDA CARDOSO;;;;ACOPIARA;;;;CE;63.560-000;;( 8)88857-1608;;;06.001.824/0001-62;;06.686.229-9;;;
;;;;CENTRO;;;;R.FRANCISCO GURGEL VALENTE, 356;;;;;;;;;;;

;;;;;;;;;;;;;;;;;;;;;;;;;

3948;CONCEICAO RODRIGUES CARVALHO;;;;OROS;;;;CE;  .   -   ;;(  )     -    ;;;  .   .   /    -  ;;;;;
;;;;CENTRO;;;;RUA PRIMEIRO DE SETEMBRO, 44;;;;;;;;;;;

;;;;;;;;;;;;;;;;;;;;;;;;;

4308;D.E.G COMERCIAL;;;;JUCAS;;;;CE;  .   -   ;;(  )     -    ;;;  .   .   /    -  ;;;;;
;;;;CENTRO;;;;R. GETULIO VARGAS, 126;;;;;;;;;;;

;;;;;;;;;;;;;;;;;;;;;;;;;

4027;DALVA BEZERRA MOURA;;;;VARZEA ALEGRE;;;;CE;63.540-000;;( 8)89706-8058;;;169.181.318-42;;;;;
ASKIALHO;;;;VARJOTA;;;;RUA ANTONIO GONCALVES CACUBER, 145;;;;;;;;;;;

;;;;;;;;;;;;;;;;;;;;;;;;;

4573;DANIEL DE ABREU;;;;QUIXELO;;;;CE;  .   -   ;;(  )     -    ;;;   .   .   -  ;;;;;
;;;;;;;;R. LUIZ GOMES ARAUJO, 306;;;;;;;;;;;

;;;;;;;;;;;;;;;;;;;;;;;;;

4715;DANIEL FAUSTINO NETO;;;;OROS;;;;CE;  .   -   ;;(  )     -    ;;;055.795.163-12;;;;;
NOVO FRUTAO;;;;;;;;R. JOSE GABRIEL, 19;;;;;;;;;;;

;;;;;;;;;;;;;;;;;;;;;;;;;

3981;DONA MOCINHA;;;;VARZEA ALEGRE;;;;CE;  .   -   ;;(  )     -    ;;;  .   .   /    -  ;;;;;
;;;;PATOS;;;;AV.PORTUGAL, 300, 0;;;;;;;;;;;

;;;;;;;;;;;;;;;;;;;;;;;;;

;;;;;;;;;;;;;;;;;;;;;;;;;

ERES Informática LTDA.;;;;;;PAG: 8;;;20/08/2026 - 09:44:21;;;025;

;;;;;;;;;;;;;;;;;;;;;;;;;
;;;;;;;;;;;;;;;;;;;;;;;;;

;;
;;;FRANCISCO LUCIANO ALVES HONORIO ME;;;;;;;
;;;Clientes por Vendedor  ;;;;;
;;

;;;;;;;;;;;;;;;;;;;;;;;;;

Código;Nome Cliente;;;;Cidade;;;;UF;CEP;;FONE;;;C.P.F./C.N.P.J;;R.G./C.G.F.;;;
Nome Fantasia;;;;Bairro;;;;Endereço;;;;;

Vendedor:;33;;CICERO FREIRE DE GUSMAO 9236-6184 / 9610-0674 ;;;;;;;;;;;;;;;;;
4762;DRA ALAIDE;;;;CEDRO;;;;CE;  .   -   ;;(  )     -    ;;;   .   .   -  ;;;;;
;;;;CENTRO;;;;R. SALUSTIANO MOURA, 565;;;;;;;;;;;

;;;;;;;;;;;;;;;;;;;;;;;;;

3534;ERALDO LEITE CRUZ;;;;MILAGRES;;;;CE;  .   -   ;;( 8)89971-6635;;;06.125.713/0001-68;;06.689.467-0;;;
;;;;CENTRO;;;;R.BENTO CORREIA LIMA, 96, 0;;;;;;;;;;;

;;;;;;;;;;;;;;;;;;;;;;;;;

3411;ESTEVAN OLIVEIRA DE LIMA ME;;;;ACOPIARA;;;;CE;63.560-000;;( 8)83565-0475;;;08.507.420/0001-70;;06.212.042-5;;;
;;;;CENTRO;;;;AV.PAULINO FELIX, 237, 0;;;;;;;;;;;

;;;;;;;;;;;;;;;;;;;;;;;;;

3979;EVANDRO CAVALCANTE;;;;VARZEA ALEGRE;;;;CE;63.540-000;;(  )     -    ;;;  .   .   /    -  ;;;;;
;;;;CENTRO;;;;RUA TOMAZ DE AQUINO, 100;;;;;;;;;;;

;;;;;;;;;;;;;;;;;;;;;;;;;

4739;F. ALVES MERCADINHO;;;;QUIXELO;;;;CE;  .   -   ;;(  )     -    ;;;   .   .   -  ;;;;;
;;;;CENTRO;;;;R. PEDRO GOMES ARAUJO, 176;;;;;;;;;;;

;;;;;;;;;;;;;;;;;;;;;;;;;

3669;FRANCIMAR P.SILVA;;;;IGUATU;;;;CE;  .   -   ;;(  )     -    ;;;  .   .   /    -  ;;;;;
IRMAO DE IDERLANDIO;;;;CENTRO;;;;RUA VEREADOR LUIS BARRETO, 260;;;;;;;;;;;

;;;;;;;;;;;;;;;;;;;;;;;;;

3509;FRANCISCA CORREIA DE SALES;;;;CRATO;;;;CE;63.100-000;;( 8)83523-1245;;;35.023.787/0001-91;;06.852.607-5;;;
;;;;SEMINARIO;;;;R. TENENTE ANTONIO JOAO,376, 0;;;;;;;;;;;

;;;;;;;;;;;;;;;;;;;;;;;;;

4496;FRANCISCA LUCINETE;;;;VARZEA ALEGRE;;;;CE;  .   -   ;;(  )     -    ;;;   .   .   -  ;;;;;
;;;;RODOVIARIA;;;;R. DAS LAVADEIRAS, 278;;;;;;;;;;;

;;;;;;;;;;;;;;;;;;;;;;;;;

3523;FRANCISCA ROSINEIDE DOS SANTOS COSTA ME;;;;VARZEA ALEGRE;;;;CE;63.540-000;;(  )     -    ;;;13.045.798/0001-30;;06.422.992-0;;;
;;;;CENTRO;;;;PRACA DA BANDEIRA, 15, 0;;;;;;;;;;;

;;;;;;;;;;;;;;;;;;;;;;;;;

2679;FRANCISCA ZENEIDE LIMA SEVERO BERNARDO;;;;IGUATU;;;;CE;63.500-000;;( 8)83581-4065;;;05.528.117/0001-66;;066765838;;;
;;;;JARDIM OASIS;;;;RUA SILVIO AMARO, 277;;;;;;;;;;;

;;;;;;;;;;;;;;;;;;;;;;;;;

4461;FRANCISCO ALVES ;;;;VARZEA ALEGRE;;;;CE;  .   -   ;;(  )     -    ;;;   .   .   -  ;;;;;
KANQUILO;;;;JUREMAL;;;;R. VILA CONFIANCA, 79;;;;;;;;;;;

;;;;;;;;;;;;;;;;;;;;;;;;;

;;;;;;;;;;;;;;;;;;;;;;;;;

ERES Informática LTDA.;;;;;;PAG: 9;;;20/08/2026 - 09:44:21;;;025;

;;;;;;;;;;;;;;;;;;;;;;;;;
;;;;;;;;;;;;;;;;;;;;;;;;;

;;
;;;FRANCISCO LUCIANO ALVES HONORIO ME;;;;;;;
;;;Clientes por Vendedor  ;;;;;
;;

;;;;;;;;;;;;;;;;;;;;;;;;;

Código;Nome Cliente;;;;Cidade;;;;UF;CEP;;FONE;;;C.P.F./C.N.P.J;;R.G./C.G.F.;;;
Nome Fantasia;;;;Bairro;;;;Endereço;;;;;

Vendedor:;33;;CICERO FREIRE DE GUSMAO 9236-6184 / 9610-0674 ;;;;;;;;;;;;;;;;;
4772;FRANCISCO ALVES DE OLIVEIRA;;;;VARZEA ALEGRE;;;;CE;  .   -   ;;(  )     -    ;;;877.142.213-72;;53629982;;;
DACI;;;;RIACHINHO;;;;R.CHIQUINHA BATISTA, 78;;;;;;;;;;;

;;;;;;;;;;;;;;;;;;;;;;;;;

4577;FRANCISCO ALVES OLIVEIRA;;;;VARZEA ALEGRE;;;;CE;  .   -   ;;( 8)89218-0153;;;   .   .   -  ;;;;;
;;;;RIACHINHO;;;;R. CHIQUINHA BATISTA, 73;;;;;;;;;;;

;;;;;;;;;;;;;;;;;;;;;;;;;

4419;FRANCISCO ALVES OLIVEIRA;;;;VARZEA ALEGRE;;;;CE;  .   -   ;;(  )     -    ;;;   .   .   -  ;;;;;
;;;;RIACHINHO;;;;R. CHIQUINHA BATISTA, 70;;;;;;;;;;;

;;;;;;;;;;;;;;;;;;;;;;;;;

3941;FRANCISCO ALVES PEREIRA;;;;VARZEA ALEGRE;;;;CE;63.540-000;;(  )     -    ;;;  .   .   /    -  ;;;;;
;;;;CENTRO;;;;AVENIDA VICENTE ALVES COSTA, 1129;;;;;;;;;;;

;;;;;;;;;;;;;;;;;;;;;;;;;

1918;FRANCISCO ALVES TEIXEIRA;;;;IGUATU;;;;CE;  .   -   ;;( 8)88816-2820;;;07.510.605/0001-71;;06.425.747-9;;;
EVANDRO;;;;CENTRO;;;;R.AGENOR ARAUJO,584, 0;;;;;;;;;;;

;;;;;;;;;;;;;;;;;;;;;;;;;

4416;FRANCISCO BARBOSA;;;;CARIUS;;;;CE;  .   -   ;;(  )     -    ;;;   .   .   -  ;;;;;
;;;;CENTRO;;;;R. JOSE BARBOSA VIEIRA, 11;;;;;;;;;;;

;;;;;;;;;;;;;;;;;;;;;;;;;

3914;FRANCISCO DAS CHAGAS CRISTIANO CORREIA LIMA;;;;IGUATU;;;;CE;63.500-000;;( 8)83581-3256;;;13.660.708/0001-10;;065619919;;;
;;;;FLORES;;;;RUA JULIO CAVALCANTE, 263;;;;;;;;;;;

;;;;;;;;;;;;;;;;;;;;;;;;;

4422;FRANCISCO DE ASSIS DUARTE;;;;VARZEA ALEGRE;;;;CE;63.540-000;;( 8)89417-2299;;;17.291.260/0001-66;;066249961;;;
;;;;CENTRO;;;;R. JOSE ALVES FEITOSA, 152;;;;;;;;;;;

;;;;;;;;;;;;;;;;;;;;;;;;;

3870;FRANCISCO FERNANDES;;;;VARZEA ALEGRE;;;;CE;  .   -   ;;( 8)83541-1552;;;   .   .   -  ;;;;;
;;;;CENTRO;;;;AV.NENEN MARINHEIRO,217, 0;;;;;;;;;;;

;;;;;;;;;;;;;;;;;;;;;;;;;

3944;FRANCISCO LEONARDO OLIVEIRA LIMA;;;;LAVRAS DA MANGABEIRA;;;;CE;  .   -   ;;(  )     -    ;;;057.106.793-05;;;;;
;;;;CENTRO;;;;AV.SAO SEBASTIAO, 442, 0;;;;;;;;;;;

;;;;;;;;;;;;;;;;;;;;;;;;;

4023;FRANCISCO LINO DE SOUZA MOURA;;;;LAVRAS DA MANGABEIRA;;;;CE;  .   -   ;;(  )     -    ;;;022.033.713-66;;;;;
;;;;CENTRO;;;;R. MERCADO PUBLICO , 315, 0;;;;;;;;;;;

;;;;;;;;;;;;;;;;;;;;;;;;;

;;;;;;;;;;;;;;;;;;;;;;;;;

ERES Informática LTDA.;;;;;;PAG: 10;;;20/08/2026 - 09:44:21;;;025;

;;;;;;;;;;;;;;;;;;;;;;;;;
;;;;;;;;;;;;;;;;;;;;;;;;;

;;
;;;FRANCISCO LUCIANO ALVES HONORIO ME;;;;;;;
;;;Clientes por Vendedor  ;;;;;
;;

;;;;;;;;;;;;;;;;;;;;;;;;;

Código;Nome Cliente;;;;Cidade;;;;UF;CEP;;FONE;;;C.P.F./C.N.P.J;;R.G./C.G.F.;;;
Nome Fantasia;;;;Bairro;;;;Endereço;;;;;

Vendedor:;33;;CICERO FREIRE DE GUSMAO 9236-6184 / 9610-0674 ;;;;;;;;;;;;;;;;;
621;FRANCISCO PEDRO DA SILVA;;;;VARZEA ALEGRE;;;;CE;63.540-000;;( 8)83541-1166;;;05.323.654/0001-70;;068112874;;;
;;;;ALTO DO TENENTE;;;;RUA FRANCISCO SALVIANO, 10;;;;;;;;;;;

;;;;;;;;;;;;;;;;;;;;;;;;;

2275;FRANCISCO SABINO DE QUEIROZ;;;;IGUATU;;;;CE;63.500-000;;( 8)83581-1796;;;  .   .   /    -  ;;068656114;;;
;;;;BRASILIA;;;;R.ANTONIO MENDONCA, 436;;;;;;;;;;;

;;;;;;;;;;;;;;;;;;;;;;;;;

4659;FRANCISCO ZILIER ALVES ME;;;;IGUATU;;;;CE;  .   -   ;;( 8)89611-6168;;;147.142.520-00197;;;;;
MERCANTIL MINI PRECO;;;;OASIS;;;;R. SILVIO AMARO, 421;;;;;;;;;;;

;;;;;;;;;;;;;;;;;;;;;;;;;

5110;GLEIDSON GEORGE MACIEL PINHEIRO;;;;IGUATU;;;;CE;63.504-340;;( 8)89294-2074;;;036.757.023-83;;;;;
;;;;VILA CENTENARIO;;;;R. GOV. PLACIDO CASTELO, 491;;;;;;;;;;;

;;;;;;;;;;;;;;;;;;;;;;;;;

3719;GUILHERME ALBUQUERQUE PIERRE;;;;ALTANEIRA;;;;CE;  .   -   ;;(  )     -    ;;;   .   .   -  ;;;;;
;;;;CENTRO;;;;R.PADRE AGAMENON COELHO,505, 0;;;;;;;;;;;

;;;;;;;;;;;;;;;;;;;;;;;;;

4658;HERME CESAR;;;;VARZEA ALEGRE;;;;CE;  .   -   ;;(  )     -    ;;;   .   .   -  ;;;;;
;;;;;;;;R. DEP. OTACILIO CORREIA, 85;;;;;;;;;;;

;;;;;;;;;;;;;;;;;;;;;;;;;

3912;IRINEU SOUZA MARQUES MICROEMPRESA;;;;CARIUS;;;;CE;63.530-000;;(  )     -    ;;;07.430.101/0001-41;;064441440;;;
;;;;CENTRO;;;;RUA 15 DE NOVEMBRO, 15;;;;;;;;;;;

;;;;;;;;;;;;;;;;;;;;;;;;;

3625;IVO TEIXEIRA DE SOUZA ME;;;;ACOPIARA;;;;CE;63.560-000;;( 8)83565-1177;;;02.576.530/0001-08;;06.267.859-0;;;
IVO;;;;CENTRO;;;;R. CEL. MANOEL ALVES, 45, 0;;;;;;;;;;;

;;;;;;;;;;;;;;;;;;;;;;;;;

4563;J. DA PADARIA;;;;LAVRAS DA MANGABEIRA;;;;CE;  .   -   ;;(  )     -    ;;;   .   .   -  ;;;;;
PANIFICADORA VAREJAO;;;;;;;;R. PREF. WILSON SA, 113;;;;;;;;;;;

;;;;;;;;;;;;;;;;;;;;;;;;;

516;J.R. DE BRITO SILVA;;;;ACOPIARA;;;;CE;63.560-000;;( 8)89957-4852;;;00.148.555/0001-85;;069336539;;;
;;;;CENTRO;;;;RUA MARECHAL DEODORO, 349;;;;;;;;;;;

;;;;;;;;;;;;;;;;;;;;;;;;;

3077;J.R.C. ROLIM;;;;IGUATU;;;;CE;63.500-000;;( 8)83571-1220;;;07.564.982/0001-93;;06.009.201-7;;;
DR. RUI;;;;CENTRO;;;;R. SANTOS DUMONT,385, 0;;;;;;;;;;;

;;;;;;;;;;;;;;;;;;;;;;;;;

;;;;;;;;;;;;;;;;;;;;;;;;;

ERES Informática LTDA.;;;;;;PAG: 11;;;20/08/2026 - 09:44:21;;;025;

;;;;;;;;;;;;;;;;;;;;;;;;;
;;;;;;;;;;;;;;;;;;;;;;;;;

;;
;;;FRANCISCO LUCIANO ALVES HONORIO ME;;;;;;;
;;;Clientes por Vendedor  ;;;;;
;;

;;;;;;;;;;;;;;;;;;;;;;;;;

Código;Nome Cliente;;;;Cidade;;;;UF;CEP;;FONE;;;C.P.F./C.N.P.J;;R.G./C.G.F.;;;
Nome Fantasia;;;;Bairro;;;;Endereço;;;;;

Vendedor:;33;;CICERO FREIRE DE GUSMAO 9236-6184 / 9610-0674 ;;;;;;;;;;;;;;;;;
3871;JOAO BOSCO;;;;VARZEA ALEGRE;;;;CE;63.540-000;;(  )     -    ;;;   .   .   -  ;;;;;
;;;;VARJOTA;;;;RUA JOSE AUGUSTO LEITE, 143;;;;;;;;;;;

;;;;;;;;;;;;;;;;;;;;;;;;;

4549;JOAO COELHO;;;;CEDRO;;;;CE;  .   -   ;;(  )     -    ;;;   .   .   -  ;;;;;
MERCADINHO COELHO/ AO LADO DO BRADESCO;;;;CENTRO;;;;R. SALUSTIANO MOURA, 543;;;;;;;;;;;

;;;;;;;;;;;;;;;;;;;;;;;;;

4740;JOAO MOISES MERCANTIL;;;;QUIXELO;;;;CE;  .   -   ;;(  )     -    ;;;   .   .   -  ;;;;;
;;;;CENTRO;;;;R. LUIZ GOMES ARAUJO, 119;;;;;;;;;;;

;;;;;;;;;;;;;;;;;;;;;;;;;

4224;JOSE ADRIANO DE ARAUJO SILVA;;;;CEDRO;;;;CE;  .   -   ;;(  )     -    ;;;392.770.623-04;;;;;
;;;;CENTRO;;;;R.SENADOR JOAO TOME, 16, 0;;;;;;;;;;;

;;;;;;;;;;;;;;;;;;;;;;;;;

4245;JOSE CLEDSON DE SOUZA MICROEMPRESA;;;;IGUATU;;;;CE;  .   -   ;;( 8)89609-3992;;;01.439.250/0001-95;;069782466;;;
;;;;CENTRO;;;;RUA SANTOS DUMONT, 9;;;;;;;;;;;

;;;;;;;;;;;;;;;;;;;;;;;;;

670;JOSE GEOVANNI VIEIRA;;;;CEDRO;;;;CE;  .   -   ;;( 8)83564-1078;;;35.095.256/0001-04;;060449942;;;
GEOVANI;;;;CENTRO;;;;RUA SALUSTINO MOURA, 591;;;;;;;;;;;

;;;;;;;;;;;;;;;;;;;;;;;;;

3874;JOSE SOARES;;;;VARZEA ALEGRE;;;;CE;  .   -   ;;(  )     -    ;;;   .   .   -  ;;;;;
;;;;RIACHINHO;;;;R.RAIMUNDO SOARES,108, 0;;;;;;;;;;;

;;;;;;;;;;;;;;;;;;;;;;;;;

4900;JOSE VICTOR;;;;OROS;;;;CE;  .   -   ;;( 8)89739-3233;;;   .   .   -  ;;;;;
;;;;SAO GERALDO;;;;RUA PADRE CICERO, 167;;;;;;;;;;;

;;;;;;;;;;;;;;;;;;;;;;;;;

1298;JOSEFA BATISTA OLIMPIO;;;;IGUATU;;;;CE;63.500-000;;( 8)83581-0371;;;74.081.597/0001-82;;061865877;;;
JOAOZINHO;;;;VILA JARDIM;;;;RUA ADEODATO HONORIO CAVALCANTE, 303;;;;;;;;;;;

;;;;;;;;;;;;;;;;;;;;;;;;;

1705;K.R.X DA SILVA GURGEL;;;;ACOPIARA;;;;CE;  .   -   ;;( 8)83565-0373;;;07.372.277/0001-94;;06.180.595-5;;;
MERCANTIL ARTUR;;;;ACOPIARA;;;;AV.LINDOVAL JOSE DE LIMA, 377, 0;;;;;;;;;;;

;;;;;;;;;;;;;;;;;;;;;;;;;

;;;;;;;;;;;;;;;;;;;;;;;;;

ERES Informática LTDA.;;;;;;PAG: 12;;;20/08/2026 - 09:44:21;;;025;

;;;;;;;;;;;;;;;;;;;;;;;;;
;;;;;;;;;;;;;;;;;;;;;;;;;

;;
;;;FRANCISCO LUCIANO ALVES HONORIO ME;;;;;;;
;;;Clientes por Vendedor  ;;;;;
;;

;;;;;;;;;;;;;;;;;;;;;;;;;

Código;Nome Cliente;;;;Cidade;;;;UF;CEP;;FONE;;;C.P.F./C.N.P.J;;R.G./C.G.F.;;;
Nome Fantasia;;;;Bairro;;;;Endereço;;;;;

Vendedor:;33;;CICERO FREIRE DE GUSMAO 9236-6184 / 9610-0674 ;;;;;;;;;;;;;;;;;
664;L.F.PEREIRA LAVOR;;;;CEDRO;;;;CE;63.400-000;;( 8)83565-0032;;;73.958.233/0001-75;;068894910;;;
CASA DO AGRICULTOR;;;;CENTRO;;;;RUA JOAO CANDIDO, 460;;;;;;;;;;;

;;;;;;;;;;;;;;;;;;;;;;;;;

3432;L.M. BEZERRA EPP;;;;CEDRO;;;;CE;63.400-000;;(  )     -    ;;;86.950.029/0001-50;;064271722;;;
;;;;CENTRO;;;;RUA CORONEL JOSE ALBUQUERQUE, 618;;;;;;;;;;;

;;;;;;;;;;;;;;;;;;;;;;;;;

600;LILIA SORELI FEITOSA DE MORAIS;;;;FARIAS BRITO;;;;CE;63.185-000;;( 8)8 544-1225;;;06.055.336/0001-38;;066874521;;;
ARMAZEM ECONOMICO;;;;CENTRO;;;;RUA MANOEL PINHEIRO DE ALMEIDA, 510;;;;;;;;;;;

;;;;;;;;;;;;;;;;;;;;;;;;;

4044;LINDOMAR BARBOSA DE SOUZA;;;;CARIUS;;;;CE;63.530-000;;( 8)89640-6510;;;05.501.394/0001-85;;066754488;;;
;;;;CENTRO;;;;RUA SETE DE SETEMBRO, 15;;;;;;;;;;;

;;;;;;;;;;;;;;;;;;;;;;;;;

3573;LINDOMAR BARBOSA DE SOUZA;;;;CARIUS;;;;CE;63.530-000;;( 8)89640-6510;;;05.501.394/0001-85;;06.675.448-8;;;
;;;;CENTRO;;;;R.SETE DE SETEMBRO, 15, 0;;;;;;;;;;;

;;;;;;;;;;;;;;;;;;;;;;;;;

1202;LUCIANE PEREIRA DA SILVA;;;;QUIXELO;;;;CE;  .   -   ;;(  )     -    ;;;05.658.230/0001-66;;06.679.010-7;;;
MERC.NOGUEIRA 2;;;;CENTRO;;;;R.LUIZ GOMES ARAUJO, 538, 0;;;;;;;;;;;

;;;;;;;;;;;;;;;;;;;;;;;;;

3759;LUIZ GONZAGA GOMES DE OLIVEIRA;;;;VARZEA ALEGRE;;;;CE;63.540-000;;( 8)83541-3020;;;10.561.327/0001-96;;063726963;;;
DACI;;;;RIACHINHO;;;;R.CHIQUINHO BATISTA, 69;;;;;;;;;;;

;;;;;;;;;;;;;;;;;;;;;;;;;

890;M. AMELIA DE OLIVEIRA PROD.AGROPECUARIOS ME;;;;ACOPIARA;;;;CE;63.560-000;;( 8)83565-0032;;;10.928.417/0001-72;;06.388.507-7;;;
;;;;CENTRO;;;;R. DR.TIBURCIO SOARES, 43;;;;;;;;;;;

;;;;;;;;;;;;;;;;;;;;;;;;;

3105;M.L BARRETO DE OLIVEIRA;;;;OROS;;;;CE;63.520-00 ;;( 8)83584-1926;;;01.823.994/0001-09;;069879168;;;
;;;;CENTRO;;;;R. EPITACIO PESSOA, 171;;;;;;;;;;;

;;;;;;;;;;;;;;;;;;;;;;;;;

4088;MARIA DIVANILCE DE SOUZA SILVA;;;;IGUATU;;;;CE;63.500-000;;(  )     -    ;;;14.857.512/0001-83;;065876350;;;
;;;;ALTO JUCA;;;;RUA.CEL.JOSE JUCA, 59;;;;;;;;;;;

;;;;;;;;;;;;;;;;;;;;;;;;;

;;;;;;;;;;;;;;;;;;;;;;;;;

ERES Informática LTDA.;;;;;;PAG: 13;;;20/08/2026 - 09:44:21;;;025;

;;;;;;;;;;;;;;;;;;;;;;;;;
;;;;;;;;;;;;;;;;;;;;;;;;;

;;
;;;FRANCISCO LUCIANO ALVES HONORIO ME;;;;;;;
;;;Clientes por Vendedor  ;;;;;
;;

;;;;;;;;;;;;;;;;;;;;;;;;;

Código;Nome Cliente;;;;Cidade;;;;UF;CEP;;FONE;;;C.P.F./C.N.P.J;;R.G./C.G.F.;;;
Nome Fantasia;;;;Bairro;;;;Endereço;;;;;

Vendedor:;33;;CICERO FREIRE DE GUSMAO 9236-6184 / 9610-0674 ;;;;;;;;;;;;;;;;;
3876;MARIA DO SOCORRO BEZERRA SILVA;;;;VARZEA ALEGRE;;;;CE;  .   -   ;;(  )     -    ;;;   .   .   -  ;;;;;
;;;;CENTRO;;;;AV.ANTONIO ALVES DE LIMA,160, 0;;;;;;;;;;;

;;;;;;;;;;;;;;;;;;;;;;;;;

2407;MARIA GERLANE DE CARVALHO;;;;ICO;;;;CE;63.430-000;;( 8)89657-5656;;;09.310.781/0001-95;;063576317;;;
;;;;CENTRO;;;;RUA BENJAMIN CONSTANT, 297;;;;;;;;;;;

;;;;;;;;;;;;;;;;;;;;;;;;;

2441;MARIA SOCORRO GONÇALVES ROQUE SILVA ME;;;;VARZEA ALEGRE;;;;CE;63.540-000;;( 8)83541-1647;;;01.474.265/0001-94;;069789827;;;
;;;;ALTO TENENTE;;;;RUA NENEM MARINHEIRO, 850;;;;;;;;;;;

;;;;;;;;;;;;;;;;;;;;;;;;;

4353;MARLI GONCALVES ALMEIDA;;;;VARZEA ALEGRE;;;;CE;  .   -   ;;( 8)89485-7712;;;07.909.912/0001-20;;061930318;;;
EM FRENTE AO HOSPITAL;;;;CENTRO;;;;R. JOSE ALVES RIBEIRO, 384;;;;;;;;;;;

;;;;;;;;;;;;;;;;;;;;;;;;;

4043;MAURILIO BERNARDO DA SILVA;;;;CARIUS;;;;CE;63.530-000;;(  )     -    ;;;07.429.139/0001-02;;068680350;;;
;;;;CENTRO;;;;RUA DO MERCADO PUBLICO, 17;;;;;;;;;;;

;;;;;;;;;;;;;;;;;;;;;;;;;

4738;MERCADINHO CEMIK;;;;QUIXELO;;;;CE;  .   -   ;;(  )     -    ;;;   .   .   -  ;;;;;
;;;;CENTRO;;;;R. PEDRO GOMES ARAUJO, 37;;;;;;;;;;;

;;;;;;;;;;;;;;;;;;;;;;;;;

4425;MERCADINHO COELHO;;;;CEDRO;;;;CE;  .   -   ;;(  )     -    ;;;   .   .   -  ;;;;;
;;;;CENTRO;;;;R. SALUSTIANO MOURA, 543;;;;;;;;;;;

;;;;;;;;;;;;;;;;;;;;;;;;;

4660;MERCADINHO F. ALVES;;;;QUIXELO;;;;CE;  .   -   ;;(  )     -    ;;;   .   .   -  ;;;;;
;;;;CENTRO;;;;R. PEDRO GOMES ARAUJO, 76;;;;;;;;;;;

;;;;;;;;;;;;;;;;;;;;;;;;;

4634;MERCADINHO FEITOSA;;;;ACOPIARA;;;;CE;  .   -   ;;(  )     -    ;;;  .   .   /    -  ;;;;;
;;;;MOREIRA;;;;R. JOAO MOREIRA BARRO, 61;;;;;;;;;;;

;;;;;;;;;;;;;;;;;;;;;;;;;

4306;MERCADINHO JOSIMAR;;;;CEDRO;;;;CE;  .   -   ;;(  )     -    ;;;  .   .   /    -  ;;;;;
;;;;CENTRO;;;;R SALUSTIANO MOURA, 517;;;;;;;;;;;

;;;;;;;;;;;;;;;;;;;;;;;;;

3667;MERCADINHO MINI MAX;;;;VARZEA ALEGRE;;;;CE;  .   -   ;;(  )     -    ;;;542.253.103-53;;;;;
;;;;CENTRO;;;;AVENIDA ANTONIO A.LIMA, 160;;;;;;;;;;;

;;;;;;;;;;;;;;;;;;;;;;;;;

;;;;;;;;;;;;;;;;;;;;;;;;;

ERES Informática LTDA.;;;;;;PAG: 14;;;20/08/2026 - 09:44:21;;;025;

;;;;;;;;;;;;;;;;;;;;;;;;;
;;;;;;;;;;;;;;;;;;;;;;;;;

;;
;;;FRANCISCO LUCIANO ALVES HONORIO ME;;;;;;;
;;;Clientes por Vendedor  ;;;;;
;;

;;;;;;;;;;;;;;;;;;;;;;;;;

Código;Nome Cliente;;;;Cidade;;;;UF;CEP;;FONE;;;C.P.F./C.N.P.J;;R.G./C.G.F.;;;
Nome Fantasia;;;;Bairro;;;;Endereço;;;;;

Vendedor:;33;;CICERO FREIRE DE GUSMAO 9236-6184 / 9610-0674 ;;;;;;;;;;;;;;;;;
4611;MERCADINHO NOGUEIRA 1;;;;QUIXELO;;;;CE;  .   -   ;;(  )     -    ;;;   .   .   -  ;;;;;
;;;;;;;;R. RAIMUNDO NASCIMENTO, 18;;;;;;;;;;;

;;;;;;;;;;;;;;;;;;;;;;;;;

4610;MERCADINHO NOGUEIRA 2;;;;QUIXELO;;;;CE;  .   -   ;;(  )     -    ;;;   .   .   -  ;;;;;
LUCIENE;;;;;;;;R. LUIZ GOMES ARAUJO, 538;;;;;;;;;;;

;;;;;;;;;;;;;;;;;;;;;;;;;

4591;MERCADINHO NOSSA SENHORA APARECIDA;;;;LAVRAS DA MANGABEIRA;;;;CE;  .   -   ;;(  )     -    ;;;  .   .   /    -  ;;;;;
;;;;LIMA CAMPOS;;;;R. DO COMERCIO, 212;;;;;;;;;;;

;;;;;;;;;;;;;;;;;;;;;;;;;

3989;MERCADINHO NOSSA SRA.APARECIDA;;;;OROS;;;;CE;  .   -   ;;(  )     -    ;;;  .   .   /    -  ;;;;;
;;;;LIMA CAMPOS;;;;R.DO COMERCIO, 212, 0;;;;;;;;;;;

;;;;;;;;;;;;;;;;;;;;;;;;;

4811;MERCADINHO S.P SILVA;;;;QUIXELO;;;;CE;  .   -   ;;(  )     -    ;;;   .   .   -  ;;;;;
DONA CREUZA;;;;CENTRO;;;;R. PEDRO GOMES ARAUJO, 397;;;;;;;;;;;

;;;;;;;;;;;;;;;;;;;;;;;;;

3990;MERCADINHO SAO LUIS;;;;CEDRO;;;;CE;63.400-000;;(  )     -    ;;;  .   .   /    -  ;;;;;
;;;;CENTRO;;;;R.SENADOR JOAO TOME, 34;;;;;;;;;;;

;;;;;;;;;;;;;;;;;;;;;;;;;

4574;MERCANTIL ABREU;;;;QUIXELO;;;;CE;  .   -   ;;(  )     -    ;;;   .   .   -  ;;;;;
;;;;;;;;R. LUIZ GOMES ARAUJO, 267;;;;;;;;;;;

;;;;;;;;;;;;;;;;;;;;;;;;;

;;;;;;;;;;;;;;;;;;;;;;;;;

ERES Informática LTDA.;;;;;;PAG: 15;;;20/08/2026 - 09:44:21;;;025;

;;;;;;;;;;;;;;;;;;;;;;;;;
;;;;;;;;;;;;;;;;;;;;;;;;;

;;
;;;FRANCISCO LUCIANO ALVES HONORIO ME;;;;;;;
;;;Clientes por Vendedor  ;;;;;
;;

;;;;;;;;;;;;;;;;;;;;;;;;;

Código;Nome Cliente;;;;Cidade;;;;UF;CEP;;FONE;;;C.P.F./C.N.P.J;;R.G./C.G.F.;;;
Nome Fantasia;;;;Bairro;;;;Endereço;;;;;

Vendedor:;33;;CICERO FREIRE DE GUSMAO 9236-6184 / 9610-0674 ;;;;;;;;;;;;;;;;;
4700;MERCANTIL DANEIL;;;;QUIXELO;;;;CE;  .   -   ;;(  )     -    ;;;   .   .   -  ;;;;;
;;;;CENTRO;;;;R. LUIZ GOMES ARAUJO, 306;;;;;;;;;;;

;;;;;;;;;;;;;;;;;;;;;;;;;

4809;MERCANTIL ERASMO;;;;QUIXELO;;;;CE;  .   -   ;;(  )     -    ;;;   .   .   -  ;;;;;
;;;;CENTRO;;;;R. RAIMUNDO NASCIMENTO , 18;;;;;;;;;;;

;;;;;;;;;;;;;;;;;;;;;;;;;

4810;MERCANTIL ERASMO 2;;;;QUIXELO;;;;CE;  .   -   ;;(  )     -    ;;;   .   .   -  ;;;;;
;;;;CENTRO;;;;R. LUIZ GOMES DE ARAUJO, 538;;;;;;;;;;;

;;;;;;;;;;;;;;;;;;;;;;;;;

4495;MERCANTIL ESQUINAO;;;;QUIXELO;;;;CE;  .   -   ;;(  )     -    ;;;   .   .   -  ;;;;;
;;;;CENTRO;;;;TRAV. PEDRO GOMES, 23;;;;;;;;;;;

;;;;;;;;;;;;;;;;;;;;;;;;;

3877;MERCANTIL REI DO FEIJAO;;;;CEDRO;;;;CE;63.400-000;;(  )     -    ;;;   .   .   -  ;;;;;
;;;;CENTRO;;;;R.SENADOR JOAO TOME, 16;;;;;;;;;;;

;;;;;;;;;;;;;;;;;;;;;;;;;

4901;MERCANTIL SAO GERALDO;;;;OROS;;;;CE;  .   -   ;;( 8)89686-0100;;;   .   .   -  ;;;;;
PROCURAR VEREADOR DO BAIRRO;;;;SAO GERALDO;;;;R.FRANCISCO DUMONT, 257;;;;;;;;;;;

;;;;;;;;;;;;;;;;;;;;;;;;;

4578;MIGUEL FERNANDES ALMEIDA;;;;VARZEA ALEGRE;;;;CE;  .   -   ;;(  )     -    ;;;   .   .   -  ;;;;;
;;;;;;;;R. DEP. LUIZ OTACILIO, 107;;;;;;;;;;;

;;;;;;;;;;;;;;;;;;;;;;;;;

3151;NEOCLIDES GOMES DA SOUZA ME;;;;IGUATU;;;;CE;  .   -   ;;( 8)89945-0997;;;11.066.109/0001-48;;06.383.659-9;;;
NEOCLIDES;;;;CENTRO;;;;R. CEL. VIRGILIO CORREIA,45, 0;;;;;;;;;;;

;;;;;;;;;;;;;;;;;;;;;;;;;

772;NEUZA FELIX;;;;VARZEA ALEGRE;;;;CE;  .   -   ;;(  )     -    ;;;   .   .   -  ;;;;;
13 DE MAIO 36;;;;CENTRO;;;;R. DUQUE DE CAIXIAS, 74, 0;;;;;;;;;;;

;;;;;;;;;;;;;;;;;;;;;;;;;

2984;PEDRO C DA COSTA ME;;;;VARZEA ALEGRE;;;;CE;63.540-000;;( 8)83541-1840;;;07.480.413/0001-60;;06.183.434-3;;;
;;;;BETANHA;;;;VILA SAO CAETANO,141, 0;;;;;;;;;;;

;;;;;;;;;;;;;;;;;;;;;;;;;

4702;PET SHOP MELHOR AMIGO;;;;IGUATU;;;;CE;  .   -   ;;(  )     -    ;;;   .   .   -  ;;;;;
;;;;CENTRO;;;;AV. TREZE DE MAIO, 407;;;;;;;;;;;

;;;;;;;;;;;;;;;;;;;;;;;;;

;;;;;;;;;;;;;;;;;;;;;;;;;

ERES Informática LTDA.;;;;;;PAG: 16;;;20/08/2026 - 09:44:21;;;025;

;;;;;;;;;;;;;;;;;;;;;;;;;
;;;;;;;;;;;;;;;;;;;;;;;;;

;;
;;;FRANCISCO LUCIANO ALVES HONORIO ME;;;;;;;
;;;Clientes por Vendedor  ;;;;;
;;

;;;;;;;;;;;;;;;;;;;;;;;;;

Código;Nome Cliente;;;;Cidade;;;;UF;CEP;;FONE;;;C.P.F./C.N.P.J;;R.G./C.G.F.;;;
Nome Fantasia;;;;Bairro;;;;Endereço;;;;;

Vendedor:;33;;CICERO FREIRE DE GUSMAO 9236-6184 / 9610-0674 ;;;;;;;;;;;;;;;;;
4662;POUSADA RIOMA;;;;ACOPIARA;;;;CE;  .   -   ;;(  )     -    ;;;   .   .   -  ;;;;;
EM FRENE A RODOVIARIA;;;;;;;;R. PE. LEOPOLDO ROLIM, S/N, 0;;;;;;;;;;;

;;;;;;;;;;;;;;;;;;;;;;;;;

3915;PRETO;;;;ACOPIARA;;;;CE;  .   -   ;;(  )     -    ;;;  .   .   /    -  ;;;;;
;;;;CENTRO;;;;R.FRANCISCO PEREIRA SILVA, 220, 0;;;;;;;;;;;

;;;;;;;;;;;;;;;;;;;;;;;;;

2157;R.A.MARQUES PRODUTOS AGROPECUARIO ME;;;;ACOPIARA;;;;CE;63.560-000;;( 8)89961-1041;;;00.813.850/0001-09;;069612617;;;
;;;;CENTRO;;;;RUA MARECHAL DEODORO, 384;;;;;;;;;;;

;;;;;;;;;;;;;;;;;;;;;;;;;

4065;RAIMUNDO A. DOS SANTOS;;;;FARIAS BRITO;;;;CE;63.185-000;;( 8)89957-0073;;;14.108.794/0001-16;;065711661;;;
EM FRENTE CARIRI MOTOS;;;;CENTRO;;;;RUA ARACY FREITAS FRANCELINO, 55;;;;;;;;;;;

;;;;;;;;;;;;;;;;;;;;;;;;;

4329;RAIMUNDO BRITO;;;;FARIAS BRITO;;;;CE;  .   -   ;;(  )     -    ;;;   .   .   -  ;;;;;
;;;;CENTRO;;;;R. ANTONIO FERNANDES LIMA, 254;;;;;;;;;;;

;;;;;;;;;;;;;;;;;;;;;;;;;

3947;RAIMUNDO BRITO DE LIMA;;;;OROS;;;;CE;63.520-000;;( 8)89612-9622;;;01.193.843/0001-14;;069716366;;;
;;;;CENTRO;;;;R.EPITACIO PESSOA, 114;;;;;;;;;;;

;;;;;;;;;;;;;;;;;;;;;;;;;

3943;RAIMUNDO FIRMO MORAES;;;;LAVRAS DA MANGABEIRA;;;;CE;63.300-000;;( 8)89698-9453;;;322.466.763-04;;;;;
;;;;CENTRO;;;;R.SAO JOAO, 5;;;;;;;;;;;

;;;;;;;;;;;;;;;;;;;;;;;;;

4956;RAIMUNDO LEONARDO E SOUSA SILVA;;;;VARZEA ALEGRE;;;;CE;  .   -   ;;( 8)89203-9096;;;19.034.117/0001-14;;067066070;;;
;;;;VARJOTA;;;;R. MARIA AUGUSTO LIMA, , 403;;;;;;;;;;;

;;;;;;;;;;;;;;;;;;;;;;;;;

4273;RAIMUNDO REINALDO OLIVEIRA;;;;VARZEA ALEGRE;;;;CE;  .   -   ;;( 8)89955-4215;;;13.598.940/0001-76;;065608240;;;
;;;;CENTRO;;;;AV VICENTE ALVES CONSTA, 620;;;;;;;;;;;

;;;;;;;;;;;;;;;;;;;;;;;;;

4439;ROSMANIO;;;;FARIAS BRITO;;;;CE;  .   -   ;;(  )     -    ;;;   .   .   -  ;;;;;
;;;;QUINCUNCAR;;;;QUINCUNCAR, 0;;;;;;;;;;;

;;;;;;;;;;;;;;;;;;;;;;;;;

;;;;;;;;;;;;;;;;;;;;;;;;;

ERES Informática LTDA.;;;;;;PAG: 17;;;20/08/2026 - 09:44:21;;;025;

;;;;;;;;;;;;;;;;;;;;;;;;;
;;;;;;;;;;;;;;;;;;;;;;;;;;;

;;
;;;FRANCISCO LUCIANO ALVES HONORIO ME;;;;;;;
;;;Clientes por Vendedor  ;;;;;
;;

;;;;;;;;;;;;;;;;;;;;;;;;;;;

Código;Nome Cliente;;;;;;Cidade;;;;UF;CEP;;FONE;;;C.P.F./C.N.P.J;;R.G./C.G.F.;;;
Nome Fantasia;;;;;;Bairro;;;;Endereço;;;;;

Vendedor:;33;;CICERO FREIRE DE GUSMAO 9236-6184 / 9610-0674 ;;;;;;;;;;;;;;;;;;;
4493;SERTAO NOSSO;;;;;;QUIXELO;;;;CE;  .   -   ;;(  )     -    ;;;   .   .   -  ;;;;;
;;;;;;CENTRO;;;;R. PEDRO GOMES ARAUJO, 286;;;;;;;;;;;

;;;;;;;;;;;;;;;;;;;;;;;;;;;

4709;SUPER VALE;;;;;;IGUATU;;;;CE;  .   -   ;;( 8)89993-8079;;;  .   .   /    -  ;;;;;
;;;;;;CENTRO;;;;R. SANTOS DUMONT, 244;;;;;;;;;;;

;;;;;;;;;;;;;;;;;;;;;;;;;;;

3248;THAIRO DE CARVALHO CALDAS;;;;;;VARZEA ALEGRE;;;;CE;  .   -   ;;( 8)89233-8086;;;11.329.879/0001-36;;06.395.705-1;;;
;;;;;;CENTRO;;;;R.ANTONIO A.DE LIMA, 165, 0;;;;;;;;;;;

;;;;;;;;;;;;;;;;;;;;;;;;;;;

528;V. FERREIRA MARQUES;;;;;;IGUATU;;;;CE;63.500-000;;( 8)83581-1648;;;07.271.588/0001-67;;060090278;;;
HIPER MARQUES;;;;;;VENEZA;;;;AV.CARLOS ROBERTO COSTA, 328;;;;;;;;;;;

;;;;;;;;;;;;;;;;;;;;;;;;;;;

3634;VICENTE DE PAULA JACOME DE LIMA ME;;;;;;ACOPIARA;;;;CE;63.560-000;;(88) 3565-0276;;;63.395.917/0001-52;;068846223;;;
;;;;;;CENTRO;;;;R.CEL.MANOEL FERREIRA LIMA, 24, 0;;;;;;;;;;;

;;;;;;;;;;;;;;;;;;;;;;;;;;;

3940;ZEILTON BATISTA;;;;;;VARZEA ALEGRE;;;;CE;  .   -   ;;(  )     -    ;;;  .   .   /    -  ;;;;;
;;;;;;RIACHINAO;;;;R.GLICERIO GOMES, 216, 0;;;;;;;;;;;

;;;;;;;;;;;;;;;;;;;;;;;;;;;

Clientes listados Vendedor:;;;;;;;;128;;;;;;;;;;;;;;;;;;;

Vendedor:;34;;MIX / CONSTRUCAO;;;;;;;;;;;;;;;;;;;
2699;FRANCINILTON PALMEIRA DE LIMA;;;;;;JUAZEIRO DO NORTE;;;;CE;  .   -   ;;( 8)83512-1730;;;123.827.578-84;;381698476;;;
PALMEIRA;;;;;;SALESIANO;;;;R.SRA.SANTANA, 418, 0;;;;;;;;;;;

;;;;;;;;;;;;;;;;;;;;;;;;;;;

Clientes listados Vendedor:;;;;;;;;1;;;;;;;;;;;;;;;;;;;

Vendedor:;35;;WELLINGTON NUNES OLIVEIRA;;;;;;;;;;;;;;;;;;;
2700;LEONIDAS ROSENDO DA SILVA;;;;;;BARBALHA;;;;CE;63.180-000;;(88) 3532-0110;;;72.171.267/0001-52;;066784972;;;
MERCANTIL OPCAO;;;;;;CENTRO;;;;AV CEL JOAO COELHO, 207;;;;;;;;;;;

;;;;;;;;;;;;;;;;;;;;;;;;;;;

Clientes listados Vendedor:;;;;;;;;1;;;;;;;;;;;;;;;;;;;

;;;;;;;;;;;;;;;;;;;;;;;;;;;

ERES Informática LTDA.;;;;;;PAG: 18;;;20/08/2026 - 09:44:21;;;025;

;;;;;;;;;;;;;;;;;;;;;;;;;;;
;;;;;;;;;;;;;;;;;;;;;;;;;

;;
;;;FRANCISCO LUCIANO ALVES HONORIO ME;;;;;;;
;;;Clientes por Vendedor  ;;;;;
;;

;;;;;;;;;;;;;;;;;;;;;;;;;

Código;Nome Cliente;;;;Cidade;;;;UF;CEP;;FONE;;;C.P.F./C.N.P.J;;R.G./C.G.F.;;;
Nome Fantasia;;;;Bairro;;;;Endereço;;;;;

Vendedor:;39;;NORMANDI 9296-9388;;;;;;;;;;;;;;;;;
2277;ALBANIZA BATISTA NUNES FERNANDES;;;;IGUATU;;;;CE;63.500-000;;(  )     -    ;;;73.235.616/0001-15;; 069025436;;;
;;;;VILA NEUMA;;;;R.TOME DE SOUZA, 81;;;;;;;;;;;

;;;;;;;;;;;;;;;;;;;;;;;;;

2156;ANTONIO WILSON CAMPOS MERCEARIA;;;;IGUATU;;;;CE;63.500-000;;( 8)83581-7811;;;08.754.059/0001-87;;    062068520;;;
MERC.MINI PRECO;;;;VILA CENTENARIO;;;;R.JOSE CUSTODIO DA COSTA,, 0;;;;;;;;;;;

;;;;;;;;;;;;;;;;;;;;;;;;;

2144;B.PEREIRA DA SILVA OLIVEIRA;;;;IGUATU;;;;CE;63.500-000;;( 8)83581-4982;;;05.369.734/0001-66;; 066722950;;;
;;;;CENTRO;;;;R.CASIMIRO PEREIRA, 403;;;;;;;;;;;

;;;;;;;;;;;;;;;;;;;;;;;;;

2742;C. CRISTOVAM UCHOA EPP;;;;IGUATU;;;;CE;  .   -   ;;( 8)83581-4393;;;05.289.464/0001-83;;066706017;;;
;;;;VENEZA;;;;AV. MARECHAL CASTELO BRANCO 796, 0;;;;;;;;;;;

;;;;;;;;;;;;;;;;;;;;;;;;;

2724;CLIDENOR F. DE QUEIROZ ME;;;;IGUATU;;;;CE;63.500-000;;( 8)83581-3017;;;41.597.907/0001-67;;069023603;;;
;;;;CENTRO;;;;RUA PROFESSOR JOAO COELHO 21, 0;;;;;;;;;;;

;;;;;;;;;;;;;;;;;;;;;;;;;

2226;COMERCIAL DE RACOES UCHOA LTDA;;;;IGUATU;;;;CE;63.500-000;;( 8)83581-1185;;;73.277.121/0001-59;;06.083.183-9;;;
GARDENIA;;;;CENTRO;;;;R.SANTOS DUMONT, 244, 0;;;;;;;;;;;

;;;;;;;;;;;;;;;;;;;;;;;;;

2641;ELIAS CORDEIRO DA SILVA;;;;IGUATU;;;;CE;  .   -   ;;( 8)88816-2820;;;740.425.643-72;;;;;
;;;;CENTRO;;;;AV AGENOR ARAUJO 584, 0;;;;;;;;;;;

;;;;;;;;;;;;;;;;;;;;;;;;;

2692;GENEVANIA GONCALVES BEZERRA ME;;;;IGUATU;;;;CE;63.500-000;;(  )     -    ;;;08.433.482/0001-85;;062016180;;;
DANIEL;;;;VILA CENTENARIO;;;;RUA ERASMO RODOVALHO DE ALENCAR 108, 0;;;;;;;;;;;

;;;;;;;;;;;;;;;;;;;;;;;;;

2124;GILVAN ALVES DE LIMA;;;;IGUATU;;;;CE;63.500-000;;( 8)83581-4039;;;04.867.413/0001-29;;  063200260;;;
;;;;COCOBO;;;;R.LOURIVAL CORREIA PINHO, 536;;;;;;;;;;;

;;;;;;;;;;;;;;;;;;;;;;;;;

1243;J. CRISTOVAN FILHO;;;;IGUATU;;;;CE;63.500-000;;( 8)83581-1534;;;04.459.331/0001-45;;063106965;;;
MERC.CRISTOVAN 1;;;;CENTRO;;;;RUA DEOCLECIANO BEZERRA, 447;;;;;;;;;;;

;;;;;;;;;;;;;;;;;;;;;;;;;

2329;JOSE AIRTON BARBOSA ME;;;;IGUATU;;;;CE;63.500-000;;( 8)89229-6680;;;01.958.884/0001-54;;069897000;;;
;;;;BARRO ALTO;;;;R. ANTONIO ALVES PEREIRA, 105;;;;;;;;;;;

;;;;;;;;;;;;;;;;;;;;;;;;;

;;;;;;;;;;;;;;;;;;;;;;;;;

ERES Informática LTDA.;;;;;;PAG: 19;;;20/08/2026 - 09:44:21;;;025;

;;;;;;;;;;;;;;;;;;;;;;;;;
;;;;;;;;;;;;;;;;;;;;;;;;;;;

;;
;;;FRANCISCO LUCIANO ALVES HONORIO ME;;;;;;;
;;;Clientes por Vendedor  ;;;;;
;;

;;;;;;;;;;;;;;;;;;;;;;;;;;;

Código;Nome Cliente;;;;;;Cidade;;;;UF;CEP;;FONE;;;C.P.F./C.N.P.J;;R.G./C.G.F.;;;
Nome Fantasia;;;;;;Bairro;;;;Endereço;;;;;

2494;LUCIENE ARAUJO UCHOA;;;;;;IGUATU;;;;CE;63.500-000;;( 8)83581-1142;;;04.456.506/0001-60;;063104954;;;
MERCANTIL SRA.SANTANA;;;;;;CENTRO;;;;R.DEOCLECIANO BEZERRA, 615;;;;;;;;;;;

;;;;;;;;;;;;;;;;;;;;;;;;;;;

2623;MARIA PEREIRA DA SILVA;;;;;;IGUATU;;;;CE;  .   -   ;;(  )     -    ;;;10.370.866/0001-48;;063693801;;;
;;;;;;;;;;AV MARECHAL CASTELO BRANCO 568, 0;;;;;;;;;;;

;;;;;;;;;;;;;;;;;;;;;;;;;;;

Clientes listados Vendedor:;;;;;;;;13;;;;;;;;;;;;;;;;;;;

Vendedor:;46;;JOAO BATISTA 9966 8735;;;;;;;;;;;;;;;;;;;
2314;ANTONIO ALVES DE SOUSA AGROPECUARIOS ME;;;;;;TARRAFAS;;;;CE;63.145-000;;( 8)83549-1075;;;05.056.875/0001-29;;066679850;;;
;;;;;;CENTRO;;;;R.BOA VISTA,, 295;;;;;;;;;;;

;;;;;;;;;;;;;;;;;;;;;;;;;;;

2285;LUIZ MACEDO SARAIVA;;;;;;JUAZEIRO DO NORTE;;;;CE;  .   -   ;;(  )     -    ;;;171.912.623-20;;337456 SSP;;;
;;;;;;PIO XII;;;;R. FREI IBIAPINA, 174, 0;;;;;;;;;;;

;;;;;;;;;;;;;;;;;;;;;;;;;;;

776;PEDRO GOMES PINHEIRO;;;;;;JUAZEIRO DO NORTE;;;;CE;63.040-270;;( 8)8 571-2662;;;07.786.932/0001-50;; 060169680;;;
SIRIGADO;;;;;;LAGOA SECA;;;;R. ARNOBIO BACELAR CANECA, 820;;;;;;;;;;;

;;;;;;;;;;;;;;;;;;;;;;;;;;;

Clientes listados Vendedor:;;;;;;;;3;;;;;;;;;;;;;;;;;;;

;;;;;;;;;;;;;;;;;;;;;;;;;;;

ERES Informática LTDA.;;;;;;PAG: 20;;;20/08/2026 - 09:44:21;;;025;

;;;;;;;;;;;;;;;;;;;;;;;;;;;
;;;;;;;;;;;;;;;;;;;;;;;;;;;

;;
;;;FRANCISCO LUCIANO ALVES HONORIO ME;;;;;;;
;;;Clientes por Vendedor  ;;;;;
;;

;;;;;;;;;;;;;;;;;;;;;;;;;;;

Código;Nome Cliente;;;;;;Cidade;;;;UF;CEP;;FONE;;;C.P.F./C.N.P.J;;R.G./C.G.F.;;;
Nome Fantasia;;;;;;Bairro;;;;Endereço;;;;;

Vendedor:;2783;;ROLDAO NETO 9968 3007;;;;;;;;;;;;;;;;;;;
2887;ANTONIA LUZIA MARQUES;;;;;;MOMBACA;;;;CE;  .   -   ;;( 8)83583-1022;;;08.028.933/0001-07;;061947032;;;
;;;;;;CENTRO;;;;RUA JAIME BENEVIDES 30, 0;;;;;;;;;;;

;;;;;;;;;;;;;;;;;;;;;;;;;;;

2899;ANTONIO JADER CORREIA;;;;;;MOMBACA;;;;CE;  .   -   ;;(  )     -    ;;;11.748.118/0001-19;;060388919;;;
;;;;;;CENTRO;;;;RUA JAIME BENEVIDES 108, 0;;;;;;;;;;;

;;;;;;;;;;;;;;;;;;;;;;;;;;;

2856;F.V OLIVEIRA NOGUEIRA ME;;;;;;SENADOR POMPEU;;;;CE;  .   -   ;;(  )     -    ;;;08.107.174/0001-60;;061968072;;;
;;;;;;CENTRO;;;;RUA FRANCO MAGALHAES 197, 0;;;;;;;;;;;

;;;;;;;;;;;;;;;;;;;;;;;;;;;

2844;JOSE BARBOSA DA SILVA ALIMENTO;;;;;;SENADOR POMPEU;;;;CE;  .   -   ;;( 8)83449-0493;;;11.721.859/0001-06;;060404035;;;
;;;;;;CENTRO;;;;RUA MARCIONILIO GOMES FREITAS 75, 0;;;;;;;;;;;

;;;;;;;;;;;;;;;;;;;;;;;;;;;

2885;LEANDRO VIEIRA DA SILVA;;;;;;PIQUET CARNEIRO;;;;CE;  .   -   ;;( 8)88845-1656;;;09.131.774/0001-26;;062159089;;;
;;;;;;CENTRO;;;;RUA JOAQUIM RODRIGUES DE PAULA 23, 0;;;;;;;;;;;

;;;;;;;;;;;;;;;;;;;;;;;;;;;

2884;MARIA EVANIZETE PEDROZA DE ALCANTARA;;;;;;MOMBACA;;;;CE;  .   -   ;;( 8)89902-3866;;;41.430.547/0001-04;;068735448;;;
;;;;;;;;;;RUA JAIME BENEVIDES 340, 0;;;;;;;;;;;

;;;;;;;;;;;;;;;;;;;;;;;;;;;

2853;SANDOVAL ARAUJO DO NASCIMENTO ME;;;;;;MOMBACA;;;;CE;  .   -   ;;( 8)83583-1978;;;01.286.015/0001-20;;069745595;;;
;;;;;;CENTRO;;;;RUA AUGUSTO VIEIRA 160, 0;;;;;;;;;;;

;;;;;;;;;;;;;;;;;;;;;;;;;;;

Clientes listados Vendedor:;;;;;;;;7;;;;;;;;;;;;;;;;;;;

Vendedor:;2929;;FLAVIO 8825 0354;;;;;;;;;;;;;;;;;;;
1271;ANTONIO JOAQUIM DA SILVA NETO;;;;;;JUAZEIRO DO NORTE;;;;CE;63.010-000;;( 8)83511-1389;;;23.472.624/0001-07;;06.022.289-1;;;
ANTONIO AURORA;;;;;;CENTRO;;;;R. SAO PAULO,472, 0;;;;;;;;;;;

;;;;;;;;;;;;;;;;;;;;;;;;;;;

Clientes listados Vendedor:;;;;;;;;1;;;;;;;;;;;;;;;;;;;

;;;;;;;;;;;;;;;;;;;;;;;;;;;

ERES Informática LTDA.;;;;;;PAG: 21;;;20/08/2026 - 09:44:21;;;025;

;;;;;;;;;;;;;;;;;;;;;;;;;;;
;;;;;;;;;;;;;;;;;;;;;;;;;

;;
;;;FRANCISCO LUCIANO ALVES HONORIO ME;;;;;;;
;;;Clientes por Vendedor  ;;;;;
;;

;;;;;;;;;;;;;;;;;;;;;;;;;

Código;Nome Cliente;;;;Cidade;;;;UF;CEP;;FONE;;;C.P.F./C.N.P.J;;R.G./C.G.F.;;;
Nome Fantasia;;;;Bairro;;;;Endereço;;;;;

Vendedor:;2975;;GERALDO FARIAS BERNARDO;;;;;;;;;;;;;;;;;
3037;ALEXANDRA FIGUEIREDO LIMEIRA;;;;JUAZEIRO DO NORTE;;;;CE;  .   -   ;;( 8)88804-9350;;;09.181.251/0001-94;;062167553;;;
;;;;SALESIANO;;;;AV. PAULO MAIA 422, 0;;;;;;;;;;;

;;;;;;;;;;;;;;;;;;;;;;;;;

347;ALVES E ALVES;;;;BREJO SANTO;;;;CE;63.260-000;;( 8)8 531-0318;;;06.562.375/0001-21;;068370539;;;
ALVES;;;;CENTRO;;;;R. MARIA BAR, 8;;;;;;;;;;;

;;;;;;;;;;;;;;;;;;;;;;;;;

1649;ANTONIO FERREIRA LIMA;;;;JUAZEIRO DO NORTE;;;;CE;  .   -   ;;(  )     -    ;;;  .   .   /    -  ;;;;;
PRQ.S.GERALDO;;;;PRQ.S.GERALDO;;;;AV.HUMBERTO BEZERRA,, 0;;;;;;;;;;;

;;;;;;;;;;;;;;;;;;;;;;;;;

3357;ANTONIO GEOVANI DE OLIVEIRA;;;;BREJO SANTO;;;;CE;63.260-000;;( 8)89959-0762;;;523.943.443-34;;;;;
JOSEFA ;;;;SAO FRANCISCO;;;;R. VER. LOURENCO GOMES, 726, 0;;;;;;;;;;;

;;;;;;;;;;;;;;;;;;;;;;;;;

1196;ANTONIO RICART GONCALVES;;;;JUAZEIRO DO NORTE;;;;CE;  .   -   ;;( 8)83571-5079;;;03.571.703/0001-68;;06.948.159-8;;;
RICART;;;;PIRAJA;;;;AV.CASTELO BRANCO,1640, 0;;;;;;;;;;;

;;;;;;;;;;;;;;;;;;;;;;;;;

3572;AUGUSTO DOS SANTOS ;;;;BREJO SANTO;;;;CE;63.260-000;;( 8)89631-7183;;;030.844.204--08;;;;;
JUNIOR;;;;RENE LUCENA;;;;R. OLINDINA LACERDA CAVALCANTE, 872, 0;;;;;;;;;;;

;;;;;;;;;;;;;;;;;;;;;;;;;

4703;CICERO MACEDO PITA EPP;;;;BREJO SANTO;;;;CE;63.260-000;;( 8)89657-5665;;;06.277.930/0001-73;;066922291;;;
;;;;SAO FRANCISCO;;;;R. GENESIO RICARTE, 22;;;;;;;;;;;

;;;;;;;;;;;;;;;;;;;;;;;;;

800;CICERO ROBERTO FERREIRA;;;;BREJO SANTO;;;;CE;  .   -   ;;( 8)89906-5712;;;944.037.593-00;;3276298-98;;;
;;;;RENE LUCENA;;;;RUA JOSE AMARO NETO, 269;;;;;;;;;;;

;;;;;;;;;;;;;;;;;;;;;;;;;

3910;DAMIANA TAVARES DOS SANTOS;;;;BREJO SANTO;;;;CE;63.260-000;;( 8)83531-2079;;;619.619.813-00;;;;;
;;;;TABOQUEIRA;;;;R THIAGO INACIO, 302;;;;;;;;;;;

;;;;;;;;;;;;;;;;;;;;;;;;;

;;;;;;;;;;;;;;;;;;;;;;;;;

ERES Informática LTDA.;;;;;;PAG: 22;;;20/08/2026 - 09:44:21;;;025;

;;;;;;;;;;;;;;;;;;;;;;;;;
;;;;;;;;;;;;;;;;;;;;;;;;

;;
;;;FRANCISCO LUCIANO ALVES HONORIO ME;;;;;;;
;;;Clientes por Vendedor  ;;;;;
;;

;;;;;;;;;;;;;;;;;;;;;;;;

Código;Nome Cliente;;;Cidade;;;;UF;CEP;;FONE;;;C.P.F./C.N.P.J;;R.G./C.G.F.;;;
Nome Fantasia;;;Bairro;;;;Endereço;;;;;

4625;DAVID RUFINO INACIO;;;BREJO SANTO;;;;CE;63.260-000;;( 8)83531-0338;;;057.857.283-46;;;;;
;;;CENTRO;;;;R. MANOEL LEITE, 733;;;;;;;;;;;

;;;;;;;;;;;;;;;;;;;;;;;;

224;EDMILSON BEZERRA DE MOURA;;;JARDIM;;;;CE;63.290-000;;(88) 3555-1481;;;03.168.984/0001-02;;06280844-3;;;
;;;CENTRO;;;;R. VEREADOR MIGUEL PAULO, 1625;;;;;;;;;;;

;;;;;;;;;;;;;;;;;;;;;;;;

1193;F.R DA SILVA CEREAIS;;;BREJO SANTO;;;;CE;63.260-000;;(  )     -  88;;;00.775.281/0001-54;;060630000;;;
;;;CENTRO;;;;AV.JOAO INACIO DE LUCENA, 143;;;;;;;;;;;

;;;;;;;;;;;;;;;;;;;;;;;;

4080;FERNANDO RICARDO ALMEIDA DA SILVA;;;CEDRO;;;;PE;  .   -   ;;(  )     -    ;;;945.570.988-00;;;;;
RICARDO/VANIA;;;;;;;R.PROF.MANOEL JOAQUIM LEITE, 38, 0;;;;;;;;;;;

;;;;;;;;;;;;;;;;;;;;;;;;

2376;GERALDO ANTONIO MARCELINO;;;BREJO SANTO;;;;CE;63.260-000;;( 8)89903-7095;;;08.695.745/0001-24;;062059980;;;
;;;ALTO BELA VISTA;;;;RUA MANOEL TOINHO, 76;;;;;;;;;;;

;;;;;;;;;;;;;;;;;;;;;;;;

3385;GILBERTO PEREIRA DOS SANTOS;;;BREJO SANTO;;;;CE;63.260-000;;(  )     -    ;;;440.487.693-91;;;;;
;;;SAO FRANCISCO;;;;RUA MANOEL INACIO BEZERRA, 697;;;;;;;;;;;

;;;;;;;;;;;;;;;;;;;;;;;;

3476;JOAO PEDRO DOS SANTOS;;;BREJO SANTO;;;;CE;  .   -   ;;(  )     -    ;;;11.215.091/0001-07;;06.385.774-0;;;
;;;CENTRO;;;;R. PEDRO PEREIRA, S/N, 0;;;;;;;;;;;

;;;;;;;;;;;;;;;;;;;;;;;;

6174;M DE FATIMA MARTINS CARDOSO;;;BREJO SANTO;;;;CE;63.260-000;;(  )99638-3448;;;575.462.743-20;;;;;
PET SHOP LUZ DO CAMPO;;;BAIRRO SÃO FRANCISCO ;;;;RUA TIBURTINO INÁCIO, 73;;;;;;;;;;;

;;;;;;;;;;;;;;;;;;;;;;;;

3402;MARIA DA GLORIA N.DOS SANTOS;;;BREJO SANTO;;;;CE;63.260-000;;( 8)89917-8938;;;258.840.342-53;;;;;
;;;BELA VISTA;;;;R. MANOEL ANTONIO CABRAL, 61;;;;;;;;;;;

;;;;;;;;;;;;;;;;;;;;;;;;

1090;MARIA DO SOCORRO F.S. GONCALVES;;;BREJO SANTO;;;;CE;63.260-000;;( 8)89612-4951;;;00.367.282/0001-60;;069448752;;;
;;;CENTRO;;;;RUA NAPOLEAO ARAUJO LIMA, 217;;;;;;;;;;;

;;;;;;;;;;;;;;;;;;;;;;;;

3123;MAURICIO PEREIRA ARARUNA FILHO ME;;;BREJO SANTO;;;;CE;63.260-000;;(88) 9944-7780;;;10.312.747/0001-39;;063672529;;;
;;;CENTRO;;;;AVENIDA JOAO INACIO DE LUCENA, 986;;;;;;;;;;;

;;;;;;;;;;;;;;;;;;;;;;;;

4020;MERCADINHO BELO;;;BREJO SANTO;;;;CE;  .   -   ;;(  )     -    ;;;   .   .   -  ;;;;;
;;;CENTRO;;;;R. THIAGO INACIO, 302, 0;;;;;;;;;;;

;;;;;;;;;;;;;;;;;;;;;;;;

;;;;;;;;;;;;;;;;;;;;;;;;

ERES Informática LTDA.;;;;;PAG: 23;;;20/08/2026 - 09:44:21;;;025;

;;;;;;;;;;;;;;;;;;;;;;;;
;;;;;;;;;;;;;;;;;;;;;;;;;;

;;
;;;FRANCISCO LUCIANO ALVES HONORIO ME;;;;;;;
;;;Clientes por Vendedor  ;;;;;
;;

;;;;;;;;;;;;;;;;;;;;;;;;;;

Código;Nome Cliente;;;;;Cidade;;;;UF;CEP;;FONE;;;C.P.F./C.N.P.J;;R.G./C.G.F.;;;
Nome Fantasia;;;;;Bairro;;;;Endereço;;;;;

3614;NALDINHO;;;;;JUAZEIRO DO NORTE;;;;CE;  .   -   ;;( 8)89925-7223;;;   .   .   -  ;;;;;
;;;;;PARQUE ECOLOGICO;;;;R. DOS UNIVERSITARIOS, 120, 0;;;;;;;;;;;

;;;;;;;;;;;;;;;;;;;;;;;;;;

860;RUY EUDES NOVAES DE SA;;;;;BREJO SANTO;;;;CE;63.260-000;;( 8)8 531-0100;;;41.445.859/0001-91;;068737807;;;
;;;;;CENTRO;;;;RUA MANOEL LEITE MOURA, 931;;;;;;;;;;;

;;;;;;;;;;;;;;;;;;;;;;;;;;

3506;SIMONE DOS SANTOS FELIX;;;;;BREJO SANTO;;;;CE;63.260-000;;( 8)89901-0729;;;022.953.143-13;;;;;
;;;;;RENE LUCENA;;;;AVENIDA JOSE AMARO NEVES, 365;;;;;;;;;;;

;;;;;;;;;;;;;;;;;;;;;;;;;;

3851;TATA;;;;;BREJO SANTO;;;;CE;  .   -   ;;(  )     -    ;;;  .   .   /    -  ;;;;;
;;;;;;;;;R.JOAQUIM NICODEMOS, 81, 0;;;;;;;;;;;

;;;;;;;;;;;;;;;;;;;;;;;;;;

Clientes listados Vendedor:;;;;;;;25;;;;;;;;;;;;;;;;;;;

;;;;;;;;;;;;;;;;;;;;;;;;;;

ERES Informática LTDA.;;;;;PAG: 24;;;20/08/2026 - 09:44:21;;;025;

;;;;;;;;;;;;;;;;;;;;;;;;;;
;;;;;;;;;;;;;;;;;;;;;;;;;

;;
;;;FRANCISCO LUCIANO ALVES HONORIO ME;;;;;;;
;;;Clientes por Vendedor  ;;;;;
;;

;;;;;;;;;;;;;;;;;;;;;;;;;

Código;Nome Cliente;;;;Cidade;;;;UF;CEP;;FONE;;;C.P.F./C.N.P.J;;R.G./C.G.F.;;;
Nome Fantasia;;;;Bairro;;;;Endereço;;;;;

Vendedor:;3066;;CICERO SANDRO FEITOSA;;;;;;;;;;;;;;;;;
8108; TEREZINHA PINHEIRO DANTAS;;;;VARZEA ALEGRE;;;;CE;63.540-000;;(88)99610-0073;;;65.221.981/0001-42;;073164488;;;
AGROPET;;;;CENTRO;;;; R SAO RAIMUNDO, 32;;;;;;;;;;;

;;;;;;;;;;;;;;;;;;;;;;;;;

8198;55.837.663 CICERO EDIVAL BALDUINO DOS SANTOS;;;;JUAZEIRO DO NORTE;;;;CE;63.040-780;;(  ) 8140-9834;;;55.837.663/0001-57;;072003928;;;
CASA DE RACAO ;;;;TRIANGULO;;;;RUA JOAQUIM FIGUEIREDO, 658;;;;;;;;;;;

;;;;;;;;;;;;;;;;;;;;;;;;;

8157;61.590.323 CICERO GABRIEL GOMES DOS SANTOS;;;;JUAZEIRO DO NORTE;;;;CE;63.050-020;;(  ) 9626-6825;;;61.590.323/0001-77;;;;;
CICERO DIS PASSARIS;;;;CENTRO;;;;RUA PIO X, 842;;;;;;;;;;;

;;;;;;;;;;;;;;;;;;;;;;;;;

8172;64.506.276 ANTONIO ARTHUR DE FREITAS MAXIMO;;;;VARZEA ALEGRE;;;;CE;63.540-000;;(  ) 8156-5911;;;64.506.276/0001-29;;076068675;;;
CASA DE RACAO ;;;;RIACHO VERDE;;;;1O ALTO ALTO SANTA ISABEL, 0;;;;;;;;;;;

;;;;;;;;;;;;;;;;;;;;;;;;;

8150;64.977.434 LAYSA SANTOS FERREIRA;;;;JUAZEIRO DO NORTE;;;;CE;63.038-130;;(  ) 9765-0474;;;64.977.434/0001-29;;;;;
PONTO DA RACAO 2;;;;PROFESSORA MARIA GELI SA BARRETO;;;;RUA JOAO ROMAO DE SA BARRETO, 55;;;;;;;;;;;

;;;;;;;;;;;;;;;;;;;;;;;;;

8200;66.085.045 LUISMAR CADEIRA DO PRADO;;;;JUAZEIRO DO NORTE;;;;CE;63.046-515;;(  ) 8212-6153;;;66.085.045/0001-14;;73268933;;;
GOLD PET;;;;JARDIM GONZAGA;;;;AVENIDA ANA SARAIVA DE MENEZES, 413;;;;;;;;;;;

;;;;;;;;;;;;;;;;;;;;;;;;;

8114;A. DE OLIVEIRA BEZERRA;;;;VARZEA ALEGRE;;;;CE;63.540-000;;(  ) 8164-1603;;;58.549.174/0001-98;;072309687;;;
CASA DE RACOES;;;;CENTRO;;;;RUA PADRE JOSE ALVES, 57;;;;;;;;;;;

;;;;;;;;;;;;;;;;;;;;;;;;;

377;A.C.R. COMERCIAL;;;;JUAZEIRO DO NORTE;;;;CE;  .   -   ;;( 8)8 512-1555;;;04.493.040/0001-73;;06.311.767-3;;;
CLEBER;;;;PIRAJA;;;;R. CEL. FAUSTO GUIMARAES, 131;;;;;;;;;;;

;;;;;;;;;;;;;;;;;;;;;;;;;

3789;A.L .DE SOUSA FREITAS VARIEDADES;;;;JUAZEIRO DO NORTE;;;;CE;63.044-090;;(88) 8816-9667;;;14.157.821/0001-40;;06.572.923-4;;;
M FREITAS VARIEDADES;;;;FREI DAMIAO;;;;R. MANOEL  TAVARES LOPES, 1025;;;;;;;;;;;

;;;;;;;;;;;;;;;;;;;;;;;;;

7983;ABS SERVICOS VETERINARIOS E PETSHOP LTDA.;;;;JUAZEIRO DO NORTE;;;;CE;63.040-540;;(  ) 9739-9647;;;43.876.800/0001-83;;;;;
PADARIA PET;;;;LAGOA SECA;;;;AV GOVERNADOR PLACIDO ADERALDO CASTELO, 478;;;;;;;;;;;

;;;;;;;;;;;;;;;;;;;;;;;;;

8132;ADRIANA OLIVEIRA MACHDO;;;;JUAZEIRO DO NORTE;;;;CE;63.010-000;;(  ) 8804-3070;;;44.967.888/0001-01;;070515689;;;
CASA DO PEIXE;;;;CENTRO;;;;RUA SAO PAULO, 1027;;;;;;;;;;;

;;;;;;;;;;;;;;;;;;;;;;;;;

;;;;;;;;;;;;;;;;;;;;;;;;;

ERES Informática LTDA.;;;;;;PAG: 25;;;20/08/2026 - 09:44:21;;;025;

;;;;;;;;;;;;;;;;;;;;;;;;;
;;;;;;;;;;;;;;;;;;;;;;;;

;;
;;;FRANCISCO LUCIANO ALVES HONORIO ME;;;;;;;
;;;Clientes por Vendedor  ;;;;;
;;

;;;;;;;;;;;;;;;;;;;;;;;;

Código;Nome Cliente;;;Cidade;;;;UF;CEP;;FONE;;;C.P.F./C.N.P.J;;R.G./C.G.F.;;;
Nome Fantasia;;;Bairro;;;;Endereço;;;;;

7935;AGROMAIS COMERCIO DE PRODUTOS AGROPECUARIOS LTDA;;;JUAZEIRO DO NORTE;;;;CE;63.031-185;;(  ) 9805-1264;;;46.335.396/0001-29;;;;;
MAIS RACOES;;;TIRADENTES;;;;AVENIDA RADIALISTA COELHO ALVES, 911;;;;;;;;;;;

;;;;;;;;;;;;;;;;;;;;;;;;

2978;AGROPET LTDA ME;;;JUAZEIRO DO NORTE;;;;CE;63.030-200;;(  )98838-0834;;;10.642.964/0001-97;;063748398;;;
AGROPET LTDA;;;PIRAJA;;;;AV. CASTELO BRANCO , 521;;;;;;;;;;;

;;;;;;;;;;;;;;;;;;;;;;;;

3777;AILE FREITAS DE SOUZA;;;JUAZEIRO DO NORTE;;;;CE;63.043-610;;(88) 3571-1178;;;729.221.093-72;;;;;
MERCANTIL ESQUINAO;;;FREI DAMIAO;;;;R. JOAQUIM ALEXANDRE DE SOUZA, 64;;;;;;;;;;;

;;;;;;;;;;;;;;;;;;;;;;;;

3986;AILTON;;;FARIAS BRITO;;;;CE;  .   -   ;;(  )     -    ;;;  .   .   /    -  ;;;;;
;;;CENTRO;;;;R. ANTONIO FERNANDES LIMA, 163;;;;;;;;;;;

;;;;;;;;;;;;;;;;;;;;;;;;

7443;ALPHA VET CARIRI PRODUTOS VETERINARIOS LTDA;;;JUAZEIRO DO NORTE;;;;CE;63.030-605;;(88)98877-7405;;;50.422.811/0001-59;;071336168;;;
ALPHA VET CARIRI;;;NOVO JUAZEIRO;;;;AV PRESIDENTE CASTELO BRANCO, 4325;;;;;;;;;;;

;;;;;;;;;;;;;;;;;;;;;;;;

5641;ALTEMAR DE SOUZA LOURO;;;JUAZEIRO DO NORTE;;;;CE;63.043-180;;(  )98875-1340;;;23.967.058/0001-04;;064817822;;;
MERCADINHO DO ALTEMAR;;;FREI DAMIAO;;;;R.ESTUDANTE JOSE DOS SANTOS LOPES, 91;;;;;;;;;;;

;;;;;;;;;;;;;;;;;;;;;;;;

4270;ALVES & BEZERRA SUPERMERCADO LTDA;;;JUAZEIRO DO NORTE;;;;CE;63.010-455;;(  )     -    ;;;15.483.714/0001-75;;066032601;;;
MERCANTIL DA HORA;;;VILA FATIMA;;;;AV CARLOS CRUZ, 2430;;;;;;;;;;;

;;;;;;;;;;;;;;;;;;;;;;;;

7382;ANA CARULINNY CRUZ LACERDA DOS SANTOS;;;JUAZEIRO DO NORTE;;;;CE;60.030-441;;(  )99203-5360;;;45.928.023/0001-07;;070553718;;;
CARULINNY;;;NOVO JUAZEIRO ;;;;AV ANTONIO SALES, 308;;;;;;;;;;;

;;;;;;;;;;;;;;;;;;;;;;;;

7927;ANA LAYS OLIVEIRA GONCALVES;;;JUAZEIRO DO NORTE;;;;CE;63.024-320;;(88) 9971-1109;;;55.468.796/0001-01;;071953728;;;
;;;SAO JOSE;;;;TRAVESSA CICERO GONCALVES, 503;;;;;;;;;;;

;;;;;;;;;;;;;;;;;;;;;;;;

8053;ANACLETON BEZERRA MORAES;;;VARZEA ALEGRE;;;;CE;  .603-100;;(  ) 9927-2898;;;008.511.348-40;;;;;
ANACLETO ;;;SANHAROL;;;;RUA JOSE RAIMUNDO DE MORAES, 135;;;;;;;;;;;

;;;;;;;;;;;;;;;;;;;;;;;;

302;ANTONIO DUARTE DA SILVA;;;JUAZEIRO DO NORTE;;;;CE;63.018-030;;(  )     -    ;;;223.633.273-49;;;;;
DUARTE;;;AEROPORTO;;;;RUA FRANCISCA PEREIRA LOPES, 1058;;;;;;;;;;;

;;;;;;;;;;;;;;;;;;;;;;;;

;;;;;;;;;;;;;;;;;;;;;;;;

ERES Informática LTDA.;;;;;PAG: 26;;;20/08/2026 - 09:44:21;;;025;

;;;;;;;;;;;;;;;;;;;;;;;;
;;;;;;;;;;;;;;;;;;;;;;;;

;;
;;;FRANCISCO LUCIANO ALVES HONORIO ME;;;;;;;
;;;Clientes por Vendedor  ;;;;;
;;

;;;;;;;;;;;;;;;;;;;;;;;;

Código;Nome Cliente;;;Cidade;;;;UF;CEP;;FONE;;;C.P.F./C.N.P.J;;R.G./C.G.F.;;;
Nome Fantasia;;;Bairro;;;;Endereço;;;;;

572;ANTONIO GONCALVES DA SILVA- MICROEMPRESA;;;FARIAS BRITO;;;;CE;63.130-000;;(  )99933-9710;;;000.219.788-08;;060202777;;;
CASA SANTO ANTONIO;;;CENTRO;;;;RUA JOSE LIBERALINO DUARTE, 241;;;;;;;;;;;

;;;;;;;;;;;;;;;;;;;;;;;;

6410;ANTONIO GONCALVES FEITOSA;;;FARIAS BRITO;;;;CE;63.185-000;;(  ) 9969-8071;;;013.858.698-52;;;;;
MERCADINHO FEITOSA;;;CENTRO;;;;ANTONIO FERNANDO LIMA, 254;;;;;;;;;;;

;;;;;;;;;;;;;;;;;;;;;;;;

3336;ANTONIO NILTON RODRIGUES FELIX MICROEMPRESA;;;FARIAS BRITO;;;;CE;63.185-000;;(  )     -    ;;;09.722.597/0001-52;;060203170;;;
MILTON MERCADINHO;;;CENTRO;;;; RUA ANTONIO FERNANDES LIMA, 132;;;;;;;;;;;

;;;;;;;;;;;;;;;;;;;;;;;;

390;ANTONIO VICENTE DE SALES;;;JUAZEIRO DO NORTE;;;;CE;63.020-560;;(88) 3572-1639;;;04.167.340/0001-62;;063046849;;;
ANTONIO VICENTE;;;TIMBAUBAS;;;;R. DOMINGOS SAVIO, 950;;;;;;;;;;;

;;;;;;;;;;;;;;;;;;;;;;;;

5502;ANTONIO VITAL MOTA;;;JUAZEIRO DO NORTE;;;;CE;63.022-170;;(  ) 8881-9437;;;346.647.343-87;;;;;
MERCADINHO NOSSA SENHORA APARECIDA;;;ANTONIO VIEIRA;;;;RUA JOSE CAETANO, 401;;;;;;;;;;;

;;;;;;;;;;;;;;;;;;;;;;;;

8011;ARTUR DUARTE LANDIM;;;JUAZEIRO DO NORTE;;;;CE;63.010-465;;(  ) 9950-7469;;;59.026.974/0001-97;;;;;
CASA DE RACAO ;;;SAO MIGUEL;;;;RUA DA CONCEICAO, 1031;;;;;;;;;;;

;;;;;;;;;;;;;;;;;;;;;;;;

2981;ATAILDO PEREIRA NERY ME;;;FARIAS BRITO;;;;CE;63.185-000;;(88)99612-2055;;;05.286.149/0001-00;;066712335;;;
;;;CENTRO;;;;R JOSE LIBERALINO DUARTE, 100;;;;;;;;;;;

;;;;;;;;;;;;;;;;;;;;;;;;

8169;AUROVET PRODUTOS E SERVIÇOS;;;VARZEA ALEGRE;;;;CE;63.540-000;;(88)99805-8600;;;40.830.636/0001-85;;062438441;;;
AUROVET;;;CENTRO;;;;RUA DR LEONARDO CORREIA, 113;;;;;;;;;;;

;;;;;;;;;;;;;;;;;;;;;;;;

7701;BENJAMIM TORQUATO JUNIOR NETO;;;JUAZEIRO DO NORTE;;;;CE;63.050-205;;(  ) 9957-9226;;;47.707.433/0001-45;;;;;
;;;SALESIANOS;;;;RUA DO ROSARIO - DE 189/190 AO FIM, 981;;;;;;;;;;;

;;;;;;;;;;;;;;;;;;;;;;;;

8038;CARIRI COMERCIO E TRANSPORTE;;;JUAZEIRO DO NORTE;;;;CE; 6.303-027;;(  ) 8822-3395;;;03.507.744/0001-95;;062906348;;;
NACIONAL GAS;;;JOSE GERQLDO DA CRUZ;;;;AV AILTON GOMES, 2719;;;;;;;;;;;

;;;;;;;;;;;;;;;;;;;;;;;;

8205;CARLOS ALBERTO FREITAS DA SILVA JUNIOR LTDA;;;JUAZEIRO DO NORTE;;;;CE;63.050-380;;(  ) 8199-4652;;;34.701.610/0001-34;;062384929;;;
SUPERCASH;;;SANTA TEREZA;;;;R RUI BARBOSA, 87;;;;;;;;;;;

;;;;;;;;;;;;;;;;;;;;;;;;

7832;CARLOS AUGUSTO MIRANDA DE SOUZA;;;JUAZEIRO DO NORTE;;;;CE;63.021-210;;(  ) 9352-4638;;;27.756.258/0001-79;;066505330;;;
;;;AEROPORTO;;;;RUA JOAO DIAS DE OLIVEIRA, 212;;;;;;;;;;;

;;;;;;;;;;;;;;;;;;;;;;;;

;;;;;;;;;;;;;;;;;;;;;;;;

ERES Informática LTDA.;;;;;PAG: 27;;;20/08/2026 - 09:44:21;;;025;

;;;;;;;;;;;;;;;;;;;;;;;;
;;;;;;;;;;;;;;;;;;;;;;;;

;;
;;;FRANCISCO LUCIANO ALVES HONORIO ME;;;;;;;
;;;Clientes por Vendedor  ;;;;;
;;

;;;;;;;;;;;;;;;;;;;;;;;;

Código;Nome Cliente;;;Cidade;;;;UF;CEP;;FONE;;;C.P.F./C.N.P.J;;R.G./C.G.F.;;;
Nome Fantasia;;;Bairro;;;;Endereço;;;;;

6517;CICERA GREYCE KELLY DE MORAIS CALDAS;;;VARZEA ALEGRE;;;;CE;63.540-000;;(  )99639-4443;;;32.482.445/0001-41;;067964036;;;
MERCADINHO BIE;;;CENTRO;;;;RUA ANTONIO AFONSO, 58;;;;;;;;;;;

;;;;;;;;;;;;;;;;;;;;;;;;

5221;CICERO DEUZIMAR DO NASCIMENTO;;;JUAZEIRO DO NORTE;;;;CE;63.010-125;;(88) 8807-9074;;;18.100.764/0001-14;;065105893;;;
DEUZIMAR DOPASSARINHO;;;CENTRO;;;;RUA SAO LUIZ, 165;;;;;;;;;;;

;;;;;;;;;;;;;;;;;;;;;;;;

1828;CICERO MOREIRA DA SILVA;;;JUAZEIRO DO NORTE;;;;CE;63.034-150;;(88)99925-8832;;;27.841.232/0001-29;;06.654027-5;;;
MERCIARA SAO JORGE;;;PIRAJA;;;;RUA FAUSTO GUIMARAES  , 47;;;;;;;;;;;

;;;;;;;;;;;;;;;;;;;;;;;;

6735;CLAUDEMIR LOURENCO ALVES;;;JUAZEIRO DO NORTE;;;;CE;63.034-150;;(  ) 8833-6387;;;35.448.318/0001-14;;062935151;;;
MERCADINHO BOM JESUS;;;PIRAJA;;;;R CORONEL FAUSTO GUIMARAES, 27;;;;;;;;;;;

;;;;;;;;;;;;;;;;;;;;;;;;

7819;CLINICA VETERINARIA GOMES E MODESTO LTDA;;;JUAZEIRO DO NORTE;;;;CE;63.040-680;;(  ) 9807-0957;;;31.538.778/0001-82;;067915698;;;
CLINICA HARMONYVET;;;LAGOA SECA;;;;RUA DOUTOR MARIO MALZONI, 919;;;;;;;;;;;

;;;;;;;;;;;;;;;;;;;;;;;;

7896;CLINIPET LTDA;;;JUAZEIRO DO NORTE;;;;CE;63.048-300;;(  ) 9629-8851;;;58.454.747/0001-08;;072309750;;;
CLINIPET;;;CIDADE UNIVERSITARIA;;;;R DUCA BRINGEL, 1161;;;;;;;;;;;

;;;;;;;;;;;;;;;;;;;;;;;;

7799;CLISVAN E.L.L. PET LTDA;;;JUAZEIRO DO NORTE;;;;CE;63.044-045;;(88)99720-2360;;;49.318.287/0001-91;;071151354;;;
MIMI PET SHOP;;;FREI DAMIAO;;;;RUA FRANCISCO MARTINS DE SOUZA, 606;;;;;;;;;;;

;;;;;;;;;;;;;;;;;;;;;;;;

8047;CYNTHIA LORENA DO NASCIMENTO SILVA;;;JUAZEIRO DO NORTE;;;;CE;63.020-30 ;;(88)99994-9902;;;063.782.333-81;;;;;
CRIADORA;;;FRANCISCANO;;;;RUA DOM PEDRO II, 1804;;;;;;;;;;;

;;;;;;;;;;;;;;;;;;;;;;;;

6026;DAIANA DA SILVA SANTOS;;;JUAZEIRO DO NORTE;;;;CE;63.020-264;;(  )     -    ;;;29.099.353/0001-72;;067375170;;;
CASA DOS PASSAROS;;;PIO XII;;;;AVENIDA PREFEITO CARLOS CRUZ, 2418;;;;;;;;;;;

;;;;;;;;;;;;;;;;;;;;;;;;

7262;DEBORAH F. SAMPAIO;;;JUAZEIRO DO NORTE;;;;CE;63.050-292;;(88)99298-0183;;;30.899.225/0001-92;;067697356;;;
SERTAO PET;;;SALESIANOS;;;;AVENIDA PADRE CICERO, 1910;;;;;;;;;;;

;;;;;;;;;;;;;;;;;;;;;;;;

7827;DTS DE LIMA LTDA;;;JUAZEIRO DO NORTE;;;;CE;63.010-125;;(  ) 9255-8783;;;40.051.524/0001-26;;061287237;;;
BEM + RACAO;;;CENTRO;;;;RUA SAO LUIZ, 181;;;;;;;;;;;

;;;;;;;;;;;;;;;;;;;;;;;;

1183;EDNARDO DA SILVA CRUZ;;;JUAZEIRO DO NORTE;;;;CE;63.010-300;;(88)99223-5384;;;07.889.607/0001-13;;061960454;;;
MOAGEIRA BRASIL;;;CENTRO;;;;R. ALENCAR PEIXOTO, 309;;;;;;;;;;;

;;;;;;;;;;;;;;;;;;;;;;;;

;;;;;;;;;;;;;;;;;;;;;;;;

ERES Informática LTDA.;;;;;PAG: 28;;;20/08/2026 - 09:44:21;;;025;

;;;;;;;;;;;;;;;;;;;;;;;;
;;;;;;;;;;;;;;;;;;;;;;;;

;;
;;;FRANCISCO LUCIANO ALVES HONORIO ME;;;;;;;
;;;Clientes por Vendedor  ;;;;;
;;

;;;;;;;;;;;;;;;;;;;;;;;;

Código;Nome Cliente;;;Cidade;;;;UF;CEP;;FONE;;;C.P.F./C.N.P.J;;R.G./C.G.F.;;;
Nome Fantasia;;;Bairro;;;;Endereço;;;;;

5282;EVARISTO DE SOUZA GUEDES ME;;;VARZEA ALEGRE;;;;CE;63.540-000;;(88) 9260-5640;;;01.169.500/0001-14;;069709530;;;
;;;PATOS;;;;AVENIDA PORTUGAL, 246;;;;;;;;;;;

;;;;;;;;;;;;;;;;;;;;;;;;

434;EVILASIO ANISIO DE SOUZA;;;JUAZEIRO DO NORTE;;;;CE;63.040-795;;(88) 3571-1539;;;73.830.002/0001-81;;069228361;;;
MERCANTIL EVILASIO;;;TRIANGULO;;;;RUA JOSE BERNARDO SILVA, 764;;;;;;;;;;;

;;;;;;;;;;;;;;;;;;;;;;;;

8211;FLAVIANA DE MORAIS & CIA LTDA;;;JUAZEIRO DO NORTE;;;;CE;63.050-100;;(  ) 9720-9567;;;49.870.969/0001-02;;071236449;;;
FLAVIANA PRODUTOS E SERVICOS VETERINARIOS;;;SALESIANOS;;;;RUA CORONEL ANTONIO PEREIRA, 146;;;;;;;;;;;

;;;;;;;;;;;;;;;;;;;;;;;;

2010;FRANCISCA GERLANE BARBOSA GOMES;;;JUAZEIRO DO NORTE;;;;CE;63.033-010;;(88) 3572-2240;;;25.167.998/0001-44;;065346416;;;
CASA DE RAÇÃO SÃO FRANCISCO;;;NOVO JUAZEIRO;;;;AVENIDA CASTELO BRANCO, 3659;;;;;;;;;;;

;;;;;;;;;;;;;;;;;;;;;;;;

7434;FRANCISCO ANTONIO DE ABREU LIMA;;;JUAZEIRO DO NORTE;;;;CE;63.010-125;;(88)99255-8783;;;031.672.503-05;;;;;
BEM MAIS RACOES ;;;CENTRO;;;;RUA SÃO LUIS, 181;;;;;;;;;;;

;;;;;;;;;;;;;;;;;;;;;;;;

6325;FRANCISCO ASSIS DE SOUSA FILHO;;;VARZEA ALEGRE;;;;CE;63.540-000;;(88)99851-7529;;;046.448.923-78;;;;;
ASSISZINHO;;;CENTRO;;;;JOSÉ COTREIA SOBRINHO, 56;;;;;;;;;;;

;;;;;;;;;;;;;;;;;;;;;;;;

1364;FRANCISCO DE ASSIS SILVA MARCENO;;;JUAZEIRO DO NORTE;;;;CE;63.010-230;;(88) 3511-3772;;;403.780.393-34;;;;;
FRANCISCO DE ASSIS;;;SAO MIGUEL;;;;R. SANTA LUZIA, 1337;;;;;;;;;;;

;;;;;;;;;;;;;;;;;;;;;;;;

3464;FRANCISCO F. DO NASCIMENTO ARMARINHO ME;;;JUAZEIRO DO NORTE;;;;CE;63.010-000;;(88) 3511-5330;;;04.761.897/0001-27;;063173603;;;
XIMENES;;;CENTRO;;;;RUA  SAO PAULO, 792;;;;;;;;;;;

;;;;;;;;;;;;;;;;;;;;;;;;

6556;FRANCISCO FELIPE LOPES DE MORAES;;;VARZEA ALEGRE;;;;CE;63.540-000;;(  ) 9621-1730;;;022.853.193-47;;;;;
FELIPE DE FERRIM;;;CENTRO;;;;Av. vicente alves costa, 1027;;;;;;;;;;;

;;;;;;;;;;;;;;;;;;;;;;;;

4198;FRANCISCO LUCIANO DE SOUSA;;;JUAZEIRO DO NORTE;;;;CE;63.040-810;;(88) 3571-6295;;;744.753.393-91;;;;;
MERCEARIA NOSSA SENHORA APARECIDA;;;TRIANGULO;;;;SOCORRO MOTA, 582;;;;;;;;;;;

;;;;;;;;;;;;;;;;;;;;;;;;

8216;FRANCISCO RAMOS DE SENA;;;VARZEA ALEGRE;;;;CE;63.540-000;;(  ) 9960-2234;;;107.794.998-75;;;;;
MERCANTIL MARGELA;;;CENTRO;;;;AV LUIZ ANTONIO DINIZ, 245;;;;;;;;;;;

;;;;;;;;;;;;;;;;;;;;;;;;

605;FRANCISCO WELINGTON DE SOUSA MERCEARIA EPP;;;VARZEA ALEGRE;;;;CE;63.540-000;;(88) 3541-1069;;;72.433.436/0001-85;;060750138;;;
 MERCADINHO CABRINHA;;;RIACHINHO;;;;RUA GLICERIO GOMES, 45;;;;;;;;;;;

;;;;;;;;;;;;;;;;;;;;;;;;

;;;;;;;;;;;;;;;;;;;;;;;;

ERES Informática LTDA.;;;;;PAG: 29;;;20/08/2026 - 09:44:21;;;025;

;;;;;;;;;;;;;;;;;;;;;;;;
;;;;;;;;;;;;;;;;;;;;;;;;

;;
;;;FRANCISCO LUCIANO ALVES HONORIO ME;;;;;;;
;;;Clientes por Vendedor  ;;;;;
;;

;;;;;;;;;;;;;;;;;;;;;;;;

Código;Nome Cliente;;;Cidade;;;;UF;CEP;;FONE;;;C.P.F./C.N.P.J;;R.G./C.G.F.;;;
Nome Fantasia;;;Bairro;;;;Endereço;;;;;

8140;GEORGE ANDREW CALHEIRO VIDAL;;;JUAZEIRO DO NORTE;;;;CE; 6.307-256;;(  ) 8155-7020;;;044.444.683-43;;;;;
CRIADOR;;;TIRADENTES ;;;;FRANCISCO MSCIEL BEZERRA, 118;;;;;;;;;;;

;;;;;;;;;;;;;;;;;;;;;;;;

4354;GLICERIO GOMES DE MORAIS NETO ME;;;VARZEA ALEGRE;;;;CE;63.540-000;;(88) 9609-0062;;;35.022.847/0001-51;;060246030;;;
FUNERARIA PE CICERO;;;CENTRO;;;;RUA  LUIZ OTACILIO CORREIA, 23;;;;;;;;;;;

;;;;;;;;;;;;;;;;;;;;;;;;

7734;H. GONCALVES DE OLIVEIRA LTDA;;;JUAZEIRO DO NORTE;;;;CE;63.010-275;;8(89)8879--9013;;;52.127.923/0001-02;;071556370;;;
;;;SOCORRO;;;;RUA DAS DORES, 275;;;;;;;;;;;

;;;;;;;;;;;;;;;;;;;;;;;;

8152;HELEN FERREIRA DA CRUZ LTDA;;;CRATO;;;;CE;63.133-450;;(  ) 9691-9270;;;60.568.049/0001-77;;;;;
DC DISTRIBUIDORA;;;SAO JOSE;;;;R MOACIR GONDIM LOSSIO, 652;;;;;;;;;;;

;;;;;;;;;;;;;;;;;;;;;;;;

7804;I SALES UNIPESSOAL LTDA;;;JUAZEIRO DO NORTE;;;;CE;63.020-294;;(  ) 9982-3280;;;52.655.968/0001-50;;071586741;;;
I SALES;;;PIO XII;;;;AV JOSE BEZERRA DE MENEZES, 504;;;;;;;;;;;

;;;;;;;;;;;;;;;;;;;;;;;;

8168;INSTITUTO LEAO SAMPAIO DE ENSINO UNIVERSITARIO LTDA;;;JUAZEIRO DO NORTE;;;;CE;63.041-082;;(  ) 9656-0600;;;02.391.959/0002-01;;ISENTO;;;
CENTRO UNIVERSITARIO DR. LEAO SAMPAIO - UNILEAO;;;PREFEITO CARLOS ALBERTO DA CRUZ;;;;AVENIDA DEPUTADO LEAO SAMPAIO, 1400;;;;;;;;;;;

;;;;;;;;;;;;;;;;;;;;;;;;

1565;IRACEMA GONCALVES DE MESQUITA;;;JUAZEIRO DO NORTE;;;;CE;63.010-000;;(88) 3512-6093;;;04.631.571/0001-85;;063140349;;;
IRACEMA;;;CENTRO;;;;RUA SAO PAULO, 506;;;;;;;;;;;

;;;;;;;;;;;;;;;;;;;;;;;;

3556;IVANI TORRES ME;;;JUAZEIRO DO NORTE;;;;CE;63.024-320;;(  )99705-5555;;;13.824.889/0001-73;;065648757;;;
RODO BOI MERCANTIL;;;SAO JOSE;;;;TRAVESSA CICERO GONCALVES, 573;;;;;;;;;;;

;;;;;;;;;;;;;;;;;;;;;;;;

3682;IVANILDO BATISTA DE LIMA ME;;;JUAZEIRO DO NORTE;;;;CE;63.018-350;;(88) 8816-4249;;;10.754.474/0001-82;;06.377.115-2;;;
;;;PEDRINHAS;;;;R.FRANCISCO ALVES NETO, 51;;;;;;;;;;;

;;;;;;;;;;;;;;;;;;;;;;;;

2224;JOAO ALVES DE SOUSA NETO;;;VARZEA ALEGRE;;;;CE;  .   -   ;;( 8)83541-1679;;;737.315.793-91;;;;;
;;;ALTO PREFEITURA;;;;R.JOAQUIM FELIX, 113, 0;;;;;;;;;;;

;;;;;;;;;;;;;;;;;;;;;;;;

295;JOAO BOSCO FERNANDES;;;JUAZEIRO DO NORTE;;;;CE;63.000-000;;(88) 8813-9299;;;775.977.373-00;;;;;
ISABEL;;;TRIANGULO;;;;R. MANOEL CASSIMIRO, 400;;;;;;;;;;;

;;;;;;;;;;;;;;;;;;;;;;;;

5223;JOAO DEVAL DA PENHA;;;FARIAS BRITO;;;;CE;63.185-000;;(88) 9601-9220;;;116.971.428-50;;;;;
MAISA MARQUES;;;CENTRO;;;;RUA  MANOEL PINHEIRO ALMEIDA, 437;;;;;;;;;;;

;;;;;;;;;;;;;;;;;;;;;;;;

;;;;;;;;;;;;;;;;;;;;;;;;

ERES Informática LTDA.;;;;;PAG: 30;;;20/08/2026 - 09:44:21;;;025;

;;;;;;;;;;;;;;;;;;;;;;;;
;;;;;;;;;;;;;;;;;;;;;;;;

;;
;;;FRANCISCO LUCIANO ALVES HONORIO ME;;;;;;;
;;;Clientes por Vendedor  ;;;;;
;;

;;;;;;;;;;;;;;;;;;;;;;;;

Código;Nome Cliente;;;Cidade;;;;UF;CEP;;FONE;;;C.P.F./C.N.P.J;;R.G./C.G.F.;;;
Nome Fantasia;;;Bairro;;;;Endereço;;;;;

3343;JOAO DOROTEU DA SILVA EPP;;;JUAZEIRO DO NORTE;;;;CE;63.050-750;;(88) 3571-4096;;;01.298.155/0001-19;;06.974.433-5;;;
MERCADINHO JOAO DOROTEU;;;ROMEIRAO;;;;R. HOZANA PEREIRA, 444;;;;;;;;;;;

;;;;;;;;;;;;;;;;;;;;;;;;

5019;JOAO MARCOS ALVES DOS SANTOS;;;JUAZEIRO DO NORTE;;;;CE;63.020-480;;(  ) 8829-3481;;;952.615.753-20;;;;;
MERCANTIL JOAO GABRIEL;;;VILA NOVA;;;;R. HELIO BEZERRA DE MENDONCA, 88;;;;;;;;;;;

;;;;;;;;;;;;;;;;;;;;;;;;

8090;JOAO TAVARES NETO;;;JUAZEIRO DO NORTE;;;;CE; 6.302-030;;(  ) 9974-4874;;;022.898.984-14;;;;;
MERCANTIL ANJO GABRIEL;;;PIO 12;;;;RUA FORMOSA, 414;;;;;;;;;;;

;;;;;;;;;;;;;;;;;;;;;;;;

7846;JOCIEL LIMA BRAGA;;;JUAZEIRO DO NORTE;;;;CE;63.046-510;;(  ) 8834-6665;;;57.846.002/0001-13;;072203897;;;
MY PET;;;JARDIM GONZAGA;;;;R FRANCISCO MARTINS DE SOUZA, 11;;;;;;;;;;;

;;;;;;;;;;;;;;;;;;;;;;;;

7043;JOCIEL LIMA BRAGA;;;JUAZEIRO DO NORTE;;;;CE;63.043-120;;(  ) 8834-6665;;;057.196.733-77;;;;;
MY PET;;;FREI DAMIAO;;;;POETA VITURINO, 3;;;;;;;;;;;

;;;;;;;;;;;;;;;;;;;;;;;;

7137;JORGE HENRIQUE DE LIMA 00921413319;;;VARZEA ALEGRE;;;;CE;63.540-000;;(  ) 9437-2809;;;45.124.306/0001-98;;;;;
PETSTOP RACOES;;;PRACA SANTO ANTONIO;;;;10A RUA TOMAZ DE AQUINO, 7;;;;;;;;;;;

;;;;;;;;;;;;;;;;;;;;;;;;

1646;JOSE EDILSON DOS SANTOS CARVALHO;;;JUAZEIRO DO NORTE;;;;CE;63.012-010;;(88)98215-8516;;;556.297.253-00;;203.553.391;;;
NETO MERCANTIL;;;HORTO;;;;RUA DO HORTO, 394;;;;;;;;;;;

;;;;;;;;;;;;;;;;;;;;;;;;

8197;JOSE HENRIQUE DA COSTA NETO;;;VARZEA ALEGRE;;;;CE;63.100-540;;(88)99285-2683;;;027.449.063-36;;;;;
AGRO FORT;;;PATOS;;;;AVENIDA VICENTE ALVES COSTA S/N, 0;;;;;;;;;;;

;;;;;;;;;;;;;;;;;;;;;;;;

8048;JOSE NILTON VIEIRA DA SILVA;;;JUAZEIRO DO NORTE;;;;CE;63.010-000;;(  )98180-4875;;;630.378.233-72;;;;;
CLEO PET RACOES;;;CENTRO ;;;;RUA DA GLORIA, 540;;;;;;;;;;;

;;;;;;;;;;;;;;;;;;;;;;;;

6704;JOSE NIVALDO DE BARROS;;;JUAZEIRO DO NORTE;;;;CE;63.034-012;;(  ) 8124-6730;;;038.489.243-40;;;;;
CASA DE RACAO;;;PIRAJA;;;;AV AILTON GOMES, 2370;;;;;;;;;;;

;;;;;;;;;;;;;;;;;;;;;;;;

2143;JOSE WILTON DE MENEZES ME;;;VARZEA ALEGRE;;;;CE;63.540-000;;(88)99379-2483;;;41.443.532/0001-80;;068704054;;;
CASA DO CAMPO;;;CENTRO;;;;RUA DEPUTADO LUIZ OTACILIO, 77;;;;;;;;;;;

;;;;;;;;;;;;;;;;;;;;;;;;

6711;JUAREZ CONCEICAO DA COSTA;;;JUAZEIRO DO NORTE;;;;CE;63.018-100;;(88)98835-9470;;;535.430.843-72;;;;;
ACOUGUE NOSSA SENHORA APARECIDA;;;PEDRINHAS;;;;JOAQUIM LEANDRO DE SOUSA, 606;;;;;;;;;;;

;;;;;;;;;;;;;;;;;;;;;;;;

;;;;;;;;;;;;;;;;;;;;;;;;

ERES Informática LTDA.;;;;;PAG: 31;;;20/08/2026 - 09:44:21;;;025;

;;;;;;;;;;;;;;;;;;;;;;;;
;;;;;;;;;;;;;;;;;;;;;;;;

;;
;;;FRANCISCO LUCIANO ALVES HONORIO ME;;;;;;;
;;;Clientes por Vendedor  ;;;;;
;;

;;;;;;;;;;;;;;;;;;;;;;;;

Código;Nome Cliente;;;Cidade;;;;UF;CEP;;FONE;;;C.P.F./C.N.P.J;;R.G./C.G.F.;;;
Nome Fantasia;;;Bairro;;;;Endereço;;;;;

6553;JUSIER BARBOSA BATISTA;;;JUAZEIRO DO NORTE;;;;CE;63.630-000;;(  ) 2156-7193;;;947.986.803-20;;;;;
NUTRI RACOES ;;;PIRAJA;;;;RUA FAUSTO GUIMARAES, 15;;;;;;;;;;;

;;;;;;;;;;;;;;;;;;;;;;;;

7610;LAURO NATHANAEL GOMES SILVA ;;;CRATO;;;;CE;63.138-000;;(88)99707-5878;;;22.013.290/0001-40;;;;;
CASA DO AGRICULTOR;;;PONTA DA SERRA;;;;RUA INACIO FERREIRA LEITE, 213;;;;;;;;;;;

;;;;;;;;;;;;;;;;;;;;;;;;

5017;LEONES RAIMUNDO DA SILVA ;;;JUAZEIRO DO NORTE;;;;CE;63.018-100;;(  )     -    ;;;172.620.928-80;;;;;
MERCEARIA DO LEONES;;;PEDRINHAS;;;;R, JOAQUIM LEANDRO DE SOUZA, 1025;;;;;;;;;;;

;;;;;;;;;;;;;;;;;;;;;;;;

7960;LEVI MIGUEL SOUZA SANTOS;;;JUAZEIRO DO NORTE;;;;CE;63.036-200;;(  ) 8107-9134;;;60.928.469/0001-17;;072609710;;;
LULIVET Y CLINICA VETERINARIA E CENTRO ESTETICO;;;BETOLANDIA;;;;AV MANOEL COELHO DE ALENCAR, 1957;;;;;;;;;;;

;;;;;;;;;;;;;;;;;;;;;;;;

7858;LOURIVAL EVARISTO DE BRITO;;;FARIAS BRITO;;;;CE;63.185-000;;(  ) 8896-5244;;;57.932.866/0001-58;;;;;
SUPERPHARMAVET;;;CENTRO;;;;RUA JOSE LIBERALINO DUARTE, 337;;;;;;;;;;;

;;;;;;;;;;;;;;;;;;;;;;;;

1882;LUANA ALVES ROCHA DA SILVA;;;VARZEA ALEGRE;;;;CE;63.540-000;;(  )99606-3987;;;062.017.223-19;;;;;
MERCADINHO IRMAOS MORAIS;;;CENTRO;;;;RUA  ANTONIO AFONSO, 35;;;;;;;;;;;

;;;;;;;;;;;;;;;;;;;;;;;;

3265;LUIS SILVESTRE PEREIRA;;;JUAZEIRO DO NORTE;;;;CE;  .   -   ;;(  )     -    ;;;431.332.903-04;;;;;
;;;JOAO CABRAL;;;;R.JOSE DE ALENCAR, 1935;;;;;;;;;;;

;;;;;;;;;;;;;;;;;;;;;;;;

7656;LUIZ HENRIQUE SATIRO COSTA;;;VARZEA ALEGRE;;;;CE;63.540-000;;(  ) 9211-1666;;;082.335.613-20;;;;;
MERCADINHO DO LUIZ;;;VARJOTA;;;;RUA JOAQUIM DE SÁTIRO , 138;;;;;;;;;;;

;;;;;;;;;;;;;;;;;;;;;;;;

8058;MACILENE EVANGELISTA DE ALMEIDA;;;VARZEA ALEGRE;;;;CE;63.540-000;;(  ) 9468-9519;;;34.659.256/0001-27;;061490636;;;
EVANGELISTA RACOES;;;CENTRO;;;;RUA DE LEANDRO CORREIA, 259;;;;;;;;;;;

;;;;;;;;;;;;;;;;;;;;;;;;

7521;MAIK BOMFIM DE SOUZA;;;JUAZEIRO DO NORTE;;;;CE;63.040-810;;(  )     -    ;;;50.223.263/0001-38;;;;;
FB RACOES E ACESSORIOS;;;TRIANGULO;;;;RUA SOCORRO NOROES MOTA, 290;;;;;;;;;;;

;;;;;;;;;;;;;;;;;;;;;;;;

1973;MARCOS VINICIOS VIEIRA OLIVEIRA;;;JUAZEIRO DO NORTE;;;;CE;  .   -   ;;( 8)83572-2108;;;021.611.523-00;;;;;
MARCOS VINICIOS;;;TIRADENTES;;;;R. JOSE SABIA, 242, 0;;;;;;;;;;;

;;;;;;;;;;;;;;;;;;;;;;;;

607;MARIA DE FATIMA FIUZA DE MENEZES CALDAS - ME;;;VARZEA ALEGRE;;;;CE;63.540-000;;(88)99643-6262;;;41.435.793/0001-59;;068866968;;;
MERCADINHO MONIKE E JUNIOR;;;PATOS;;;;AVENIDA  PORTUGAL, 224;;;;;;;;;;;

;;;;;;;;;;;;;;;;;;;;;;;;

;;;;;;;;;;;;;;;;;;;;;;;;

ERES Informática LTDA.;;;;;PAG: 32;;;20/08/2026 - 09:44:21;;;025;

;;;;;;;;;;;;;;;;;;;;;;;;
;;;;;;;;;;;;;;;;;;;;;;;;

;;
;;;FRANCISCO LUCIANO ALVES HONORIO ME;;;;;;;
;;;Clientes por Vendedor  ;;;;;
;;

;;;;;;;;;;;;;;;;;;;;;;;;

Código;Nome Cliente;;;Cidade;;;;UF;CEP;;FONE;;;C.P.F./C.N.P.J;;R.G./C.G.F.;;;
Nome Fantasia;;;Bairro;;;;Endereço;;;;;

1579;MARIA DO SOCORRO DE SOUSA CEREALISTA-ME;;;JUAZEIRO DO NORTE;;;;CE;63.034-150;;(88) 3511-5208;;;07.759.165/0001-90;;061906026;;;
MERCANTIL SOUZA LEITE;;;PIRAJA;;;;RUA CORONEL FAUSTO GUIMARAES, 35;;;;;;;;;;;

;;;;;;;;;;;;;;;;;;;;;;;;

877;MARIA SOCORRO VITAL BEZERRA;;;JUAZEIRO DO NORTE;;;;CE;63.044-090;;(88) 3571-7885;;;772.420.764-04;;;;;
MERCADINHO NOSSA SENHORA DAS GRACAS ;;;MUTIRAO;;;;MANOEL TAVARES LOPES, 1948;;;;;;;;;;;

;;;;;;;;;;;;;;;;;;;;;;;;

4163;MARIA ZILMA PEREIRA DE AQUINO;;;CRATO;;;;CE;63.100-000;;( 8)83512-2126;;;959.145.523-20;;;;;
;;;DOM QUINTINO;;;;RUA DO COMERCIO, 148;;;;;;;;;;;

;;;;;;;;;;;;;;;;;;;;;;;;

3963;MARTA BEZERRA ALVES;;;JUAZEIRO DO NORTE;;;;CE;63.043-740;;(88) 8806-6516;;;14.201.364/0001-44;;06.573.735-0;;;
MARTA MERCANTIL;;;FREI DAMIAO;;;;R. JOSE TOMAS FERREIRA, 3;;;;;;;;;;;

;;;;;;;;;;;;;;;;;;;;;;;;

7874;MATHEUS RODRIGUES ALENCAR SILVA;;;JUAZEIRO DO NORTE;;;;CE; 6.304-220;;(  ) 8112-1402;;;55.014.785/0001-43;;071890041;;;
CASA DE RACAO ;;;CIDADE UNIVERSITARIA;;;;RUA LOURDES VITORIA, 1964;;;;;;;;;;;

;;;;;;;;;;;;;;;;;;;;;;;;

8044;MERCADO MATOS CALLOU LTDA;;;JUAZEIRO DO NORTE;;;;CE;63.020-725;;(  ) 9781-7486;;;62.649.612/0001-67;;72859350;;;
MINHA QUITANDINHA;;;AEROPORTO;;;;RUA TABELIAO LUIZ TEOFILO MACHADO, 141;;;;;;;;;;;

;;;;;;;;;;;;;;;;;;;;;;;;

436;MERCANTIL FREI DAMIAO;;;JUAZEIRO DO NORTE;;;;CE;63.010-459;;(88) 3511-4827;;;06.570.295/0001-18;;068345526;;;
FREI DAMIAO;;;SAO MIGUEL;;;;R. SANTA LUZIA, 1564;;;;;;;;;;;

;;;;;;;;;;;;;;;;;;;;;;;;

7645;MICAELA VASQUES GRANJEIRO VIANA FIGUEIREDO;;;JUAZEIRO DO NORTE;;;;CE;63.040-260;;(  ) 9959-6771;;;006.788.753-83;;;;;
CRIADORA DE CAES ;;;LAGOA SECA;;;;RUA GENÁRIO DE OLIVEIRA, 1339;;;;;;;;;;;

;;;;;;;;;;;;;;;;;;;;;;;;

7733;MINERAL E COMPANHIA PET LTDA;;;JUAZEIRO DO NORTE;;;;CE;63.034-120;;(  )     -    ;;;48.774.479/0001-40;;071006168;;;
MINERAL E COMPANHIA PET LTDA;;;PIRAJÁ ;;;;RUA CORONEL ANTÔNIO FERNANDES, 87;;;;;;;;;;;

;;;;;;;;;;;;;;;;;;;;;;;;

7987;NARCELIO BARBOZA DE LUCENA;;;CRATO;;;;CE;63.137-974;;(  ) 8118-2510;;;47.874.630/0001-59;;070854840;;;
CASA DO CAMPO;;;DOM QUINTINO ;;;;RUADO COMÉRCIO , 228;;;;;;;;;;;

;;;;;;;;;;;;;;;;;;;;;;;;

8124;NATALYA DOS SANTOS MARQUES;;;JUAZEIRO DO NORTE;;;;CE;63.034-112;;(88) 9985-2823;;;30.053.587/0001-68;;067550649;;;
JULY PET;;;PIRAJA;;;;AVENIDA PRESIDENTE CASTELO BRANCO, 1832;;;;;;;;;;;

;;;;;;;;;;;;;;;;;;;;;;;;

6314;NOEMIA WAMILE SILVA DE LACERDA;;;JUAZEIRO DO NORTE;;;;CE;63.041-080;;(  )98825-7148;;;33.162.114/0001-97;;069296480;;;
MUNDO ANIMAL;;;TRIANGULO;;;;VALDOMIRO MARSAL DO CARMO, 363;;;;;;;;;;;

;;;;;;;;;;;;;;;;;;;;;;;;

;;;;;;;;;;;;;;;;;;;;;;;;

ERES Informática LTDA.;;;;;PAG: 33;;;20/08/2026 - 09:44:21;;;025;

;;;;;;;;;;;;;;;;;;;;;;;;
;;;;;;;;;;;;;;;;;;;;;;;;

;;
;;;FRANCISCO LUCIANO ALVES HONORIO ME;;;;;;;
;;;Clientes por Vendedor  ;;;;;
;;

;;;;;;;;;;;;;;;;;;;;;;;;

Código;Nome Cliente;;;Cidade;;;;UF;CEP;;FONE;;;C.P.F./C.N.P.J;;R.G./C.G.F.;;;
Nome Fantasia;;;Bairro;;;;Endereço;;;;;

242;NUNES E LEITE LTDA;;;JUAZEIRO DO NORTE;;;;CE;63.031-070;;( 8)8 572-1589;;;63.452.551/0001-06;;06.890.303-0;;;
;;;NOVO JUAZEIRO;;;;R. 104,05 3§ETAPA, 0;;;;;;;;;;;

;;;;;;;;;;;;;;;;;;;;;;;;

7134;OSMARIO DE FRANCA SILVA;;;JUAZEIRO DO NORTE;;;;CE;63.050-020;;(  ) 9789-0925;;;13.212.020/0001-78;;064250717;;;
OSMARIO RACOES;;;SALESIANOS;;;;R PIO X, 883;;;;;;;;;;;

;;;;;;;;;;;;;;;;;;;;;;;;

7931;PATRICIO PERREIRA BARBOSA;;;VARZEA ALEGRE;;;;CE;63.540-000;;(  ) 9368-1085;;;075.832.513-46;;;;;
;;;RIACHINHO;;;;RAIMUNDO BILE, 152;;;;;;;;;;;

;;;;;;;;;;;;;;;;;;;;;;;;

6668;PAULO S DOS SANTOS ;;;MISSAO VELHA;;;;CE;63.200-000;;(  ) 9203-5360;;;37.309.042/0001-19;;06.270099-5;;;
PET SHOP DONA SANTA / LOJA JUAZEIRO;;;CENTRO;;;;AV CEL JOSE DANTAS, 961;;;;;;;;;;;

;;;;;;;;;;;;;;;;;;;;;;;;

7829;PET SHOW CARIRI LTDA;;;JUAZEIRO DO NORTE;;;;CE;63.046-165;;(  ) 8155-0060;;;34.800.983/0001-62;;061988782;;;
PET SHOW CARIRI;;;JARDIM GONZAGA;;;;RUA SARGENTO JOSE MARCOLINO BRASILEIRO, 513;;;;;;;;;;;

;;;;;;;;;;;;;;;;;;;;;;;;

7823;R N DE SOUZA PEREIRA MEDICAMENTOS;;;JUAZEIRO DO NORTE;;;;CE;63.034-280;;(  ) 8832-0387;;;18.043.066/0001-24;;065104560;;;
CARIRI PET;;;PIRAJA;;;;RUA CAPITAO COIMBRA, 56;;;;;;;;;;;

;;;;;;;;;;;;;;;;;;;;;;;;

444;RAIMUNDO IVAN DE MACEDO;;;JUAZEIRO DO NORTE;;;;CE;63.010-420;;(88) 3511-2788;;;01.086.815/0001-06;;069697698;;;
MERCANTIL MACEDO;;;SAO MIGUEL;;;;AV. CARLOS CRUZ, 1709;;;;;;;;;;;

;;;;;;;;;;;;;;;;;;;;;;;;

8195;RAYLANE LEITE FERREIRA;;;JUAZEIRO DO NORTE;;;;CE;63.040-810;;(  ) 9746-3564;;;51.829.094/0001-47;;071605223;;;
RAYPET;;;TRIANGULO;;;;RUA SOCORRO NOROES MOTA, 516;;;;;;;;;;;

;;;;;;;;;;;;;;;;;;;;;;;;

6629;RODRIGO ALVES EVANGELISTA;;;VARZEA ALEGRE;;;;CE;63.540-000;;(  ) 9468-9519;;;029.921.283-17;;ISENTO;;;
CASA DE RACAO;;;GROSSOS;;;;RUA MARIA FURTADO DA CONCEIÇÃO, 72;;;;;;;;;;;

;;;;;;;;;;;;;;;;;;;;;;;;

4320;ROSANGELA ALVES DE OLIVEIRA;;;JUAZEIRO DO NORTE;;;;CE;  .   -   ;;(88)98828-4217;;;011.678.323-02;;;;;
ESQUINA C/ PIO NOROES;;;JOAO CABRAL;;;;R. TODOS OS SANTOS, 2764;;;;;;;;;;;

;;;;;;;;;;;;;;;;;;;;;;;;

8134;RVA DALAS DA COSTA SILVA;;;JUAZEIRO DO NORTE;;;;CE;63.035-160;;(  ) 8868-7980;;;074.900.393-63;;;;;
CEZAR RACOES;;;LEANDRO BEZERRA;;;;PEDRO HENRIQUE DE SOUSA, 1475;;;;;;;;;;;

;;;;;;;;;;;;;;;;;;;;;;;;

1558;SANMEM SANTOS E MENEZES COM. DE ALIMENTOS LTDA;;;JUAZEIRO DO NORTE;;;;CE;63.034-150;;(88) 3512-2821;;;06.139.710/0001-83;;066889510;;;
MERCANTIL DA HORA;;;PIRAJA;;;;RUA CEL FAUSTO GUIMARAES, 25;;;;;;;;;;;

;;;;;;;;;;;;;;;;;;;;;;;;

;;;;;;;;;;;;;;;;;;;;;;;;

ERES Informática LTDA.;;;;;PAG: 34;;;20/08/2026 - 09:44:21;;;025;

;;;;;;;;;;;;;;;;;;;;;;;;
;;;;;;;;;;;;;;;;;;;;;;;;

;;
;;;FRANCISCO LUCIANO ALVES HONORIO ME;;;;;;;
;;;Clientes por Vendedor  ;;;;;
;;

;;;;;;;;;;;;;;;;;;;;;;;;

Código;Nome Cliente;;;Cidade;;;;UF;CEP;;FONE;;;C.P.F./C.N.P.J;;R.G./C.G.F.;;;
Nome Fantasia;;;Bairro;;;;Endereço;;;;;

6022;SANMEN SANTOS E MENEZES COMERCIO DE ALIMENTOS LTDA;;;JUAZEIRO DO NORTE;;;;CE;63.030-605;;(  ) 3512-2821;;;06.139.710/0003-45;;067365701;;;
MERCANTIL DA HORA;;;NOVO JUAZEIRO;;;;AV PRES CASTELO BRANCO, 3125;;;;;;;;;;;

;;;;;;;;;;;;;;;;;;;;;;;;

6713;SARATIEL TAVARES BATISTA;;;JUAZEIRO DO NORTE;;;;CE;63.010-227;;(  ) 9673-6382;;;41.896.441/0001-09;;06.135537-2;;;
2M RACOES;;;CENTRO;;;;SANTA LUZIA, 656;;;;;;;;;;;

;;;;;;;;;;;;;;;;;;;;;;;;

7998;SEBASTIAO GONDIN BARRETO JUNIOR ;;;JUAZEIRO DO NORTE;;;;CE; 6.033-260;;(  ) 9729-3034;;;977.092.473-34;;;;;
PET MAIS;;;JOSE GERALDO DA CRUZ;;;;AV. MARIA EDNIR BEZERRA DE MENDONÇA , 1605;;;;;;;;;;;

;;;;;;;;;;;;;;;;;;;;;;;;

357;SOUZA LIRA COMERCIO  ESTIVAS E CEREAIS LTDA;;;JUAZEIRO DO NORTE;;;;CE;63.010-227;;(88) 3587-2113;;;35.040.799/0001-24;;068623186;;;
MERCANTIL  SOUZA LIRA;;;CENTRO;;;;RUA SANTA LUZIA, 549;;;;;;;;;;;

;;;;;;;;;;;;;;;;;;;;;;;;

6490;T. R. D. G. NUNES & CIA LTDA;;;JUAZEIRO DO NORTE;;;;CE;63.031-000;;(  ) 9408-6156;;;31.543.157/0001-97;;067805116;;;
MALI RACOES;;;TIRADENTES;;;;RUA VEREADOR JOSE GONÇALVES ALMEIDA, 659;;;;;;;;;;;

;;;;;;;;;;;;;;;;;;;;;;;;

5545;TAMIRIS NASCIMENTO ALVES DE SOUZA;;;JUAZEIRO DO NORTE;;;;CE;63.043-115;;(  )98837-9456;;;064.072.133-80;;;;;
MERCADINHO GABRIEL;;;FREI  DAMIAO;;;;RUA MARIA ALMERINDA DE OLIVEIRA, 42;;;;;;;;;;;

;;;;;;;;;;;;;;;;;;;;;;;;

7842;TATIANA CRISTINA DIAS GAMA NUNES;;;JUAZEIRO DO NORTE;;;;CE;63.031-000;;(88) 4141-0020;;;102.716.664-47;;;;;
MALLY RACOES;;;TIRADENTES ;;;;RUA VEREADOR JOSE GONCALVES ALMEIDA, 659;;;;;;;;;;;

;;;;;;;;;;;;;;;;;;;;;;;;

8068;TOP RACOES E ACESSORIOS LTDA;;;JUAZEIRO DO NORTE;;;;CE;63.034-012;;(  ) 8124-6730;;;41.822.299/0001-47;;062138855;;;
TOP RACAO;;;PIRAJA;;;;AVENIDA PREFEITO AILTON GOMES DE ALENCAR, 2370;;;;;;;;;;;

;;;;;;;;;;;;;;;;;;;;;;;;

3322;VERA RIBEIRO;;;JUAZEIRO DO NORTE;;;;CE;63.020-550;;(88) 3572-2879;;;729.088.233-49;;;;;
MERCEARIA PADRE CICERO;;;TIMBAUBAS;;;;R.JOAO PAULO, 562;;;;;;;;;;;

;;;;;;;;;;;;;;;;;;;;;;;;

4885;VICENTE FERREIRA MINEO JUNIOR;;;VARZEA ALEGRE;;;;CE;63.540-000;;(88) 9632-0767;;;19.163.951/0001-00;;067102590;;;
J M RACOES;;;CENTRO;;;;ANTONIO ALVES DE LIMA, 132;;;;;;;;;;;

;;;;;;;;;;;;;;;;;;;;;;;;

6287;VICENTE NILBERTO RODRIGUES DE SOUSA;;;VARZEA ALEGRE;;;;CE;63.540-000;;(88) 3541-2321;;;41.462.672/0001-04;;068703759;;;
MERCANTIL NILBERTO;;;CENTRO;;;;RUA ANTONIO AFONSO, 51;;;;;;;;;;;

;;;;;;;;;;;;;;;;;;;;;;;;

8052;VICTOR HUGO ALVES EVANGELISTA;;;VARZEA ALEGRE;;;;CE;63.540-000;;(  ) 9357-5542;;;59.268.459/0001-13;;;;;
VB RACOES ;;;CENTRO;;;;RUA FIGUEIREDO CORREIA, 314;;;;;;;;;;;

;;;;;;;;;;;;;;;;;;;;;;;;

;;;;;;;;;;;;;;;;;;;;;;;;

ERES Informática LTDA.;;;;;PAG: 35;;;20/08/2026 - 09:44:21;;;025;

;;;;;;;;;;;;;;;;;;;;;;;;
;;;;;;;;;;;;;;;;;;;;;;;;;;;

;;
;;;FRANCISCO LUCIANO ALVES HONORIO ME;;;;;;;
;;;Clientes por Vendedor  ;;;;;
;;

;;;;;;;;;;;;;;;;;;;;;;;;;;;

Código;Nome Cliente;;;;;;Cidade;;;;UF;CEP;;FONE;;;C.P.F./C.N.P.J;;R.G./C.G.F.;;;
Nome Fantasia;;;;;;Bairro;;;;Endereço;;;;;

7873;VITOR HUGO ALVES EVANGELISTA ;;;;;;VARZEA ALEGRE;;;;CE;63.540-000;;(  ) 9357-5542;;;608.030.303-55;;;;;
V.B RACOES;;;;;;ZEZINHO COSTA;;;;RUA FIGUEIREDO CORREIA , 314;;;;;;;;;;;

;;;;;;;;;;;;;;;;;;;;;;;;;;;

6892;WADSON ALEXANDRE PINHEIRO AMARAL;;;;;;JUAZEIRO DO NORTE;;;;CE;63.030-640;;(  ) 9304-3247;;;37.317.249/0001-35;;;;;
CASA DA RACAO;;;;;;SAO JOSE;;;;ZEFERINO PEDRO DOS SANTOS, 532;;;;;;;;;;;

;;;;;;;;;;;;;;;;;;;;;;;;;;;

1395;ZE DO CAL COMERCIO VAREJISTA DE PRODUTOS ALIMENTICIOS LTDA;;;;;;JUAZEIRO DO NORTE;;;;CE;63.010-459;;(88) 3511-0697;;;05.821.256/0001-83;;066829577;;;
VALBERTO ZE DO CAL;;;;;;SAO MIGUEL;;;;RUA  SANTA LUZIA, 1594;;;;;;;;;;;

;;;;;;;;;;;;;;;;;;;;;;;;;;;

Clientes listados Vendedor:;;;;;;;;133;;;;;;;;;;;;;;;;;;;

Vendedor:;3071;;LUCIANO DIAS 8817-2421;;;;;;;;;;;;;;;;;;;
3108;APARECIDA DE OLIVEIRA ME;;;;;;IGUATU;;;;CE;63.500-000;;( 8)88804-5607;;;10.952.420/0001-21;;063809877;;;
APARECIDA;;;;;;VENEZA;;;;RUA MOACIR DE SOUZA ROCHA, 40;;;;;;;;;;;

;;;;;;;;;;;;;;;;;;;;;;;;;;;

3103;MARILEUSA E DA SILVA ME;;;;;;OROS;;;;CE;63.520-000;;( 8)83584-2446;;;86.931.797/0001-66;;069096031;;;
;;;;;;CENTRO;;;;R.CUSTODIO NUNES, 235;;;;;;;;;;;

;;;;;;;;;;;;;;;;;;;;;;;;;;;

Clientes listados Vendedor:;;;;;;;;2;;;;;;;;;;;;;;;;;;;

;;;;;;;;;;;;;;;;;;;;;;;;;;;

ERES Informática LTDA.;;;;;;PAG: 36;;;20/08/2026 - 09:44:21;;;025;

;;;;;;;;;;;;;;;;;;;;;;;;;;;
;;;;;;;;;;;;;;;;;;;;;;;;;

;;
;;;FRANCISCO LUCIANO ALVES HONORIO ME;;;;;;;
;;;Clientes por Vendedor  ;;;;;
;;

;;;;;;;;;;;;;;;;;;;;;;;;;

Código;Nome Cliente;;;;Cidade;;;;UF;CEP;;FONE;;;C.P.F./C.N.P.J;;R.G./C.G.F.;;;
Nome Fantasia;;;;Bairro;;;;Endereço;;;;;

Vendedor:;3416;;MAURICIO;;;;;;;;;;;;;;;;;
3254;AUGUSTO CESAR GONCALVES DA COSTA;;;;JUAZEIRO DO NORTE;;;;CE;63.020-480;;( 8)88837-8707;;;033.139.543-67;;;;;
;;;;JOAO CABRAL;;;;R. DR. IONE RODRIGUES, 350, 0;;;;;;;;;;;

;;;;;;;;;;;;;;;;;;;;;;;;;

3126;EDIVANIA ALVES PEREIRA;;;;JUAZEIRO DO NORTE;;;;CE;  .   -   ;;(  )     -    ;;;021.108.003-99;;;;;
ADAILTON;;;;JOAO CABRAL;;;;R. DAS FLORES,1865, 0;;;;;;;;;;;

;;;;;;;;;;;;;;;;;;;;;;;;;

3563;FLAVIANA ARAUJO FEITOSA ME;;;;JUAZEIRO DO NORTE;;;;CE;63.020-971;;( 8)83512-7852;;;12.423.409/0001-08;;06.407.655-5;;;
;;;;PIRAJA;;;;AV. AILTON GOMES, 1614, 0;;;;;;;;;;;

;;;;;;;;;;;;;;;;;;;;;;;;;

3615;FRANCISCO TEIXEIRA DE SOUZA;;;;JUAZEIRO DO NORTE;;;;CE;  .   -   ;;( 8)88857-1516;;;500.227.333--53;;;;;
CLEIDE SOUZA;;;;LIMOEIRO;;;;R. MADRE NELLY SOBREIRA, 101, 0;;;;;;;;;;;

;;;;;;;;;;;;;;;;;;;;;;;;;

359;JESUALDO MARTINS DE MORAIS;;;;JUAZEIRO DO NORTE;;;;CE;  .   -   ;;(  )     -    ;;;214.756.443-53;;;;;
JESUALDO;;;;ROMEIRAO;;;;R. FARIA BRITO, 575, 0;;;;;;;;;;;

;;;;;;;;;;;;;;;;;;;;;;;;;

1277;JOANA MARTA DANTAS TARGINO;;;;JUAZEIRO DO NORTE;;;;CE;  .   -   ;;( 8)83571-3134;;;688.446.463-15;;;;;
;;;;ROMEIRAO;;;;R.DA PAZ,1202, 0;;;;;;;;;;;

;;;;;;;;;;;;;;;;;;;;;;;;;

1461;JOAO ALVES DE OLIVEIRA;;;;JUAZEIRO DO NORTE;;;;CE;  .   -   ;;( 8)83571-2498;;;421.703.703-15;;;;;
JOAO ALVES;;;;ROMEIRAO;;;;R. DA  PAZ,602, 0;;;;;;;;;;;

;;;;;;;;;;;;;;;;;;;;;;;;;

1274;JULIA SAMPAIO DE SOUZA;;;;JUAZEIRO DO NORTE;;;;CE;  .   -   ;;( 8)88806-9357;;;627.642.333-53;;1428669;;;
JULIA;;;;JOAO CABRAL;;;;R. JOSE DE ALENCAR,2092, 0;;;;;;;;;;;

;;;;;;;;;;;;;;;;;;;;;;;;;

3463;LUCAS LINO DOS SANTOS;;;;JUAZEIRO DO NORTE;;;;CE;63.050-760;;( 8)83571-3679;;;10.565.205/0001-78;;06.373.135-5;;;
;;;;JOAO CABRAL;;;;R. FARIAS BRITO, 1152, 0;;;;;;;;;;;

;;;;;;;;;;;;;;;;;;;;;;;;;

1945;MARIA PEREIRA DA SILVA;;;;JUAZEIRO DO NORTE;;;;CE;63.020-480;;(  )     -    ;;;86.039.350/334 -  ;;;;;
;;;;ROMEIRAO;;;;R.ODILIO FIGUEIREDO, 157, 0;;;;;;;;;;;

;;;;;;;;;;;;;;;;;;;;;;;;;

;;;;;;;;;;;;;;;;;;;;;;;;;

ERES Informática LTDA.;;;;;;PAG: 37;;;20/08/2026 - 09:44:21;;;025;

;;;;;;;;;;;;;;;;;;;;;;;;;
;;;;;;;;;;;;;;;;;;;;;;;;;;;

;;
;;;FRANCISCO LUCIANO ALVES HONORIO ME;;;;;;;
;;;Clientes por Vendedor  ;;;;;
;;

;;;;;;;;;;;;;;;;;;;;;;;;;;;

Código;Nome Cliente;;;;;;Cidade;;;;UF;CEP;;FONE;;;C.P.F./C.N.P.J;;R.G./C.G.F.;;;
Nome Fantasia;;;;;;Bairro;;;;Endereço;;;;;

3262;MARTA SANTOS COSTA;;;;;;JUAZEIRO DO NORTE;;;;CE;  .   -   ;;( 8)83571-1371;;;140.064.993-53;;;;;
;;;;;;JOAO CABRAL;;;;R.HOSANA PEREIRA, 1017, 0;;;;;;;;;;;

;;;;;;;;;;;;;;;;;;;;;;;;;;;

3258;RITA LINO DOS SANTOS;;;;;;JUAZEIRO DO NORTE;;;;CE;  .   -   ;;(  )     -    ;;;000.504.343-30;;;;;
;;;;;;JOAO CABRAL;;;;R. ODILON FIGUEIREDO, 621, 0;;;;;;;;;;;

;;;;;;;;;;;;;;;;;;;;;;;;;;;

3413;VILMARA VITAL SANTOS;;;;;;JUAZEIRO DO NORTE;;;;CE;  .   -   ;;(  )     -    ;;;030.459.563-27;;;;;
;;;;;;JOAO CABRAL;;;;AV. PARAIBA, 639, 0;;;;;;;;;;;

;;;;;;;;;;;;;;;;;;;;;;;;;;;

Clientes listados Vendedor:;;;;;;;;13;;;;;;;;;;;;;;;;;;;

Vendedor:;3440;;JANILSON 9293 4609;;;;;;;;;;;;;;;;;;;
3243;A.C ANDRADE DE OLIVEIRA;;;;;;ACOPIARA;;;;CE;63.560-00 ;;( 8)89238-4839;;;10.647.312/0001-45;;063750392;;;
;;;;;;CENTRO;;;;AVENIDA FRANCISCO GURGEL VALENTE, 394;;;;;;;;;;;

;;;;;;;;;;;;;;;;;;;;;;;;;;;

Clientes listados Vendedor:;;;;;;;;1;;;;;;;;;;;;;;;;;;;

;;;;;;;;;;;;;;;;;;;;;;;;;;;

ERES Informática LTDA.;;;;;;PAG: 38;;;20/08/2026 - 09:44:21;;;025;

;;;;;;;;;;;;;;;;;;;;;;;;;;;
;;;;;;;;;;;;;;;;;;;;;;;;;

;;
;;;FRANCISCO LUCIANO ALVES HONORIO ME;;;;;;;
;;;Clientes por Vendedor  ;;;;;
;;

;;;;;;;;;;;;;;;;;;;;;;;;;

Código;Nome Cliente;;;;Cidade;;;;UF;CEP;;FONE;;;C.P.F./C.N.P.J;;R.G./C.G.F.;;;
Nome Fantasia;;;;Bairro;;;;Endereço;;;;;

Vendedor:;3767;;RAMOM;;;;;;;;;;;;;;;;;
3543;A. C. LOPES SOARES ME;;;;ARARIPE;;;;CE;63.170-000;;( 8)89442-2390;;;12.573.760/0001-77;;064122140;;;
KAKA DO GESSO;;;;CENTRO;;;;RUA CORONEL PEDRO SILVINO, 324;;;;;;;;;;;

;;;;;;;;;;;;;;;;;;;;;;;;;

280;A. CRISTINA M. BARROS;;;;JUAZEIRO DO NORTE;;;;CE;  .   -   ;;( 8)8 511-7435;;;05.795.053/0001-60;;066816785;;;
CRISTINA;;;;FRANCISCANOS;;;;AVENIDA PREFEITO CARLOS CRUZ, 1819;;;;;;;;;;;

;;;;;;;;;;;;;;;;;;;;;;;;;

3516;A. E. G. DOS SANTOS ME ;;;;SALITRE;;;;CE;63.155-000;;( 8)83533-2810;;;13.029.157/0001-91;;064220176;;;
MERCEARIA PADRE CICERO;;;;CENTRO;;;;RUA JOSE DIONISIO FILHO, 589;;;;;;;;;;;

;;;;;;;;;;;;;;;;;;;;;;;;;

3916;A. R. PEREIRA DA SILVA ME;;;;SALITRE;;;;CE;63.000-000;;( 8)89297-1231;;;00.387.545/0001-00;;069462690;;;
MERCANTIL BOM PRECO;;;;CENTRO;;;;AVENIDA FORTALEZA, 364;;;;;;;;;;;

;;;;;;;;;;;;;;;;;;;;;;;;;

1627;A.L.SILVA;;;;ALTANEIRA;;;;CE;  .   -   ;;(  )     -    ;;;   .   .   -  ;;;;;
;;;;CENTRO;;;;MERCADO PUBLICO,66, 0;;;;;;;;;;;

;;;;;;;;;;;;;;;;;;;;;;;;;

1377;A.P.S FERREIRA DIAS EPP;;;;ASSARE;;;;CE;63.140-000;;( 8)83535-1631;;;03.780.831/0001-11;;06.295.377-0;;;
;;;;CENTRO;;;;R. EUCLIDES ONOFRE,206, 0;;;;;;;;;;;

;;;;;;;;;;;;;;;;;;;;;;;;;

2871;A.Z ESMERALDO PAZ ME;;;;ASSARE;;;;CE;  .   -   ;;( 8)89915-5882;;;08.518.925/0001-30;;062043170;;;
;;;;CENTRO;;;;RUA PADRE EMILIO CABRAL 240, 0;;;;;;;;;;;

;;;;;;;;;;;;;;;;;;;;;;;;;

2569;ADEILTO ALVES SOARES;;;;NOVA OLINDA;;;;CE;  .   -   ;;( 8)83546-1151;;;  .   .   /    -  ;;;;;
TELMA;;;;CENTRO;;;;RUA JEREMIAS PEREIRA, 247;;;;;;;;;;;

;;;;;;;;;;;;;;;;;;;;;;;;;

936;ADEMIR PARENTE DE BARROS;;;;JUAZEIRO DO NORTE;;;;CE;  .   -   ;;( 8)88801-4449;;;633.658.983-87;;5023588;;;
ADEMIR;;;;LAGOA SECA;;;;AV. LEAO SAMPAIO,1814, 0;;;;;;;;;;;

;;;;;;;;;;;;;;;;;;;;;;;;;

4013;ADONIAS BEZERRA DOS SANTOS;;;;JUAZEIRO DO NORTE;;;;CE;  .   -   ;;( 8)89647-5907;;;808.702.878-34;;;;;
ESQ.C/  R.  NOSSA SRA DE  LOURDES;;;;FRANCISCANOS;;;;R. DO LIMOEIRO, 973, 0;;;;;;;;;;;

;;;;;;;;;;;;;;;;;;;;;;;;;

1604;ADRIANO DAMIAO DE OLIVEIRA;;;;CAMPOS SALES;;;;CE;  .   -   ;;( 8)89913-0914;;;07.394.092/0001-80;;06.184.625-2;;;
ADRIANO;;;;CENTRO;;;;R. SETE DE SETEMBRO, 383;;;;;;;;;;;

;;;;;;;;;;;;;;;;;;;;;;;;;

;;;;;;;;;;;;;;;;;;;;;;;;;

ERES Informática LTDA.;;;;;;PAG: 39;;;20/08/2026 - 09:44:21;;;025;

;;;;;;;;;;;;;;;;;;;;;;;;;
;;;;;;;;;;;;;;;;;;;;;;;;

;;
;;;FRANCISCO LUCIANO ALVES HONORIO ME;;;;;;;
;;;Clientes por Vendedor  ;;;;;
;;

;;;;;;;;;;;;;;;;;;;;;;;;

Código;Nome Cliente;;;Cidade;;;;UF;CEP;;FONE;;;C.P.F./C.N.P.J;;R.G./C.G.F.;;;
Nome Fantasia;;;Bairro;;;;Endereço;;;;;

1210;ADRIANO LEITE ARAUJO;;;JUAZEIRO DO NORTE;;;;CE;  .   -   ;;( 8)83511-4380;;;653.220.534-68;;1080078;;;
ADRIANO;;;PIO XII;;;;R.DOMINGOS SAVIO,359, 0;;;;;;;;;;;

;;;;;;;;;;;;;;;;;;;;;;;;

3928;ADRIANO MORAIS DE OLIVEIRA;;;CAMPOS SALES;;;;CE;  .   -   ;;( 8)89902-0447;;;824.290.301-87;;;;;
;;;CENTRO;;;;R. VALDEMAR FALCAO, 34, 0;;;;;;;;;;;

;;;;;;;;;;;;;;;;;;;;;;;;

2565;ALCEU PEREIRA DA SILVA;;;ASSARE;;;;CE;  .   -   ;;( 8)89933-7129;;;08.515.666/0001-94;;06.203.230-5;;;
;;;CENTRO;;;;R.PE.EMILIO CABRAL, 337, 0;;;;;;;;;;;

;;;;;;;;;;;;;;;;;;;;;;;;

1432;ALDEMIR GOMES DE SOUZA;;;JUAZEIRO DO NORTE;;;;CE;  .   -   ;;( 8)88809-2310;;;896.925.353-04;;;;;
ALDEMIR;;;TIRADENTES;;;;R.MANUEL DE BARROS,332, 0;;;;;;;;;;;

;;;;;;;;;;;;;;;;;;;;;;;;

335;ALEXANDRE CESAR SARAIVA CASIMIRO;;;CAMPOS SALES;;;;CE;  .   -   ;;( 8)8 533-1264;;;09.521.725/0001-08;;06.823.492-9;;;
ALEXANDRE;;;CENTRO;;;;AV. FRANCISCO EDMAR DE ANDRADE,850, 0;;;;;;;;;;;

;;;;;;;;;;;;;;;;;;;;;;;;

2626;ALISSON RIBEIRO CAVALCANTE;;;JUAZEIRO DO NORTE;;;;CE;  .   -   ;;(  )     -    ;;;040.088.653-73;;;;;
;;;TIMBAUBA;;;;RUA JOAO PAULO 1 - 562, 0;;;;;;;;;;;

;;;;;;;;;;;;;;;;;;;;;;;;

961;ALUISIO FRANCISCO DE SOUZA;;;CAMPOS SALES;;;;CE;  .   -   ;;( 8)83533-2660;;;04.743.442/0001-89;;06.317.278-0;;;
ALUISIO;;;GUARANI;;;;R. DR. CLOVIS,133, 0;;;;;;;;;;;

;;;;;;;;;;;;;;;;;;;;;;;;

1795;ALUIZIO DE LIMA FREIRE ME;;;ASSARE;;;;CE;63.140-000;;( 8)83535-1244;;;00.117.007/0001-98;;068814429;;;
ALUIZIO;;;CENTRO;;;;PRACA MERCADO PUBLICO, 58;;;;;;;;;;;

;;;;;;;;;;;;;;;;;;;;;;;;

3936;ANA CLAUDIA;;;CAMPOS SALES;;;;CE;  .   -   ;;(  )     -    ;;;   .   .   -  ;;;;;
;;;APARECIDA;;;;AV.FRANCISCO VELOSO DE ANDRADE, , 0;;;;;;;;;;;

;;;;;;;;;;;;;;;;;;;;;;;;

3656;ANA CLAUDIA BARBOSA DE SOUZA;;;JUAZEIRO DO NORTE;;;;CE;  .   -   ;;(  )     -    ;;;024.856.143-00;;;;;
BIDA BAR;;;FREI DAMIAO;;;;R. ELBA PEREIRA DA SILVA, 237, 0;;;;;;;;;;;

;;;;;;;;;;;;;;;;;;;;;;;;

4758;ANA JAQUELINE MAGALHAES SILVA ME;;;PARNAMIRIM;;;;PE;56.163-000;;( 8)79988-5621;;;15.267.739/0001-31;;048079952;;;
MERCADINHO ECONOMICO/ PROX. CAPELINHA;;;COHAB II;;;;R. 11, 27;;;;;;;;;;;

;;;;;;;;;;;;;;;;;;;;;;;;

917;ANA MARIA LAVOR;;;CAMPOS SALES;;;;CE;  .   -   ;;( 8)83533-2735;;;   .   .   -  ;;;;;
MARIA LAVOR;;;N.SRA.DA PENHA;;;;R. DO CEMITERIO,125, 0;;;;;;;;;;;

;;;;;;;;;;;;;;;;;;;;;;;;

;;;;;;;;;;;;;;;;;;;;;;;;

ERES Informática LTDA.;;;;;PAG: 40;;;20/08/2026 - 09:44:21;;;025;

;;;;;;;;;;;;;;;;;;;;;;;;
;;;;;;;;;;;;;;;;;;;;;;;;

;;
;;;FRANCISCO LUCIANO ALVES HONORIO ME;;;;;;;
;;;Clientes por Vendedor  ;;;;;
;;

;;;;;;;;;;;;;;;;;;;;;;;;

Código;Nome Cliente;;;Cidade;;;;UF;CEP;;FONE;;;C.P.F./C.N.P.J;;R.G./C.G.F.;;;
Nome Fantasia;;;Bairro;;;;Endereço;;;;;

4098;ANA PAULA ALVES MARTINS;;;JUAZEIRO DO NORTE;;;;CE;63.100-000;;( 8)88826-5904;;;931.622.003-34;;98029055947;;;
;;;AEROPORTO;;;;RUA.MARIA DAS DORES, 1323;;;;;;;;;;;

;;;;;;;;;;;;;;;;;;;;;;;;

921;ANA ZELIA SOARES FERREIRA;;;ASSARE;;;;CE;  .   -   ;;(  )     -    ;;;884.809.763-49;;;;;
ZELIA;;;CENTRO;;;;R. EUCLIDES ONOFRE,194, 0;;;;;;;;;;;

;;;;;;;;;;;;;;;;;;;;;;;;

2870;ANCELMO MATIAS NETO ME;;;ASSARE;;;;CE;  .   -   ;;(  )     -    ;;;07.386.410/0001-61;;062512188;;;
MATIAS;;;CENTRO;;;;RUA PE EMILIO CABRAL, 354, 0;;;;;;;;;;;

;;;;;;;;;;;;;;;;;;;;;;;;

3697;ANESIA;;;SANTANA DO CARIRI;;;;CE;  .   -   ;;(  )     -    ;;;  .   .   /    -  ;;;;;
;;;CENTRO;;;;R.ONZE DE JANEIRO, 154, 0;;;;;;;;;;;

;;;;;;;;;;;;;;;;;;;;;;;;

985;ANTONIA A. DE ANDRADE DA S.ARRAES;;;CAMPOS SALES;;;;CE;  .   -   ;;(  )     -    ;;;02.274.654/0001-39;;06.996.913-2;;;
ANTONIA ARRAES;;;CENTRO;;;;TRAV. 10 DE NOVEMBRO,294, 0;;;;;;;;;;;

;;;;;;;;;;;;;;;;;;;;;;;;

497;ANTONIA ALBENISIA DE PINHO;;;ASSARE;;;;CE;  .   -   ;;( 8)8 535-1651;;;963.409.080-04;;96029183256;;;
ALBENISA;;;CENTRO;;;;AV. SAO FRANCISCO, 38, 0;;;;;;;;;;;

;;;;;;;;;;;;;;;;;;;;;;;;

389;ANTONIA ALMEIDA MARTINS;;;JUAZEIRO DO NORTE;;;;CE;  .   -   ;;( 8)8 511-3338;;;403.684.403-20;;137580987;;;
NA R. DA CAJUINA/DEPOIS DA LINHA DO TREM;;;ANTONIO VIEIRA;;;;R. PAULO MAIA, 506, 0;;;;;;;;;;;

;;;;;;;;;;;;;;;;;;;;;;;;

3703;ANTONIA CLENUBIA LACERDA;;;CAMPOS SALES;;;;CE;  .   -   ;;(  )     -    ;;;183.224.838-05;;;;;
NUBIA;;;ALTO ALEGRE;;;;R.PADRE CICERO, 144, 0;;;;;;;;;;;

;;;;;;;;;;;;;;;;;;;;;;;;

2386;ANTONIA EDICI ALVES BEZERRA VIEIRA;;;CAMPOS SALES;;;;CE;63.150-000;;( 8)83533-2810;;;08.627.917/0001-22;;06.204.454-0;;;
ANTONIA;;;CENTRO;;;;R.FRANCISCO GOMES DE SOUZA,158, 0;;;;;;;;;;;

;;;;;;;;;;;;;;;;;;;;;;;;

1966;ANTONIA IVONE DE OLIVEIRA ME;;;JUAZEIRO DO NORTE;;;;CE;63.000-000;;( 8)83572-1366;;;06.032.737/0001-72;;06.687.463-7;;;
ANTONIA IVONE;;;TIRADENTES;;;;R. ROBERTO SANTANA DE ALMEIDA,47, 0;;;;;;;;;;;

;;;;;;;;;;;;;;;;;;;;;;;;

966;ANTONIA KATIA ALVES RODRIGUES;;;POTENGI;;;;CE;  .   -   ;;( 8)83538-1419;;;03.248.757/0001-97;;06.283.169-0;;;
KATIA ALVES;;;CENTRO;;;;R. MANOEL MONTEIRO,348, 0;;;;;;;;;;;

;;;;;;;;;;;;;;;;;;;;;;;;

1786;ANTONIA MARIA DO CARMO SOARES ME;;;ANTONINA DO NORTE;;;;CE;63.570-000;;(  )     -    ;;;86.904.299/0001-24;;06.931.367-9;;;
ANTONIA MARIA;;;CENTRO;;;;R. JOSE RAFAEL,41, 0;;;;;;;;;;;

;;;;;;;;;;;;;;;;;;;;;;;;

;;;;;;;;;;;;;;;;;;;;;;;;

ERES Informática LTDA.;;;;;PAG: 41;;;20/08/2026 - 09:44:21;;;025;

;;;;;;;;;;;;;;;;;;;;;;;;
;;;;;;;;;;;;;;;;;;;;;;;;

;;
;;;FRANCISCO LUCIANO ALVES HONORIO ME;;;;;;;
;;;Clientes por Vendedor  ;;;;;
;;

;;;;;;;;;;;;;;;;;;;;;;;;

Código;Nome Cliente;;;Cidade;;;;UF;CEP;;FONE;;;C.P.F./C.N.P.J;;R.G./C.G.F.;;;
Nome Fantasia;;;Bairro;;;;Endereço;;;;;

4506;ANTONIA MERIANE ROQUE DA SILVA;;;SANTANA DO CARIRI;;;;CE;  .   -   ;;(  )     -    ;;;16.478.883/0001-80;;066087546;;;
AO LADO DA IGREJA;;;ESTIVA;;;;R. JOSE PIRES DE HOLANDA, 200;;;;;;;;;;;

;;;;;;;;;;;;;;;;;;;;;;;;

1113;ANTONIO ADEMAR CIDADE;;;SANTANA DO CARIRI;;;;CE;  .   -   ;;( 8)83545-1245;;;23.740.475/0001-10;;06.060.097-7;;;
ADEMAR;;;CENTRO;;;;R. DR.JOSE AUGUSTO,284, 0;;;;;;;;;;;

;;;;;;;;;;;;;;;;;;;;;;;;

1471;ANTONIO ALDEIR PEREIRA;;;JUAZEIRO DO NORTE;;;;CE;  .   -   ;;( 8)83511-8018;;;325.591.193--15;;95029072421;;;
ANTONIO;;;PIRAJA;;;;AV.AILTON GOMES,1533, 0;;;;;;;;;;;

;;;;;;;;;;;;;;;;;;;;;;;;

639;ANTONIO ALVES CORREIA;;;POTENGI;;;;CE;  .   -   ;;( 8)8 538-1115;;;03.679.953/0001-16;;06.293.884-3;;;
HELENA;;;CENTRO;;;;R. MANOEL MONTEIRO, 434, 0;;;;;;;;;;;

;;;;;;;;;;;;;;;;;;;;;;;;

3417;ANTONIO ALVES DA SILVA FILHO ME;;;CAMPOS SALES;;;;CE;63.150-000;;( 8)83533-1732;;;12.025.108/0001-18;;06.400.590-9;;;
;;;CENTRO;;;;R.JOAO SEVERO CORTEZ, 1207;;;;;;;;;;;

;;;;;;;;;;;;;;;;;;;;;;;;

4478;ANTONIO ALVES DO NASCIMENTE MERCADINHO;;;GRANITO;;;;PE;56.160-000;;( 8)79137-8637;;;05.323.372/0001-72;;029615550;;;
COMERCIAL SANTO ANTONIO;;;CENTRO;;;;R. DO COMERCIO, 24;;;;;;;;;;;

;;;;;;;;;;;;;;;;;;;;;;;;

1375;ANTONIO ANTUNES DO NASCIMENTO;;;ASSARE;;;;CE;63.140-000;;( 8)89969-3503;;;02.702.883/0001-07;;06.272.012-0;;;
ANTONIO ANTUNES;;;TABULEIRO;;;;AV. DEP.MANOEL GONCALVES,149, 0;;;;;;;;;;;

;;;;;;;;;;;;;;;;;;;;;;;;

1321;ANTONIO ANTUNES SOBRINHO;;;ANTONINA DO NORTE;;;;CE;  .   -   ;;(  )     -    ;;;07.033.954/0001-40;;06.426.909-4;;;
ANTONIO ANTUNES;;;CENTRO;;;;R. PRINCIPAL,416, 0;;;;;;;;;;;

;;;;;;;;;;;;;;;;;;;;;;;;

1220;ANTONIO ARTHUR MOTA;;;POTENGI;;;;CE;  .   -   ;;(  )     -    ;;;034.437.873-04;;;;;
ARTHUR;;;CENTRO;;;;R. DO MERCADO,84, 0;;;;;;;;;;;

;;;;;;;;;;;;;;;;;;;;;;;;

958;ANTONIO BINDA DA SILVA JUNIOR;;;ARARIPE;;;;CE;  .   -   ;;( 8)83530-3004;;;06.951.990/0001-20;;06.804.955-2;;;
;;;BREJINHO;;;;R. ANTONIO GUEDES,215, 0;;;;;;;;;;;

;;;;;;;;;;;;;;;;;;;;;;;;

1110;ANTONIO CESAR NUNES MACEDO-ME;;;POTENGI;;;;CE;  .   -   ;;( 8)83538-1466;;;05.498.843/0001-83;;06.675.920-0;;;
CESAR;;;CENTRO;;;;R. ANTONIO GUEDES NETO,140, 0;;;;;;;;;;;

;;;;;;;;;;;;;;;;;;;;;;;;

3790;ANTONIO DA SILVA SANTOS ME;;;JUAZEIRO DO NORTE;;;;CE;63.050-300;;( 8)83571-5413;;;08.355.204/0001-57;;06.200.814-5;;;
;;;JOAO CABRAL;;;;R. TODOS OS SANTOS, 2764, 0;;;;;;;;;;;

;;;;;;;;;;;;;;;;;;;;;;;;

;;;;;;;;;;;;;;;;;;;;;;;;

ERES Informática LTDA.;;;;;PAG: 42;;;20/08/2026 - 09:44:21;;;025;

;;;;;;;;;;;;;;;;;;;;;;;;
;;;;;;;;;;;;;;;;;;;;;;;;

;;
;;;FRANCISCO LUCIANO ALVES HONORIO ME;;;;;;;
;;;Clientes por Vendedor  ;;;;;
;;

;;;;;;;;;;;;;;;;;;;;;;;;

Código;Nome Cliente;;;Cidade;;;;UF;CEP;;FONE;;;C.P.F./C.N.P.J;;R.G./C.G.F.;;;
Nome Fantasia;;;Bairro;;;;Endereço;;;;;

492;ANTONIO DECIVAL DA SILVA;;;ANTONINA DO NORTE;;;;CE;  .   -   ;;( 8)8 525-1139;;;05.219.152/0001-01;;066693624;;;
ANTONIO DECIVAL;;;CENTRO;;;;AV. NELITO MENDES, 506;;;;;;;;;;;

;;;;;;;;;;;;;;;;;;;;;;;;

4548;ANTONIO DOS SANTOS ANDRADE;;;JUAZEIRO DO NORTE;;;;CE;  .   -   ;;(  )     -    ;;;083.141.268-29;;;;;
TOTONHO/ EM FRENTE L.S INFORMATICA;;;PEDRINHAS;;;;R. JOAQUIM LEANDRO DE SOUZA, 775;;;;;;;;;;;

;;;;;;;;;;;;;;;;;;;;;;;;

1353;ANTONIO E.MOREIRA;;;ALTANEIRA;;;;CE;  .   -   ;;( 8)83548-1230;;;04.503.282/0001-09;;06.003.089-5;;;
MERCANTIL SANTA RITA;;;CENTRO;;;;R.JOSE RUFINO DE OLIVEIRA, 110, 0;;;;;;;;;;;

;;;;;;;;;;;;;;;;;;;;;;;;

2771;ANTONIO EDIMAR VIEIRA;;;JUAZEIRO DO NORTE;;;;CE;  .   -   ;;( 8)89959-7113;;;307.403.473-49;;;;;
;;;TIMBAUBA;;;;RUA LUIZ GALVAO - 370, 0;;;;;;;;;;;

;;;;;;;;;;;;;;;;;;;;;;;;

2539;ANTONIO ERIVAN LEITE MORAES;;;POTENGI;;;;CE;63.160-000;;( 8)83538-1502;;;05.644.405/0001-86;;06.678.465-4;;;
ANTONIO ERIVAN;;;CENTRO;;;;R. ANTONIO GUEDES NETO,65, 0;;;;;;;;;;;

;;;;;;;;;;;;;;;;;;;;;;;;

1805;ANTONIO FAGNER DE GOIS;;;ANTONINA DO NORTE;;;;CE;63.570-000;;(  )     -    ;;;019.419.863-40;;;;;
FAGNER;;;MARIANO;;;;BARRO DOS MARIANO,S/N, 0;;;;;;;;;;;

;;;;;;;;;;;;;;;;;;;;;;;;

4328;ANTONIO JOSE DOMINGOS;;;JUAZEIRO DO NORTE;;;;CE;63.018-450;;( 8)83572-0752;;;12.904.019/0001-41;;064199037;;;
;;;PEDRINHAS;;;;R. EXPEDITO FREITAS ROCHA, 65;;;;;;;;;;;

;;;;;;;;;;;;;;;;;;;;;;;;

3709;ANTONIO JOSUE;;;SALITRE;;;;CE;  .   -   ;;(  )     -    ;;;  .   .   /    -  ;;;;;
;;;CENTRO;;;;R.JOSE DIONISIO FILHO, 430, 0;;;;;;;;;;;

;;;;;;;;;;;;;;;;;;;;;;;;

376;ANTONIO LEONARDO DA COSTA;;;JUAZEIRO DO NORTE;;;;CE;  .   -   ;;( 8)8 571-1693;;;671.775.148-72;;;;;
ANTONIO LEONARDO;;;PIRAJA;;;;AV. AILTON GOMES, 1842, 0;;;;;;;;;;;

;;;;;;;;;;;;;;;;;;;;;;;;

3774;ANTONIO MARCELO PEREIRA DA SILVA;;;JUAZEIRO DO NORTE;;;;CE;63.018-050;;( 8)89977-5392;;;018.942.033-21;;2000029028222;;;
;;;PEDRINHAS;;;;R. MINISTRO COLOMBRO DE SOUZA, 261, 0;;;;;;;;;;;

;;;;;;;;;;;;;;;;;;;;;;;;

4513;ANTONIO MARIA DE ALENCAR MERDINHO ME;;;SALITRE;;;;CE;63.155-000;;( 8)83537-1145;;;14.948.082/0001-05;;065900618;;;
;;;CENTRO;;;;R. SAO JOSE, 168;;;;;;;;;;;

;;;;;;;;;;;;;;;;;;;;;;;;

3040;ANTONIO MARTINS DA COSTA FILHO ME;;;JUAZEIRO DO NORTE;;;;CE;63.050-050;;( 8)83511-5301;;;03.262.735/0001-81;;  060689773;;;
;;;SALESIANOS;;;;RUA PROF. MARIA PEDRINA , 315;;;;;;;;;;;

;;;;;;;;;;;;;;;;;;;;;;;;

;;;;;;;;;;;;;;;;;;;;;;;;

ERES Informática LTDA.;;;;;PAG: 43;;;20/08/2026 - 09:44:21;;;025;

;;;;;;;;;;;;;;;;;;;;;;;;
;;;;;;;;;;;;;;;;;;;;;;;;

;;
;;;FRANCISCO LUCIANO ALVES HONORIO ME;;;;;;;
;;;Clientes por Vendedor  ;;;;;
;;

;;;;;;;;;;;;;;;;;;;;;;;;

Código;Nome Cliente;;;Cidade;;;;UF;CEP;;FONE;;;C.P.F./C.N.P.J;;R.G./C.G.F.;;;
Nome Fantasia;;;Bairro;;;;Endereço;;;;;

3654;ANTONIO MOREIRA DE MATOS;;;JUAZEIRO DO NORTE;;;;CE;  .   -   ;;(  )     -    ;;;   .   .   -  ;;1255234;;;
;;;FREI DAMIAO;;;;R. JOAO PEDRO DE BARROS, 31, 0;;;;;;;;;;;

;;;;;;;;;;;;;;;;;;;;;;;;

3298;ANTONIO NETO DA SILVA;;;JUAZEIRO DO NORTE;;;;CE;  .   -   ;;( 8)88832-1685;;;784.335.173-68;;;;;
;;;TIMBAUBA;;;;R. ESTELITA SILVA, 748, 0;;;;;;;;;;;

;;;;;;;;;;;;;;;;;;;;;;;;

246;ANTONIO OSSIAN DE OLIVEIRA ME;;;JUAZEIRO DO NORTE;;;;CE;63.020-050;;( 8)83511-7670;;;01.941.564/0001-91;;069894965;;;
;;;FRANCISCANOS;;;;R. SAO BENTO, 1160;;;;;;;;;;;

;;;;;;;;;;;;;;;;;;;;;;;;

1031;ANTONIO OSVALDO DA SILVA;;;POTENGI;;;;CE;63.160-000;;( 8)83538-1249;;;02.772.377/0001-94;;062726617;;;
;;;CENTRO;;;;R. MANOEL MONTEIRO, 227;;;;;;;;;;;

;;;;;;;;;;;;;;;;;;;;;;;;

3306;ANTONIO ROBERIO PEREIRA FEITOSA;;;JUAZEIRO DO NORTE;;;;CE;63.020-260;;( 8)89253-3518;;;09.560.876/0001-67;;06.363.1830;;;
;;;PIO XII;;;;R. CONEGO CLIMERIO, 157, 0;;;;;;;;;;;

;;;;;;;;;;;;;;;;;;;;;;;;

3012;ANTONIO SALES DA COSTA ME;;;SABOEIRO;;;;CE;  .   -   ;;(  )     -    ;;;07.304.073/0001-16;;061801232;;;
;;;CENTRO;;;;RUA ELIZEU HERBESTER 153, 0;;;;;;;;;;;

;;;;;;;;;;;;;;;;;;;;;;;;

1373;ANTONIO SATURNINO PIO ME;;;ASSARE;;;;CE;63.140-000;;( 8)83535-1491;;;00.250.319/0001-75;;06.881.459-3;;;
SATURNINO;;;CENTRO;;;;R. NENEM ARRAIS,40, 0;;;;;;;;;;;

;;;;;;;;;;;;;;;;;;;;;;;;

3799;ANTONIO VIEIRA BRANDAO;;;JUAZEIRO DO NORTE;;;;CE;  .   -   ;;( 8)83512-3366;;;115.786.103-20;;;;;
P/TRAS DA BALLINA/PROX. AO FRANCO ASSADO;;;SALESIANO;;;;R. PROF. MARIA PEDRINA, 12, 0;;;;;;;;;;;

;;;;;;;;;;;;;;;;;;;;;;;;

754;AQUILES BATISTA DOS SANTOS FILHO;;;CAMPOS SALES;;;;CE;  .   -   ;;( 8)8 533-1366;;;03.038.624/0001-96;;06.292.864-3;;;
;;;CENTRO;;;;R. GIL BALECO,560, 0;;;;;;;;;;;

;;;;;;;;;;;;;;;;;;;;;;;;

5075;ASSIS BENEDITO DA SILVA;;;IGUATU;;;;CE;  .   -   ;;(  )     -    ;;;131.632.054-53;;;;;
HIPER MARQUES;;;VILA CENTENARIO;;;;AV. CARLOS ROBERTO COSTA, 328;;;;;;;;;;;

;;;;;;;;;;;;;;;;;;;;;;;;

3735;AUZINETE RODRIGUES BATISTA;;;JUAZEIRO DO NORTE;;;;CE;  .   -   ;;( 8)89710-0771;;;034..06.3.4-34-06;;;;;
;;;TRIANGULO;;;;R. LETICIA VASCONCELOS, 525, 0;;;;;;;;;;;

;;;;;;;;;;;;;;;;;;;;;;;;

3917;BENEDITO JOSE DA SILVA FILHO;;;SANTANA DO CARIRI;;;;CE;63.190-000;;( 8)89939-4836;;;873.572.323-87;;;;;
;;;CENTRO;;;;R. LUIZ LEOPOLDINO, 102;;;;;;;;;;;

;;;;;;;;;;;;;;;;;;;;;;;;

;;;;;;;;;;;;;;;;;;;;;;;;

ERES Informática LTDA.;;;;;PAG: 44;;;20/08/2026 - 09:44:21;;;025;

;;;;;;;;;;;;;;;;;;;;;;;;
;;;;;;;;;;;;;;;;;;;;;;;;

;;
;;;FRANCISCO LUCIANO ALVES HONORIO ME;;;;;;;
;;;Clientes por Vendedor  ;;;;;
;;

;;;;;;;;;;;;;;;;;;;;;;;;

Código;Nome Cliente;;;Cidade;;;;UF;CEP;;FONE;;;C.P.F./C.N.P.J;;R.G./C.G.F.;;;
Nome Fantasia;;;Bairro;;;;Endereço;;;;;

3487;BENTO ANTONIO DA COSTA;;;CAMPOS SALES;;;;CE;63.150-000;;( 8)89993-2719;;;12.996.731/0001-18;;064202640;;;
;;;APARECIDA;;;;RUA DOS ALMEIDAS, 356;;;;;;;;;;;

;;;;;;;;;;;;;;;;;;;;;;;;

1019;C.C. PEREIRA - ME;;;CAMPOS SALES;;;;CE;  .   -   ;;( 8)83533-1213;;;06.344.273/0001-30;;06.693.686-1;;;
PEREIRA;;;CENTRO;;;;R. CEL.BALECO, 679, 0;;;;;;;;;;;

;;;;;;;;;;;;;;;;;;;;;;;;

1152;C.O. SIMAO ME;;;CAMPOS SALES;;;;CE;63.150-000;;( 8)83533-1762;;;01.746.280/0001-44;;06.987.691-6;;;
SIMAO;;;GUARANI;;;;R. JOSE BONIFACIL,439, 0;;;;;;;;;;;

;;;;;;;;;;;;;;;;;;;;;;;;

1749;C.O.M. COMERCIO MINIMERCADO LTDA;;;ASSARE;;;;CE;63.140-000;;(  )     -    ;;;05.833.640/0001-04;;06.199.310-7;;;
MINIMERCADO;;;CENTRO;;;;R. SAO FRANCISCO,213, 0;;;;;;;;;;;

;;;;;;;;;;;;;;;;;;;;;;;;

3319;C.REGIANE GONCALVES DE ALCANTARA - ME;;;JUAZEIRO DO NORTE;;;;CE;63.020-000;;( 8)88846-2565;;;11.376.922/0001-14;;06.388.336-8;;;
;;;CASAS POPULARES;;;;R.SAO BENEDITO, 1728, 0;;;;;;;;;;;

;;;;;;;;;;;;;;;;;;;;;;;;

4230;C.RENAM FLORENTINO DOS SANTOS ME;;;AIUABA;;;;CE;63.575-000;;( 8)83581-0572;;;14.026.648/0001-41;;065696379;;;
;;;CENTRO;;;;R.NICEIAS ARRAIS, , 94;;;;;;;;;;;

;;;;;;;;;;;;;;;;;;;;;;;;

1379;CANUTO GOMES DA SILVA;;;ASSARE;;;;CE;63.140-000;;( 8)83535-1097;;;06.944.250/0001-66;;068049803;;;
CANUTO GOMES;;;CENTRO;;;;RUA PADRE ALUISIO CABRAL, 403;;;;;;;;;;;

;;;;;;;;;;;;;;;;;;;;;;;;

1482;CARLA S. DE OLIVEIRA MERCEARIA;;;CAMPOS SALES;;;;CE;63.150-000;;( 8)83533-1395;;;07.759.914/0001-80;;06.190484-8;;;
CARLA;;;GUARANI;;;;R. BOA VISTA,182, 0;;;;;;;;;;;

;;;;;;;;;;;;;;;;;;;;;;;;

;;;;;;;;;;;;;;;;;;;;;;;;

ERES Informática LTDA.;;;;;PAG: 45;;;20/08/2026 - 09:44:21;;;025;

;;;;;;;;;;;;;;;;;;;;;;;;
;;;;;;;;;;;;;;;;;;;;;;;;

;;
;;;FRANCISCO LUCIANO ALVES HONORIO ME;;;;;;;
;;;Clientes por Vendedor  ;;;;;
;;

;;;;;;;;;;;;;;;;;;;;;;;;

Código;Nome Cliente;;;Cidade;;;;UF;CEP;;FONE;;;C.P.F./C.N.P.J;;R.G./C.G.F.;;;
Nome Fantasia;;;Bairro;;;;Endereço;;;;;

955;CARLOS CESAR BEZERRA ME;;;SANTANA DO CARIRI;;;;CE;  .   -   ;;( 8)83545-1460;;;01.093.883/0001-94;;06.969.466-4;;;
CESAR;;;CENTRO;;;;TRAV. LUIZ LACERDA,352, 0;;;;;;;;;;;

;;;;;;;;;;;;;;;;;;;;;;;;

3489;CARLOS CRISTIANO DE SOUZA LUCENA EPP;;;SALITRE;;;;CE;63.155-000;;( 8)83537-1141;;;05.110.953/0001-26;;066665655;;;
;;;CENTRO;;;;RUA SAO PEDRO, 129;;;;;;;;;;;

;;;;;;;;;;;;;;;;;;;;;;;;

4812;CARMINHA ALVES DO NASCIMENTO;;;SALITRE;;;;CE;  .   -   ;;( 8)89237-8339;;;981.931.983-87;;;;;
NEGUINHO DO MAR, PROX. COLEGIO DO ALTO;;;CENTRO;;;;R. SAO JOSE, 205;;;;;;;;;;;

;;;;;;;;;;;;;;;;;;;;;;;;

1190;CELINA RAIMUNDA DA SILVA;;;ARARIPE;;;;CE;63.170-000;;( 8)83530-1542;;;02.952.886/0001-07;;06.276.282-6;;;
CELINA;;;CENTRO;;;;R.VICENTE ALENCAR BARBOSA, 592, 0;;;;;;;;;;;

;;;;;;;;;;;;;;;;;;;;;;;;

358;CEREALISTA ALAGOANO;;;JUAZEIRO DO NORTE;;;;CE;  .   -   ;;( 8)8 511-3000;;;63.555.338/0001-20;;06.890.466-5;;;
TEOTONIO;;;CENTRO;;;;R. SAO PAULO, 1546, 0;;;;;;;;;;;

;;;;;;;;;;;;;;;;;;;;;;;;

2318;CICERA CIRLANDIA COELHO;;;POTENGI;;;;CE;63.160-000;;( 8)83538-1508;;;003.170.213-97;;;;;
;;;CENTRO;;;;PCA.QUATRO DE SETEMBRO, 21, 0;;;;;;;;;;;

;;;;;;;;;;;;;;;;;;;;;;;;

4415;CICERA DA SILVA SOUZA;;;CAMPOS SALES;;;;CE;  .   -   ;;(  )     -    ;;;   .   .   -  ;;;;;
;;;POCO;;;;R. DOS ALMEIDA, 299;;;;;;;;;;;

;;;;;;;;;;;;;;;;;;;;;;;;

1767;CICERA FRANCISLAINE FERREIRA DE BRITO;;;JUAZEIRO DO NORTE;;;;CE;  .   -   ;;( 8)89965-8461;;;636.596.543-53;;98029229112-SSPCE;;;
CICERO JERONIMO;;;TRIANGULO;;;;R.EDVAL FURATDO LEITE, 135, 0;;;;;;;;;;;

;;;;;;;;;;;;;;;;;;;;;;;;

2613;CICERA SOLANGE FEITOSA NEVES;;;JUAZEIRO DO NORTE;;;;CE;  .   -   ;;( 8)88806-6869;;;631.028.623-49;;96029135359;;;
;;;JOAO CABRAL;;;;R.JOAQUIM DA ROCHA,1404, 0;;;;;;;;;;;

;;;;;;;;;;;;;;;;;;;;;;;;

2474;CICERA YOLANDA DOS  SANTOS;;;JUAZEIRO DO NORTE;;;;CE;  .   -   ;;( 8)83572-0361;;;013.229.163-06;;;;;
;;;PIO XII;;;;R.JOAO PAULO I, 562 -A-, 0;;;;;;;;;;;

;;;;;;;;;;;;;;;;;;;;;;;;

843;CICERO ALVES PEREIRA;;;ARARIPE;;;;CE;  .   -   ;;(  )     -    ;;;00.128.257/0001-23;;06.089.706-6;;;
CICERO;;;CENTRO;;;;AV. VICENTE DE ALENCAR,240, 0;;;;;;;;;;;

;;;;;;;;;;;;;;;;;;;;;;;;

3686;CICERO BIANO DOS SANTOS;;;JUAZEIRO DO NORTE;;;;CE;  .   -   ;;( 8)89631-6849;;;050.673.493-52;;;;;
;;;AEROPORTO;;;;R.ANTONIO CIRINEL PEREIRA, 04, 0;;;;;;;;;;;

;;;;;;;;;;;;;;;;;;;;;;;;

;;;;;;;;;;;;;;;;;;;;;;;;

ERES Informática LTDA.;;;;;PAG: 46;;;20/08/2026 - 09:44:21;;;025;

;;;;;;;;;;;;;;;;;;;;;;;;
;;;;;;;;;;;;;;;;;;;;;;;;

;;
;;;FRANCISCO LUCIANO ALVES HONORIO ME;;;;;;;
;;;Clientes por Vendedor  ;;;;;
;;

;;;;;;;;;;;;;;;;;;;;;;;;

Código;Nome Cliente;;;Cidade;;;;UF;CEP;;FONE;;;C.P.F./C.N.P.J;;R.G./C.G.F.;;;
Nome Fantasia;;;Bairro;;;;Endereço;;;;;

2102;CICERO COSTA DE ANDRADE;;;JUAZEIRO DO NORTE;;;;CE;  .   -   ;;( 8)83571-2344;;;507.167.433-53;;;;;
MERC.ANDRADE;;;SAO JOSE;;;;ZEFERINDO PEDRO DOS SANTOS 266, 0;;;;;;;;;;;

;;;;;;;;;;;;;;;;;;;;;;;;

2176;CICERO FAGUNDES XAVIER;;;JUAZEIRO DO NORTE;;;;CE;  .   -   ;;(  )     -    ;;;08.079.896/0001-58;;06.196.146-9;;;
FAGUNDES;;;SALESIANO;;;;R. PIO X,10, 0;;;;;;;;;;;

;;;;;;;;;;;;;;;;;;;;;;;;

3975;CICERO FERREIRA DAS GRACAS ME;;;ASSARE;;;;CE;63.140-000;;( 8)83535-1462;;;07.638.419/0001-12;;06.186.571-0;;;
;;;TABOLEIRO;;;;R. MANOEL GONCALVES, 133, 0;;;;;;;;;;;

;;;;;;;;;;;;;;;;;;;;;;;;

1977;CICERO LEITE DE ALMEIDA;;;JUAZEIRO DO NORTE;;;;CE;  .   -   ;;( 8)83572-0141;;;158.198.108-21;;259008060;;;
CICERO LEITE;;;AEROPORTO;;;;R. JOAQUIM DA CRUZ,1137, 0;;;;;;;;;;;

;;;;;;;;;;;;;;;;;;;;;;;;

437;CICERO LUIZ DE LIMA;;;JUAZEIRO DO NORTE;;;;CE;  .   -   ;;( 8)8 511-0697;;;07.977.614/0001-77;;06.016.742-4;;;
VALBERTO;;;SAO MIGUEL;;;;R. SANTA LUZIA, 1621, 0;;;;;;;;;;;

;;;;;;;;;;;;;;;;;;;;;;;;

3824;CICERO MARQUES SUBRINHO;;;GRANJEIRO;;;;CE;63.230-000;;( 8)89420-3501;;;176.119.518-23;;;;;
DEPOIS DA IGREJA;;;ZONA RURAL;;;;SITIO PICADA, S/N, 0;;;;;;;;;;;

;;;;;;;;;;;;;;;;;;;;;;;;

3664;CICERO PINHEIRO GONCALVES;;;JUAZEIRO DO NORTE;;;;CE;63.000-000;;( 8)88821-5194;;;875.122.543-34;;;;;
;;;FRANCISCANOS;;;;RUA GENERAL SAMPAIO, 66;;;;;;;;;;;

;;;;;;;;;;;;;;;;;;;;;;;;

1209;CICERO RUFINO DE OLIVEIRA-ME;;;ALTANEIRA;;;;CE;  .   -   ;;( 8)83548-1231;;;07.034.390/0001-60;;06.804.901-3;;;
RUFINO;;;CENTRO;;;;R. FURTADO LEITE,S/N, 0;;;;;;;;;;;

;;;;;;;;;;;;;;;;;;;;;;;;

1111;CICERO SOARES DE LIMA;;;POTENGI;;;;CE;  .   -   ;;( 8)83538-1533;;;222.610.443-72;;06.852.402-1;;;
;;;CENTRO;;;;ESTRADA DO BREJO,53, 0;;;;;;;;;;;

;;;;;;;;;;;;;;;;;;;;;;;;

918;CIMAR VIEIRA ARAUJO;;;CAMPOS SALES;;;;CE;  .   -   ;;( 8)83533-1772;;;307.929.083-68;;661.653-83;;;
;;;CENTRO;;;;R. CEL. BALECO,583, 0;;;;;;;;;;;

;;;;;;;;;;;;;;;;;;;;;;;;

1444;CISLEI COELHO PINTO LIMA;;;JUAZEIRO DO NORTE;;;;CE;  .   -   ;;( 8)83511-8526;;;365.738.094-91;;668543 SSP/CE;;;
CISLEI COELHO;;;SALESIANO;;;;R. SARGENTO JOSIAS PEDROSA,405, 0;;;;;;;;;;;

;;;;;;;;;;;;;;;;;;;;;;;;

1951;CLAUDIA SILVA DE SOUZA;;;JUAZEIRO DO NORTE;;;;CE;63.000-000;;( 8)89959-9949;;;894.345.363-91;;;;;
CLAUDIA;;;TIRADENTES;;;;R.JOTA DIAS,634, 0;;;;;;;;;;;

;;;;;;;;;;;;;;;;;;;;;;;;

;;;;;;;;;;;;;;;;;;;;;;;;

ERES Informática LTDA.;;;;;PAG: 47;;;20/08/2026 - 09:44:21;;;025;

;;;;;;;;;;;;;;;;;;;;;;;;
;;;;;;;;;;;;;;;;;;;;;;;;

;;
;;;FRANCISCO LUCIANO ALVES HONORIO ME;;;;;;;
;;;Clientes por Vendedor  ;;;;;
;;

;;;;;;;;;;;;;;;;;;;;;;;;

Código;Nome Cliente;;;Cidade;;;;UF;CEP;;FONE;;;C.P.F./C.N.P.J;;R.G./C.G.F.;;;
Nome Fantasia;;;Bairro;;;;Endereço;;;;;

1189;CLEITON PEREIRA DA SILVA;;;CAMPOS SALES;;;;CE;  .   -   ;;( 8)83533-2618;;;04.560.146/0001-42;;06.313.154-4;;;
;;;CENTRO;;;;AV.SETE DE SETEMBRO, 228, 0;;;;;;;;;;;

;;;;;;;;;;;;;;;;;;;;;;;;

2259;COMERCIAL DE PROD.VETERINARIOS CLIVET LTDA;;;JUAZEIRO DO NORTE;;;;CE;63.010-000;;( 8)83511-6484;;;06.081.415/0001-13;;06.688.192-7;;;
CLIVET;;;CENTRO;;;;R.SAO PAULO, 1220;;;;;;;;;;;

;;;;;;;;;;;;;;;;;;;;;;;;

691;DALVINO DINIZ DE MAGALHAES JUNIOR;;;JUAZEIRO DO NORTE;;;;CE;63.010-520;;( 8)83512-8881;;;892.049.644-72;;4634957 SSP/CE;;;
JUNIOR;;;SAO MIGUEL;;;;R.SANTA TERESA,782, 0;;;;;;;;;;;

;;;;;;;;;;;;;;;;;;;;;;;;

3715;DAMIAO ANDRADE LACERDA;;;CAMPOS SALES;;;;CE;63.150-000;;( 8)89967-9690;;;857.485.103-59;;;;;
MERC.BOM PRECO;;;ALTO ALEGRE;;;;RUA VICENTE ALEXANDRINO, 691;;;;;;;;;;;

;;;;;;;;;;;;;;;;;;;;;;;;

4449;DAMIAO COSMO DA SILVA;;;CAMPOS SALES;;;;CE;  .   -   ;;(  )     -    ;;;  .   .   /    -  ;;068522991;;;
;;;EXPANSAO;;;;R. QUADRA G, 270;;;;;;;;;;;

;;;;;;;;;;;;;;;;;;;;;;;;

3632;DAMIAO RAIMUNDO BATISTA;;;SALITRE;;;;CE;63.155-000;;( 8)89276-1907;;;12.724.336/0001-86;;064152596;;;
;;;CENTRO;;;;RUA SAO PEDRO, 355;;;;;;;;;;;

;;;;;;;;;;;;;;;;;;;;;;;;

4618;DAVI GOMES ALENCAR;;;ARARIPINA;;;;PE;56.280-000;;( 8)73873-1866;;;08.073.082/0001-06;;008450781;;;
MERC.GOMES, PROX. PREVIDENCIA SOCIAL;;;JOSE MARTINS;;;;R. SANTA LUZIA, 407;;;;;;;;;;;

;;;;;;;;;;;;;;;;;;;;;;;;

1753;DAYLANNE KELMA SAMPAIO DE SA;;;NOVA OLINDA;;;;CE;  .   -   ;;( 8)83546-1655;;;08.033.222/0001-12;;06.195.578-7;;;
;;;CENTRO;;;;AV.PERIMETRAL SUL, 484, 0;;;;;;;;;;;

;;;;;;;;;;;;;;;;;;;;;;;;

1236;DENICLAUDIA FRANCISCA CESARIO ME;;;SALITRE;;;;CE;  .   -   ;;( 8)83537-1304;;;06.257.170/0001-32;;06.691.817-0;;;
PANIFICADORA CANAA;;;CENTRO;;;;R. SAO PEDRO,228, 0;;;;;;;;;;;

;;;;;;;;;;;;;;;;;;;;;;;;

493;DIOGO FERREIRA LINARD;;;ANTONINA DO NORTE;;;;CE;  .   -   ;;( 8)8 525-1377;;;05.677.146/0001-90;;06.679.355-6;;;
DIOGO;;;CASTELO BRANCO;;;;R. ZULMIRA MENDES, 01, 0;;;;;;;;;;;

;;;;;;;;;;;;;;;;;;;;;;;;

3708;DIONISIO;;;CAMPOS SALES;;;;CE;63.150-000;;(  )     -    ;;;  .   .   /    -  ;;;;;
;;;ALTO ALEGRE;;;;RUA PADRE CICERO, 157;;;;;;;;;;;

;;;;;;;;;;;;;;;;;;;;;;;;

4398;EDICEU DIOLINDO RIBEIRO;;;JUAZEIRO DO NORTE;;;;CE;  .   -   ;;(  )     -    ;;;   .   .   -  ;;;;;
;;;VILA TRES MARIAS;;;;AV. PRINCIPAL, 69;;;;;;;;;;;

;;;;;;;;;;;;;;;;;;;;;;;;

;;;;;;;;;;;;;;;;;;;;;;;;

ERES Informática LTDA.;;;;;PAG: 48;;;20/08/2026 - 09:44:21;;;025;

;;;;;;;;;;;;;;;;;;;;;;;;
;;;;;;;;;;;;;;;;;;;;;;;;

;;
;;;FRANCISCO LUCIANO ALVES HONORIO ME;;;;;;;
;;;Clientes por Vendedor  ;;;;;
;;

;;;;;;;;;;;;;;;;;;;;;;;;

Código;Nome Cliente;;;Cidade;;;;UF;CEP;;FONE;;;C.P.F./C.N.P.J;;R.G./C.G.F.;;;
Nome Fantasia;;;Bairro;;;;Endereço;;;;;

2814;EDILMO SANTOS M.COSTA ME;;;SABOEIRO;;;;CE;63.590-000;;( 8)83526-1321;;;01.185.667/0001-79;;069722463;;;
EDILMO;;;CENTRO;;;;R.FERNANDES BASTOS,346, 0;;;;;;;;;;;

;;;;;;;;;;;;;;;;;;;;;;;;

3823;EDIMILSON BORGES DOS SANTOS;;;GRANJEIRO;;;;CE;63.230-000;;( 8)89406-5259;;;019.120.563-05;;;;;
;;;ZONA RURAL;;;;SITIO COCOS, 0;;;;;;;;;;;

;;;;;;;;;;;;;;;;;;;;;;;;

1539;EDIVALDO ANTONIO DA SILVA;;;CAMPOS SALES;;;;CE;63.150-000;;( 8)83533-1959;;;07.623.426/0001-40;;06.186.374-2;;;
EDIVALDO;;;CENTRO;;;;R. SETE DE SETEMBRO,252, 0;;;;;;;;;;;

;;;;;;;;;;;;;;;;;;;;;;;;

276;EDIVAN CHAVES FREIRE ME;;;JUAZEIRO DO NORTE;;;;CE;  .   -   ;;(  )     -    ;;;05.344.658/0001-34;;06.672.468-6;;;
EDIVAN;;;ANTONIO VIEIRA;;;;R. MARIA AUGUSTA, 404, 0;;;;;;;;;;;

;;;;;;;;;;;;;;;;;;;;;;;;

2809;EDNA CANUTO GOES ME;;;ASSARE;;;;CE;63.140-000;;(  )     -    ;;;09.457.642/0001-99;;063605627;;;
EDNA;;;CENTRO;;;;PRACA MERCADO PUBLICO,134, 0;;;;;;;;;;;

;;;;;;;;;;;;;;;;;;;;;;;;

2595;EDNA LEITE MORAES;;;POTENGI;;;;CE;  .   -   ;;( 8)83538-1350;;;07.048.140/0001-89;;06.697.756-8;;;
;;;CENTRO;;;;R.MANOEL MONTEIRO, 308, 0;;;;;;;;;;;

;;;;;;;;;;;;;;;;;;;;;;;;

415;EDNA MARIA DOS REIS BARROS;;;CAMPOS SALES;;;;CE;63.150-000;;( 8)8 533-2773;;;05.125.758/0001-70;;066674280;;;
EDNA;;;BATALHAO;;;;RUA PEREIRA FIGUEIRA, 208;;;;;;;;;;;

;;;;;;;;;;;;;;;;;;;;;;;;

4559;EDVAL RIBEIRO DE MORAIS ME;;;SALITRE;;;;CE;63.155-000;;( 8)89279-1130;;;15.380.904/0001-67;;06.599831-6;;;
;;;CENTRO;;;;R. JOAO LIBANO LEITE, 487;;;;;;;;;;;

;;;;;;;;;;;;;;;;;;;;;;;;

272;EDVANIA MARIA DE SOUSA;;;JUAZEIRO DO NORTE;;;;CE;63.030-000;;( 8)83572-1946;;;763.440.453-53;;;;;
EDVANIA;;;TIMBAUBA;;;;R. RUI BARBOSA, 2040, 0;;;;;;;;;;;

;;;;;;;;;;;;;;;;;;;;;;;;

2560;ELDINA DE MATOS ARRAES ME;;;ANTONINA DO NORTE;;;;CE;63.570-000;;( 8)83525-1396;;;02.956.086/0001-56;;06.276.232-0;;;
;;;CENTRO;;;;R.ROSENO DE MATOS, 49, 0;;;;;;;;;;;

;;;;;;;;;;;;;;;;;;;;;;;;

4099;ELIANA LOBO DE MELO;;;JUAZEIRO DO NORTE;;;;CE;  .   -   ;;( 8)83511-5834;;;830.527.553-15;;;;;
;;;VILA FATIMA;;;;ROSEIRO DE LEMOS, 52;;;;;;;;;;;

;;;;;;;;;;;;;;;;;;;;;;;;

;;;;;;;;;;;;;;;;;;;;;;;;

ERES Informática LTDA.;;;;;PAG: 49;;;20/08/2026 - 09:44:21;;;025;

;;;;;;;;;;;;;;;;;;;;;;;;
;;;;;;;;;;;;;;;;;;;;;;;;

;;
;;;FRANCISCO LUCIANO ALVES HONORIO ME;;;;;;;
;;;Clientes por Vendedor  ;;;;;
;;

;;;;;;;;;;;;;;;;;;;;;;;;

Código;Nome Cliente;;;Cidade;;;;UF;CEP;;FONE;;;C.P.F./C.N.P.J;;R.G./C.G.F.;;;
Nome Fantasia;;;Bairro;;;;Endereço;;;;;

1788;ELOA SILVA DIOGENES EPP;;;SABOEIRO;;;;CE;  .   -   ;;( 8)83526-1138;;;04.540.000/0001-35;;06.312.579-0;;;
ELOA;;;CENTRO;;;;R. BARRAO DE AQUIRAIZ,216, 0;;;;;;;;;;;

;;;;;;;;;;;;;;;;;;;;;;;;

2709;EMILIA DE OLIVEIRA MORAES;;;CAMPOS SALES;;;;CE;  .   -   ;;( 8)83533-2830;;;07.495.825/0001-73;;061878472;;;
;;;CENTRO;;;;RUA VALDEMAR FALCAO 374, 0;;;;;;;;;;;

;;;;;;;;;;;;;;;;;;;;;;;;

1191;EMILIO CAXIAS DA SILVA ME;;;CAMPOS SALES;;;;CE;  .   -   ;;( 8)83533-2421;;;03.480.428/0001-77;;06.079.788-6;;;
EMILIO;;;CENTRO;;;;R. JULIO NOROES,389, 0;;;;;;;;;;;

;;;;;;;;;;;;;;;;;;;;;;;;

1803;ENOQUE FILINO PEIXOTO;;;ANTONINA DO NORTE;;;;CE;  .   -   ;;(  )     -    ;;;876.292.243-20;;;;;
ENOQUE;;;BOA VISTA;;;;R. SAO FRANCISCO,S/N, 0;;;;;;;;;;;

;;;;;;;;;;;;;;;;;;;;;;;;

582;ERICLECIA PEREIRA DA SILVA;;;SANTANA DO CARIRI;;;;CE;  .   -   ;;(  )     -    ;;;04.663.003/0001-66;;06.315.328-9;;;
CICERO SALU;;;CENTRO;;;;R. DR. JOSE AUGUSTO, 241, 0;;;;;;;;;;;

;;;;;;;;;;;;;;;;;;;;;;;;

4373;ERISMAR VIEIRA MOREIRA;;;GRANITO;;;;PE;56.160-000;;(  )     -    ;;;12.658.403/0001-01;;041991389;;;
;;;CENTRO;;;;R. JOSE SARAIVA XAVIER, 10;;;;;;;;;;;

;;;;;;;;;;;;;;;;;;;;;;;;

1192;ERIVANIO VIANA DE LIMA;;;CAMPOS SALES;;;;CE;  .   -   ;;( 8)83533-1742;;;851.821.763-68;;;;;
LANCHONETE VIANA;;;CENTRO;;;;R.SETE DE SETEMBRO, 240-A, 0;;;;;;;;;;;

;;;;;;;;;;;;;;;;;;;;;;;;

4037;EUFRASIO ALVES NETO;;;JUAZEIRO DO NORTE;;;;CE;  .   -   ;;(  )     -    ;;;276.358.483-72;;;;;
;;;PIRAJA;;;;R. SAO BENTO , 1865, 0;;;;;;;;;;;

;;;;;;;;;;;;;;;;;;;;;;;;

2540;EUZINETE CONCEICAO COSTA;;;CAMPOS SALES;;;;CE;63.150-000;;( 8)89928-9609;;;09.417.376/0001-70;;06.359.919-8;;;
;;;APARECIDA;;;;R. CICERO SIMAO DE ALENCAR,147, 0;;;;;;;;;;;

;;;;;;;;;;;;;;;;;;;;;;;;

3838;F. ALVES DE ALMEIDA MERCEARIA;;;JUAZEIRO DO NORTE;;;;CE;  .   -   ;;( 8)83572-0538;;;03.944.223/0001-03;;06.300.087-3;;;
;;;PQ. SAO GERALDO;;;;R. OTILIO GOMES DE SOUZA, 440, 0;;;;;;;;;;;

;;;;;;;;;;;;;;;;;;;;;;;;

;;;;;;;;;;;;;;;;;;;;;;;;

ERES Informática LTDA.;;;;;PAG: 50;;;20/08/2026 - 09:44:21;;;025;

;;;;;;;;;;;;;;;;;;;;;;;;
;;;;;;;;;;;;;;;;;;;;;;;;

;;
;;;FRANCISCO LUCIANO ALVES HONORIO ME;;;;;;;
;;;Clientes por Vendedor  ;;;;;
;;

;;;;;;;;;;;;;;;;;;;;;;;;

Código;Nome Cliente;;;Cidade;;;;UF;CEP;;FONE;;;C.P.F./C.N.P.J;;R.G./C.G.F.;;;
Nome Fantasia;;;Bairro;;;;Endereço;;;;;

3422;F. FRANCIMAR BRANDAO ME;;;ASSARE;;;;CE;63.140-000;;( 8)89606-0710;;;11.107.766/0001-96;;06.387.792-9;;;
;;;CENTRO;;;;R. AGAMENON COELHO, 121, 0;;;;;;;;;;;

;;;;;;;;;;;;;;;;;;;;;;;;

2538;F. JUSCELINO DA CRUZ;;;POTENGI;;;;CE;63.160-000;;(  )     -    ;;;73.244.550/0001-20;;06.211.233-3;;;
JUSCELINO;;;CENTRO;;;;R. MANOEL MONTEIRO,50, 0;;;;;;;;;;;

;;;;;;;;;;;;;;;;;;;;;;;;

329;F.A.A.DE OLIVEIRA;;;CAMPOS SALES;;;;CE;  .   -   ;;( 8)8 533-1610;;;03.007.042/0001-42;;06.277.735-1;;;
F.A.A.DE OLIVEIRA;;;CENTRO;;;;AV. SETE DE SETEMBRO,368, 0;;;;;;;;;;;

;;;;;;;;;;;;;;;;;;;;;;;;

2323;F.B. DAS GRACAS ME;;;ASSARE;;;;CE;63.140-000;;( 8)83535-1329;;;03.110.353/0001-32;;06.279.520-1;;;
;;;TABULEIRO;;;;VILA TABULEIROS, 381, 0;;;;;;;;;;;

;;;;;;;;;;;;;;;;;;;;;;;;

1227;F.M.ALVES;;;CAMPOS SALES;;;;CE;  .   -   ;;(  )     -    ;;;  .   .   /    -  ;;;;;
;;;CENTRO;;;;TRAV.HOTEL MUNICIPAL,79, 0;;;;;;;;;;;

;;;;;;;;;;;;;;;;;;;;;;;;

1563;F.V. DE ALENCAR;;;ASSARE;;;;CE;63.140-000;;( 8)89969-4888;;;07.836.017/0001-22;;06.191949-7;;;
VANDICLE;;;ZONA RURAL;;;;R. SITIO CARAIBAS,S/N, 0;;;;;;;;;;;

;;;;;;;;;;;;;;;;;;;;;;;;

3638;FABIANO ARAUJO ROMAS;;;JUAZEIRO DO NORTE;;;;CE;  .   -   ;;( 8)89913-2180;;;566.699.763-72;;;;;
;;;BETOLANDIA;;;;R. JOSE ROSENDO DE SOUZA, 21, 0;;;;;;;;;;;

;;;;;;;;;;;;;;;;;;;;;;;;

4566;FABIANO SANTOS SOUZA;;;JUAZEIRO DO NORTE;;;;CE;  .   -   ;;( 8)89733-4945;;;367.328.578-51;;;;;
MERC. E HORTI-FRUTI BATISTA, RUA DA SINGER;;;TRIANGULO;;;;R. MANOEL CASSIMIRO, 855;;;;;;;;;;;

;;;;;;;;;;;;;;;;;;;;;;;;

1356;FCO.BELARMINO LUCAS DA SILVA;;;JUAZEIRO DO NORTE;;;;CE;63.020-330;;( 8)83512-9562;;;171.970.073-72;;;;;
BELARMINO;;;PIO XII;;;;R. CEL. NERY,304, 0;;;;;;;;;;;

;;;;;;;;;;;;;;;;;;;;;;;;

1637;FERNANDO PEREIRA CABRAL;;;JUAZEIRO DO NORTE;;;;CE;  .   -   ;;( 8)83572-1391;;;   .   .   -  ;;;;;
FERNANDO;;;TIMBAUBA;;;;R. DOMINGOS SAVIO,1344, 0;;;;;;;;;;;

;;;;;;;;;;;;;;;;;;;;;;;;

2537;FERNANDO TEIXEIRA NEVES;;;POTENGI;;;;CE;63.160-000;;(  )     -    ;;;12.249.355/0001-06;;06.060.307-0;;;
COMERCIAL SANTA CLARA;;;CENTRO;;;;R. MANOEL MONTEIRO,280, 0;;;;;;;;;;;

;;;;;;;;;;;;;;;;;;;;;;;;

1807;FLAVIANA MARIA DE ANDRADE;;;ANTONINA DO NORTE;;;;CE;63.570-000;;(  )     -    ;;;036.487.793-62;;99099061898;;;
FLAVIANA;;;CENTRO;;;;R. MANOEL MOTA,S/N, 0;;;;;;;;;;;

;;;;;;;;;;;;;;;;;;;;;;;;

;;;;;;;;;;;;;;;;;;;;;;;;

ERES Informática LTDA.;;;;;PAG: 51;;;20/08/2026 - 09:44:21;;;025;

;;;;;;;;;;;;;;;;;;;;;;;;
;;;;;;;;;;;;;;;;;;;;;;;;

;;
;;;FRANCISCO LUCIANO ALVES HONORIO ME;;;;;;;
;;;Clientes por Vendedor  ;;;;;
;;

;;;;;;;;;;;;;;;;;;;;;;;;

Código;Nome Cliente;;;Cidade;;;;UF;CEP;;FONE;;;C.P.F./C.N.P.J;;R.G./C.G.F.;;;
Nome Fantasia;;;Bairro;;;;Endereço;;;;;

2388;FRANCISCA ALVES CORDEIRO;;;ASSARE;;;;CE;63.140-000;;( 8)89969-3503;;;445.899.303-82;;;;;
PROX: AOPQ DE VAQUEJADA;;;TABULEIRO;;;;AV.DEPUTADO MANOEL GONCALVES,145, 0;;;;;;;;;;;

;;;;;;;;;;;;;;;;;;;;;;;;

3314;FRANCISCA ALVINO DA SILVA;;;JUAZEIRO DO NORTE;;;;CE;  .   -   ;;( 8)88829-7443;;;055.096.168-22;;;;;
DUAS RUA APOS 0 2º QUEBRA MOLA;;;AEROPORTO;;;;R. ANTONIO OLIVEIRA SOUZA, 57 VILA NOVA, 0;;;;;;;;;;;

;;;;;;;;;;;;;;;;;;;;;;;;

869;FRANCISCA ANDREA DE A.S.JANUARIO ME;;;ARARIPE;;;;CE;  .   -   ;;( 8)83530-1239;;;03.767.165/0001-81;;06.294.846-6;;;
3530-1149;;;CENTRO;;;;R. XV DE NOVEMBRO, 68, 0;;;;;;;;;;;

;;;;;;;;;;;;;;;;;;;;;;;;

1132;FRANCISCA AURELIANA DA SILVA;;;ALTANEIRA;;;;CE;  .   -   ;;(  )     -    ;;;03.083.533/0001-72;;06.280.468-5;;;
AURELIANA;;;CENTRO;;;;MERCADO PUBLICO,17, 0;;;;;;;;;;;

;;;;;;;;;;;;;;;;;;;;;;;;

4557;FRANCISCA ELIENE PINTO MARQUES;;;SALITRE;;;;CE;63.150-000;;( 8)89209-2103;;;519.195.323-15;;;;;
IRMAO ELIAS, PROX. AO HOSPITAL;;;CENTRO;;;;R. JOAO LIBANO LEITE, 413;;;;;;;;;;;

;;;;;;;;;;;;;;;;;;;;;;;;

1540;FRANCISCA GOMES DE LIMA EPP;;;CAMPOS SALES;;;;CE;63.150-000;;( 8)89907-1563;;;00.502.960/0001-50;;06.951156-0;;;
JOAO PUBA;;;CENTRO;;;;AV.SETE DE SETEMBRO,428, 0;;;;;;;;;;;

;;;;;;;;;;;;;;;;;;;;;;;;

4231;FRANCISCA JANIELI ALVES DE ALENCAR;;;CAMPOS SALES;;;;CE;  .   -   ;;(  )     -    ;;;   .   .   -  ;;;;;
;;;GUARANI;;;;RUA DR. COLVIS,, 202;;;;;;;;;;;

;;;;;;;;;;;;;;;;;;;;;;;;

1802;FRANCISCA SINHA MENDES ARRAIS;;;ANTONINA DO NORTE;;;;CE;63.570-000;;(  )     -    ;;;03.684.009/0001-57;;06.293.188-1;;;
SINHA;;;CENTRO;;;;R. JOSE RAFAEL,33, 0;;;;;;;;;;;

;;;;;;;;;;;;;;;;;;;;;;;;

3253;FRANCISCO ALMIR PEREIRA;;;JUAZEIRO DO NORTE;;;;CE;63.010-010;;( 8)83572-1180;;;347.041.243-04;;;;;
;;;TIRADENTES;;;;R. ARTESAO MANOEL DE BARRO, 333, 0;;;;;;;;;;;

;;;;;;;;;;;;;;;;;;;;;;;;

2298;FRANCISCO ALVES ALMEIDA;;;JUAZEIRO DO NORTE;;;;CE;  .   -   ;;( 8)83572-0538;;;347.120.893-34;;;;;
;;;PARQUE SAO GERALDO;;;;RUA OTILIO GOMES DE SOUZA, 440;;;;;;;;;;;

;;;;;;;;;;;;;;;;;;;;;;;;

3117;FRANCISCO ALVES BASTOS ME;;;VARZEA ALEGRE;;;;CE;63.540-000;;( 8)83541-1564;;;86.778.420/0001-19;;06.886.758-1;;;
;;;CENTRO;;;;R.FERREIRA LOBO, 20, 0;;;;;;;;;;;

;;;;;;;;;;;;;;;;;;;;;;;;

1328;FRANCISCO ALVES DE OLIVEIRA;;;ASSARE;;;;CE;63.140-000;;(  )     -    ;;;246.639.483-91;;;;;
FRANCISCO ALVES;;;CENTRO;;;;R. MARECHAL AMARANTE,24, 0;;;;;;;;;;;

;;;;;;;;;;;;;;;;;;;;;;;;

;;;;;;;;;;;;;;;;;;;;;;;;

ERES Informática LTDA.;;;;;PAG: 52;;;20/08/2026 - 09:44:21;;;025;

;;;;;;;;;;;;;;;;;;;;;;;;
;;;;;;;;;;;;;;;;;;;;;;;;

;;
;;;FRANCISCO LUCIANO ALVES HONORIO ME;;;;;;;
;;;Clientes por Vendedor  ;;;;;
;;

;;;;;;;;;;;;;;;;;;;;;;;;

Código;Nome Cliente;;;Cidade;;;;UF;CEP;;FONE;;;C.P.F./C.N.P.J;;R.G./C.G.F.;;;
Nome Fantasia;;;Bairro;;;;Endereço;;;;;

1804;FRANCISCO ALVES DO CARMO;;;ANTONINA DO NORTE;;;;CE;63.570-000;;(  )     -    ;;;156.937.673-53;;;;;
;;;MARIANO;;;;BARRO DOS MARIANOS,S/N, 0;;;;;;;;;;;

;;;;;;;;;;;;;;;;;;;;;;;;

4100;FRANCISCO ALVES DOS SANTOS;;;JUAZEIRO DO NORTE;;;;CE;  .   -   ;;( 8)83511-3523;;;348.426.753-49;;;;;
;;;FRANCISCANOS;;;;RUA. SÃO BENEDITO, 1346;;;;;;;;;;;

;;;;;;;;;;;;;;;;;;;;;;;;

3054;FRANCISCO ASSIS LUNA EPP;;;JUAZEIRO DO NORTE;;;;CE;63.000-000;;( 8)83572-4030;;;04.030.484/0001-72;;06.016.788-2;;;
;;;PALMEIRINHA;;;;R. ANTONIO CRUZ,653, 0;;;;;;;;;;;

;;;;;;;;;;;;;;;;;;;;;;;;

3829;FRANCISCO CLEUCIO DUARTE FERNANDES;;;VARZEA ALEGRE;;;;CE;  .   -   ;;( 8)83541-3079;;;429.801.513-00;;;;;
;;;BETANIA;;;;VILA CACILDA, 218, 0;;;;;;;;;;;

;;;;;;;;;;;;;;;;;;;;;;;;

2602;FRANCISCO DE ARAUJO;;;JUAZEIRO DO NORTE;;;;CE;63.040-800;;( 8)83571-6221;;;400..77.4.2-03/06;;;;;
FRANCISCO DE ARAUJO;;;TRIANGULO;;;;R.JOSE B. SILVA, 355, 0;;;;;;;;;;;

;;;;;;;;;;;;;;;;;;;;;;;;

3293;FRANCISCO DE ASSIS ARAUJO SOUSA;;;JUAZEIRO DO NORTE;;;;CE;63.020-020;;(  )     -    ;;;016.400.453-09;;;;;
;;;FRANCISCANOS;;;;R. MONSENHOR ESMERALDO, 48, 0;;;;;;;;;;;

;;;;;;;;;;;;;;;;;;;;;;;;

1797;FRANCISCO DE MATOS ARRAIS;;;ANTONINA DO NORTE;;;;CE;63.570-000;;(  )     -    ;;;11.815.503/0001-31;;060052112;;;
;;;CENTRO;;;;MERCADO PULBLICO, 26;;;;;;;;;;;

;;;;;;;;;;;;;;;;;;;;;;;;

4510;FRANCISCO DIAS MERCEARIA;;;CAMPOS SALES;;;;CE;63.150-000;;( 8)89971-0818;;;17.350.660/0001-03;;066283590;;;
PROX. HOTEL MUNICIPAL;;;CENTRO;;;;R. JOAO ANTONIO DA SILVA, 50;;;;;;;;;;;

;;;;;;;;;;;;;;;;;;;;;;;;

989;FRANCISCO ELIDONIO ARRAIS;;;CAMPOS SALES;;;;CE;  .   -   ;;( 8)83533-1488;;;07.101.348/0001-14;;06.218.811-9;;;
;;;CENTRO;;;;R. VALDEMAR FALCAO,422, 0;;;;;;;;;;;

;;;;;;;;;;;;;;;;;;;;;;;;

1728;FRANCISCO EUDO BRAGA;;;SABOEIRO;;;;CE;63.590-000;;(  )     -    ;;;028.702.696-50;;;;;
EUDO;;;CENTRO;;;;R. FERNANDES BASTOS,561, 0;;;;;;;;;;;

;;;;;;;;;;;;;;;;;;;;;;;;

3165;FRANCISCO FABIANO ARRAIS DE ALENCAR ;;;ASSARE;;;;CE;63.140-000;;( 8)89992-9270;;;279.010.088-81;;;;;
;;;CENTRO;;;;R.EUCLIDES ONOFRE, 208, 0;;;;;;;;;;;

;;;;;;;;;;;;;;;;;;;;;;;;

1787;FRANCISCO FERREIRA DA SILVA;;;ANTONINA DO NORTE;;;;CE;63.570-000;;( 8)83525-1196;;;003.396.080-00145;;06.944.713-6;;;
;;;CENTRO;;;;AV. NELITO MENDES,179, 0;;;;;;;;;;;

;;;;;;;;;;;;;;;;;;;;;;;;

;;;;;;;;;;;;;;;;;;;;;;;;

ERES Informática LTDA.;;;;;PAG: 53;;;20/08/2026 - 09:44:21;;;025;

;;;;;;;;;;;;;;;;;;;;;;;;
;;;;;;;;;;;;;;;;;;;;;;;;

;;
;;;FRANCISCO LUCIANO ALVES HONORIO ME;;;;;;;
;;;Clientes por Vendedor  ;;;;;
;;

;;;;;;;;;;;;;;;;;;;;;;;;

Código;Nome Cliente;;;Cidade;;;;UF;CEP;;FONE;;;C.P.F./C.N.P.J;;R.G./C.G.F.;;;
Nome Fantasia;;;Bairro;;;;Endereço;;;;;

2215;FRANCISCO FONSECA CARDOSO;;;JUAZEIRO DO NORTE;;;;CE;  .   -   ;;( 8)83571-1250;;;033.462.773--72;;159.807;;;
GALEGO;;;TRIANGULO;;;;R.MARIA AURORA,114, 0;;;;;;;;;;;

;;;;;;;;;;;;;;;;;;;;;;;;

1645;FRANCISCO FRANCIELDO GINO;;;JUAZEIRO DO NORTE;;;;CE; 6.300-000;;( 8)53571-5736;;;458.960.623-20;;;;;
;;;TRIANGULO;;;;RUA VALDOMIRO MASSAL 365, 0;;;;;;;;;;;

;;;;;;;;;;;;;;;;;;;;;;;;

2549;FRANCISCO FRANCIEUDES GUEDES LIMA;;;JUAZEIRO DO NORTE;;;;CE;  .   -   ;;(  )     -    ;;;016.074.793-70;;;;;
MERCADINHO LIMA;;;TIMBAUBA;;;;R.22 DE JULHO,528, 0;;;;;;;;;;;

;;;;;;;;;;;;;;;;;;;;;;;;

417;FRANCISCO GENIVAL DE LACERDA ME;;;CAMPOS SALES;;;;CE;  .   -   ;;( 8)83533-2798;;;05.827.271/0001-39;;06.687.361-4;;;
COMERCIAL LACERDA;;;CENTRO;;;;R. SETE DE SETEMBRO, 210, 0;;;;;;;;;;;

;;;;;;;;;;;;;;;;;;;;;;;;

1801;FRANCISCO IRISMAR DE GOIS;;;ANTONINA DO NORTE;;;;CE;63.570-000;;(  )     -    ;;;790.369.453-72;;;;;
IRISMAR;;;MARIANO;;;;BARRO DOS MARIANO,S/N, 0;;;;;;;;;;;

;;;;;;;;;;;;;;;;;;;;;;;;

690;FRANCISCO JOSE DA CRUZ ME;;;POTENGI;;;;CE;  .   -   ;;( 8)83538-1249;;;86.960.218/0001-03;;06.852.492-7;;;
FRANCISCO JOSE;;;CENTRO;;;;R. MANOEL MONTEIRO,205, 0;;;;;;;;;;;

;;;;;;;;;;;;;;;;;;;;;;;;

700;FRANCISCO JUSSIE LEAL JUNIOR;;;ASSARE;;;;CE;  .   -   ;;( 8)89612-2160;;;03.614.277/0001-00;;06.291.475-8;;;
;;;ARATAMA;;;;R. VIRGILIO TAVORA LEAL,81, 0;;;;;;;;;;;

;;;;;;;;;;;;;;;;;;;;;;;;

1684;FRANCISCO LEITE DE MOURA;;;JUAZEIRO DO NORTE;;;;CE;63.040-110;;( 8)89923-4453;;;07.248.799/0001-89;;06.177702-1;;;
FRANCISCO LEITE;;;LAGOA SECA;;;;R. PEDRO CARDOSO SOBREIRA,402, 0;;;;;;;;;;;

;;;;;;;;;;;;;;;;;;;;;;;;

4092;FRANCISCO LUCIANO TEIXEIRA;;;ARARIPE;;;;CE;63.170-000;;(  )     -    ;;;02.949.560/0001-12;;062762770;;;
;;;ZONA RURAL;;;;DISTRITO SÍTIO TEIXEIRA, 0;;;;;;;;;;;

;;;;;;;;;;;;;;;;;;;;;;;;

2501;FRANCISCO MARCELINO DA SILVA;;;CAMPOS SALES;;;;CE;63.150-000;;( 8)83533-1101;;;41.308.875/0001-32;;06.005.385-2;;;
MARCELINO;;;CENTRO;;;;R. 10 DE NOVEMBRO,251, 0;;;;;;;;;;;

;;;;;;;;;;;;;;;;;;;;;;;;

2322;FRANCISCO MARCOS EVANGELISTA;;;ASSARE;;;;CE;  .   -   ;;( 8)83535-1812;;;777.516.043-87;;;;;
AGROVET;;;CENTRO;;;;R.SAO FRANCISCO, 42, 0;;;;;;;;;;;

;;;;;;;;;;;;;;;;;;;;;;;;

3781;FRANCISCO PINHEIRO DA SILVA;;;JUAZEIRO DO NORTE;;;;CE;  .   -   ;;( 8)88832-8158;;;835.989.363-20;;;;;
;;;TIRADENTES;;;;R. ODILON GOMES, 885, 0;;;;;;;;;;;

;;;;;;;;;;;;;;;;;;;;;;;;

;;;;;;;;;;;;;;;;;;;;;;;;

ERES Informática LTDA.;;;;;PAG: 54;;;20/08/2026 - 09:44:21;;;025;

;;;;;;;;;;;;;;;;;;;;;;;;
;;;;;;;;;;;;;;;;;;;;;;;;

;;
;;;FRANCISCO LUCIANO ALVES HONORIO ME;;;;;;;
;;;Clientes por Vendedor  ;;;;;
;;

;;;;;;;;;;;;;;;;;;;;;;;;

Código;Nome Cliente;;;Cidade;;;;UF;CEP;;FONE;;;C.P.F./C.N.P.J;;R.G./C.G.F.;;;
Nome Fantasia;;;Bairro;;;;Endereço;;;;;

2312;FRANCISCO ROBERTO DA SILVA;;;CAMPOS SALES;;;;CE;  .   -   ;;( 8)83533-1294;;;073.058.183-72;;;;;
;;;CENTRO;;;;R.NOROES,605, 0;;;;;;;;;;;

;;;;;;;;;;;;;;;;;;;;;;;;

1374;FRANCISCO RODRIGUES DE CASTRO;;;JUAZEIRO DO NORTE;;;;CE;63.041-050;;( 8)83571-7622;;;052.916.718-23;;19208118-4 SSP/SP;;;
O PAULISTA;;;TRIANGULO;;;;R. CLOTILDE NOROES MOTA,230, 0;;;;;;;;;;;

;;;;;;;;;;;;;;;;;;;;;;;;

4047;FRANCISCO SARAIVA FEITOSA MERCADINHO;;;JUAZEIRO DO NORTE;;;;CE;63.010-970;;( 8)89241-3725;;;06.290.335/0001-78;;061963259;;;
;;;PARQUE SAO GERALDO;;;;RUA CICERA PATRICIA COSTA, 167;;;;;;;;;;;

;;;;;;;;;;;;;;;;;;;;;;;;

3292;FRANCISCO TEIXEIRA SOBRINHO;;;JUAZEIRO DO NORTE;;;;CE;  .   -   ;;( 8)88829-6890;;;500.230.473-72;;;;;
;;;JOAO CABRAL;;;;R. PERPETUA C.DA CUNHA, 1074, 0;;;;;;;;;;;

;;;;;;;;;;;;;;;;;;;;;;;;

1808;FRANCISCO TEIXERA SOUZA;;;SABOEIRO;;;;CE;  .   -   ;;(  )     -    ;;;016.675.388-29;;;;;
;;;CENTRO;;;;R. CEL. SINFRONIO BRAGA,57, 0;;;;;;;;;;;

;;;;;;;;;;;;;;;;;;;;;;;;

5112;FRANCISCO VALDSON ALVES MARQUES ME;;;MOMBACA;;;;CE;63.610-000;;( 8)89672-6797;;;13.135.891/0001-35;;064235084;;;
EM FRENTE A PRACA/PROX POSTO JOSE BRAGA;;;RECREIO;;;;TRAV. VILA BETANIA II, 12;;;;;;;;;;;

;;;;;;;;;;;;;;;;;;;;;;;;

4814;FRANCIVAL OLIVEIRA SOUSA - MS;;;SALITRE;;;;CE;63.155-000;;( 8)89276-9805;;;06.257.154/0001-40;;066932670;;;
MERCADINHO CAZE, PROX. AO HOSPITAL;;;CENTRO;;;;R. ANTONIO PEREIRA DA SILVA, 463;;;;;;;;;;;

;;;;;;;;;;;;;;;;;;;;;;;;

5076;GENARIO GOMES DA COSTA ME;;;IGUATU;;;;CE;63.504-330;;( 8)83581-2861;;;03.820.868/0001-26;;062963600;;;
MERCANTIL CENTENARIO;;;VILA CENTENARIO;;;;R. ALCEU GONCALVES DOS REIS, 116;;;;;;;;;;;

;;;;;;;;;;;;;;;;;;;;;;;;

3308;GERALDO GONCALVES RIBEIRO ME;;;JUAZEIRO DO NORTE;;;;CE;60.020-070;;( 8)83511-2608;;;00.562.802/0001-95;;060688351;;;
;;;PIRAJA;;;;RUA DO LIMOEIRO, 1194;;;;;;;;;;;

;;;;;;;;;;;;;;;;;;;;;;;;

3544;GILMAR FERREIRA CAVALCANTE;;;POTENGI;;;;CE;63.160-000;;( 8)89298-8876;;;13.506.814/0001-44;;06.557.388-9;;;
;;;CENTRO;;;;AV. HERCULINO MARROCOS, 539, 0;;;;;;;;;;;

;;;;;;;;;;;;;;;;;;;;;;;;

4579;GILSON SILVA BERNARDO;;;JUAZEIRO DO NORTE;;;;CE;  .   -   ;;(  )     -    ;;;   .   .   -  ;;;;;
MARIA DE LOURDES;;;PEDRINHAS;;;;R. JOAQUIM LEANDRO DE SOUZA, 1354;;;;;;;;;;;

;;;;;;;;;;;;;;;;;;;;;;;;

1419;GISLAYNE ALENCAR DINIZ;;;CAMPOS SALES;;;;CE;63.150-000;;( 8)89906-1452;;;020.413.223-14;;;;;
NICO BEBIDAS;;;CENTRO;;;;RUA CORONEL BALECO, 460;;;;;;;;;;;

;;;;;;;;;;;;;;;;;;;;;;;;

;;;;;;;;;;;;;;;;;;;;;;;;

ERES Informática LTDA.;;;;;PAG: 55;;;20/08/2026 - 09:44:21;;;025;

;;;;;;;;;;;;;;;;;;;;;;;;
;;;;;;;;;;;;;;;;;;;;;;;;

;;
;;;FRANCISCO LUCIANO ALVES HONORIO ME;;;;;;;
;;;Clientes por Vendedor  ;;;;;
;;

;;;;;;;;;;;;;;;;;;;;;;;;

Código;Nome Cliente;;;Cidade;;;;UF;CEP;;FONE;;;C.P.F./C.N.P.J;;R.G./C.G.F.;;;
Nome Fantasia;;;Bairro;;;;Endereço;;;;;

3691;GONZAGA SILVA;;;CAMPOS SALES;;;;CE;  .   -   ;;(  )     -    ;;;   .   .   -  ;;;;;
;;;APARECIDA;;;;R.SAO PAULO,16, 0;;;;;;;;;;;

;;;;;;;;;;;;;;;;;;;;;;;;

580;GORGONIA PINHEIRO GONCALVES ME;;;SANTANA DO CARIRI;;;;CE;  .   -   ;;( 8)89965-4502;;;02.434.080/0001-19;;06.265.347-4;;;
MARILVA;;;VILA ANGIOS;;;;R. SAO JOAO, 20, 0;;;;;;;;;;;

;;;;;;;;;;;;;;;;;;;;;;;;

3911;GRACIELA PEREIRA SILVESTRE;;;ASSARE;;;;CE;63.140-000;;( 8)89618-7497;;;038.600.793-44;;;;;
JUNIOR;;;CENTRO;;;;RUA MERCADO PUBLICO, 38;;;;;;;;;;;

;;;;;;;;;;;;;;;;;;;;;;;;

3508;H. M. NONATO ME;;;SALITRE;;;;CE;63.155-000;;( 8)85333-2810;;;12.043.461/0001-20;;06.401.939-0;;;
;;;CENTRO;;;;AV. SAO PEDRO, 193, 0;;;;;;;;;;;

;;;;;;;;;;;;;;;;;;;;;;;;

1664;H.V.DA SILVA EVENTOS;;;CAMPOS SALES;;;;CE;63.150-000;;(  )     -    ;;;07.941.934/0001-77;;06.192.984-0;;;
;;;HIDELGARDO;;;;R.MANOEL VIANA ARRAES, 200, 0;;;;;;;;;;;

;;;;;;;;;;;;;;;;;;;;;;;;

2562;HAMILTON ARRAES ROZAL;;;ASSARE;;;;CE;  .   -   ;;( 8)83535-1651;;;00.167.182/0001-90;;06.881.455-0;;;
;;;CENTRO;;;;R.SAO FRANCISCO, 38, 0;;;;;;;;;;;

;;;;;;;;;;;;;;;;;;;;;;;;

643;HELAINE AGREILANDE BRITO DA SILVA ME;;;SABOEIRO;;;;CE;  .   -   ;;( 8)8 526-1163;;;05.608.847/0001-77;;06.677.723-2;;;
ANTONIO GONSAGA;;;CENTRO;;;;R. AMELIA LIMA BRAGA, 06, 0;;;;;;;;;;;

;;;;;;;;;;;;;;;;;;;;;;;;

2319;HELENA FRANCISCA DE JESUS;;;POTENGI;;;;CE;  .   -   ;;( 8)83538-1523;;;234.152.583-00;;;;;
;;;CENTRO;;;;R.MANOEL MONTEIRO, 434, 0;;;;;;;;;;;

;;;;;;;;;;;;;;;;;;;;;;;;

3020;HELOISA MARIA FERRAZ ;;;JUAZEIRO DO NORTE;;;;CE;  .   -   ;;( 8)83511-5611;;;466.177.283-00;;;;;
;;;FRANCISCANOS;;;;RUA SAO BENTO 760, 0;;;;;;;;;;;

;;;;;;;;;;;;;;;;;;;;;;;;

3825;HERCULANO SABINO DA SILVA;;;VARZEA ALEGRE;;;;CE;  .   -   ;;( 8)83541-1639;;;030.828.813-00;;;;;
;;;SITIO SANHARAL;;;;R. VICENTE GOMES FIUZA, S/N, 0;;;;;;;;;;;

;;;;;;;;;;;;;;;;;;;;;;;;

581;HERMANO DE ALENCAR NUVENS;;;SANTANA DO CARIRI;;;;CE;  .   -   ;;( 8)8 545-1258;;;059.224.293-53;;;;;
;;;CENTRO;;;;R.DR.JOSE AUGUSTO,300, 0;;;;;;;;;;;

;;;;;;;;;;;;;;;;;;;;;;;;

3567;HERMENEGILDO DE MOURA;;;JUAZEIRO DO NORTE;;;;CE;  .   -   ;;(  )     -    ;;;092.175.333-00;;;;;
;;;ANTONIO VIEIRA;;;;R. ENGENHEIRO JOSE VALTER, 194, 0;;;;;;;;;;;

;;;;;;;;;;;;;;;;;;;;;;;;

;;;;;;;;;;;;;;;;;;;;;;;;

ERES Informática LTDA.;;;;;PAG: 56;;;20/08/2026 - 09:44:21;;;025;

;;;;;;;;;;;;;;;;;;;;;;;;
;;;;;;;;;;;;;;;;;;;;;;;;

;;
;;;FRANCISCO LUCIANO ALVES HONORIO ME;;;;;;;
;;;Clientes por Vendedor  ;;;;;
;;

;;;;;;;;;;;;;;;;;;;;;;;;

Código;Nome Cliente;;;Cidade;;;;UF;CEP;;FONE;;;C.P.F./C.N.P.J;;R.G./C.G.F.;;;
Nome Fantasia;;;Bairro;;;;Endereço;;;;;

1003;HIDERLANIO PEREIRA DE ALENCAR;;;POTENGI;;;;CE;  .   -   ;;( 8)83538-1170;;;41.394.198/0001-12;;06.852.459-5;;;
;;;CENTRO;;;;PCA. 04 DE SETEMBRO,21, 0;;;;;;;;;;;

;;;;;;;;;;;;;;;;;;;;;;;;

2713;IGOR BRUNO MENEZES DE LACERDA;;;SANTANA DO CARIRI;;;;CE;  .   -   ;;(  )     -    ;;;03.466.363/0002-96;;06369296-1;;;
DR BRUNO;;;CENTRO;;;;RUA DR. JOSE AUGUSTO- 346, 0;;;;;;;;;;;

;;;;;;;;;;;;;;;;;;;;;;;;

4760;INALDO SOARES ANGELIM;;;PARNAMIRIM;;;;PE;56.163-000;;( 8)73883-1228;;;04.703.477/0001-94;;028680405;;;
;;;CENTRO;;;;R. MOISES GONCALVES LIMA, 7;;;;;;;;;;;

;;;;;;;;;;;;;;;;;;;;;;;;

496;IOLANDA MARIA MATIAS DIAS;;;ASSARE;;;;CE;  .   -   ;;( 8)8 535-1268;;;03.185.781/0001-24;;06.281.891-0;;;
IOLANDA MARIA;;;CENTRO;;;;R. EUCLIDES ONOFRE, 62, 0;;;;;;;;;;;

;;;;;;;;;;;;;;;;;;;;;;;;

3919;IRACEMA KALIANE ALVES;;;JUAZEIRO DO NORTE;;;;CE;  .   -   ;;( 8)88823-2526;;;023.931.763-73;;;;;
PROX.AO POSTO DE SAUDE;;;ANTONIO VIEIRA;;;;R. ANTONIO DOMINGOS, 196;;;;;;;;;;;

;;;;;;;;;;;;;;;;;;;;;;;;

1794;IRISMAR ANTONIO DE MATOS;;;ASSARE;;;;CE;  .   -   ;;(  )     -    ;;;03.432.238/0001-84;;06.079.615-4;;;
IRISMAR;;;CENTRO;;;;R. PADRE EMILIO CABRAL,232, 0;;;;;;;;;;;

;;;;;;;;;;;;;;;;;;;;;;;;

4813;IRLENE DOS SANTOS ACIOLI;;;CAMPOS SALES;;;;CE;63.150-000;;( 8)89656-1772;;;16.753.044/0001-22;;066134188;;;
;;;BATALHAO;;;;R. IZABEL MENDES BARRETO, 75;;;;;;;;;;;

;;;;;;;;;;;;;;;;;;;;;;;;

1793;IZAIAS ANTONIO DA SILVA;;;ANTONINA DO NORTE;;;;CE;63.570-000;;(  )     -    ;;;73.277.147/0001-05;;06.185.398-4;;;
IZAIAS;;;CENTRO;;;;R. ANTONIO DELFINO,78, 0;;;;;;;;;;;

;;;;;;;;;;;;;;;;;;;;;;;;

694;J. ALVES OLIVEIRA;;;SANTANA DO CARIRI;;;;CE;  .   -   ;;( 8)8 545-1431;;;02.630.169/0001-50;;06.269.095-7;;;
;;;CENTRO;;;;R. SAO MIGUEL,203, 0;;;;;;;;;;;

;;;;;;;;;;;;;;;;;;;;;;;;

1185;J. CARLOS DA SILVA;;;CAMPOS SALES;;;;CE;63.150-000;;( 8)83533-1015;;;41.321.209/0001-34;;060050365;;;
J. CARLOS;;;CENTRO;;;;RUA CORONEL BALECO, 624;;;;;;;;;;;

;;;;;;;;;;;;;;;;;;;;;;;;

3053;J. FIRMINO FILHO MERCEARIA;;;POTENGI;;;;CE;63.160-000;;( 8)83538-1352;;;11.253.626/0001-26;;06.386.769-9;;;
;;;CENTRO;;;;R. VILA MARROCOS,471, 0;;;;;;;;;;;

;;;;;;;;;;;;;;;;;;;;;;;;

438;J. GOMES DA SILVA GENEROS ALIMENTICIOS;;;JUAZEIRO DO NORTE;;;;CE;  .   -   ;;( 8)8 571-1884;;;02.812.531/0001-04;;06.273.053-3;;;
SR. DEZINHO;;;TRIANGULO;;;;R. VALDEMIRO NASSAU CARMO, 373, 0;;;;;;;;;;;

;;;;;;;;;;;;;;;;;;;;;;;;

;;;;;;;;;;;;;;;;;;;;;;;;

ERES Informática LTDA.;;;;;PAG: 57;;;20/08/2026 - 09:44:21;;;025;

;;;;;;;;;;;;;;;;;;;;;;;;
;;;;;;;;;;;;;;;;;;;;;;;;

;;
;;;FRANCISCO LUCIANO ALVES HONORIO ME;;;;;;;
;;;Clientes por Vendedor  ;;;;;
;;

;;;;;;;;;;;;;;;;;;;;;;;;

Código;Nome Cliente;;;Cidade;;;;UF;CEP;;FONE;;;C.P.F./C.N.P.J;;R.G./C.G.F.;;;
Nome Fantasia;;;Bairro;;;;Endereço;;;;;

1097;J.M. TENORIO ALVES;;;POTENGI;;;;CE;  .   -   ;;( 8)83538-1304;;;41.631.847/0001-51;;06.852.471-4;;;
;;;CENTRO;;;;R. MANOEL MONTEIRO,51, 0;;;;;;;;;;;

;;;;;;;;;;;;;;;;;;;;;;;;

1114;J.S. OLIVEIRA ME;;;CAMPOS SALES;;;;CE;  .   -   ;;( 8)83533-1718;;;02.689.221/0001-44;;06.060.139-6;;;
;;;GUARANI;;;;R.BOA VISTA,182, 0;;;;;;;;;;;

;;;;;;;;;;;;;;;;;;;;;;;;

3648;JACKCON JOSE DA SILVA ALVES;;;JUAZEIRO DO NORTE;;;;CE;  .   -   ;;( 8)88829-6589;;;033.113.594-96;;;;;
;;;JOAO CABRAL;;;;R.JAIME DORCY, 678, 0;;;;;;;;;;;

;;;;;;;;;;;;;;;;;;;;;;;;

2326;JAHILTON ALENCAR ARRAES;;;ASSARE;;;;CE;63.140-000;;( 8)83535-1812;;;04.135.834/0001-65;;06.303.447-6;;;
VETERIN.AGROVET;;;CENTRO;;;;R.SAO FRANCISCO, 37, 0;;;;;;;;;;;

;;;;;;;;;;;;;;;;;;;;;;;;

2526;JAYRO CABRAL BARBOSA;;;JUAZEIRO DO NORTE;;;;CE;63.000-000;;( 8)88812-2493;;;036.675.793-81;;;;;
MERC. BARBOSA;;;TIMBAUBA;;;;R JOAO PAULO I, 276, 0;;;;;;;;;;;

;;;;;;;;;;;;;;;;;;;;;;;;

1445;JEANE DUARTE DO NASCIMENTO;;;JUAZEIRO DO NORTE;;;;CE;63.018-450;;( 8)83572-8261;;;10.640.681/0001-06;;06.374.822-3;;;
;;;PEDRINHAS;;;;R.EXPEDITA FREITAS ROCHA, 08, 0;;;;;;;;;;;

;;;;;;;;;;;;;;;;;;;;;;;;

1131;JESUS ALVES BITU;;;ALTANEIRA;;;;CE;  .   -   ;;( 8)83548-1103;;;07.032.584/0001-26;;06.217.893-8;;;
JESUS;;;CENTRO;;;;R. FURTADO LEITE,63, 0;;;;;;;;;;;

;;;;;;;;;;;;;;;;;;;;;;;;

1030;JESUS SERGIO FEITOSA;;;POTENGI;;;;CE;  .   -   ;;( 8)83538-1194;;;06.924.286/0001-88;;06.813.212-3;;;
;;;CENTRO;;;;MERCADO PUBLICO,88, 0;;;;;;;;;;;

;;;;;;;;;;;;;;;;;;;;;;;;

3241;JOANA PAULA RICARDO DE LIMA;;;JUAZEIRO DO NORTE;;;;CE;63.081-000;;( 8)83572-2831;;;000.026.923-92;;;;;
EM FRENTE AO COLEGIO;;;TIRADENTES;;;;R.IVANI FEITOSA, 62, 0;;;;;;;;;;;

;;;;;;;;;;;;;;;;;;;;;;;;

3626;JOAO ALVES DA SILVA;;;CAMPOS SALES;;;;CE;  .   -   ;;( 8)89624-0510;;;828.484.248-34;;2001032036867;;;
LUCIANE;;;CENTRO;;;;R.JOAO SEVERO CORTEZ, 1204, 0;;;;;;;;;;;

;;;;;;;;;;;;;;;;;;;;;;;;

3704;JOAO ANTONIO DE BRITO;;;CAMPOS SALES;;;;CE;  .   -   ;;(  )     -    ;;;   .   .   -  ;;;;;
ZITO;;;GUARANI;;;;R.CELARINO DE CARVALHO, 257, 0;;;;;;;;;;;

;;;;;;;;;;;;;;;;;;;;;;;;

;;;;;;;;;;;;;;;;;;;;;;;;

ERES Informática LTDA.;;;;;PAG: 58;;;20/08/2026 - 09:44:21;;;025;

;;;;;;;;;;;;;;;;;;;;;;;;
;;;;;;;;;;;;;;;;;;;;;;;;

;;
;;;FRANCISCO LUCIANO ALVES HONORIO ME;;;;;;;
;;;Clientes por Vendedor  ;;;;;
;;

;;;;;;;;;;;;;;;;;;;;;;;;

Código;Nome Cliente;;;Cidade;;;;UF;CEP;;FONE;;;C.P.F./C.N.P.J;;R.G./C.G.F.;;;
Nome Fantasia;;;Bairro;;;;Endereço;;;;;

1269;JOAO ERIDAM BEZERRA DE MOURA ME;;;CAMPOS SALES;;;;CE;63.150-000;;( 8)83533-1628;;;07.292.444/0001-97;;06.005.304-6;;;
JOAO ERIDAM;;;CENTRO;;;;R. JULIO NOROES,371, 0;;;;;;;;;;;

;;;;;;;;;;;;;;;;;;;;;;;;

1156;JOAO ESTALECE DE SOUZA-ME;;;CAMPOS SALES;;;;CE;  .   -   ;;( 8)83533-1364;;;07.102.585/0001-08;;06.218.919-0;;;
JOAO;;;CENTRO;;;;R. VALDEMAR FALCAO,419, 0;;;;;;;;;;;

;;;;;;;;;;;;;;;;;;;;;;;;

3713;JOAO PROMOÇÃO;;;POTENGI;;;;CE;  .   -   ;;(  )     -    ;;;  .   .   /    -  ;;;;;
;;;POPULARES;;;;RUA DAS FLORES, 27;;;;;;;;;;;

;;;;;;;;;;;;;;;;;;;;;;;;

414;JOAO SERAFIM DA SILVA;;;CAMPOS SALES;;;;CE;  .   -   ;;( 8)8 533-5005;;;00.393.191/0001-07;;06.946.620-3;;;
JOAO;;;ITAGUA;;;;R. RAIMUNDO INACIO, 06, 0;;;;;;;;;;;

;;;;;;;;;;;;;;;;;;;;;;;;

1858;JOAO VICENTE OLIVEIRA;;;JUAZEIRO DO NORTE;;;;CE;  .   -   ;;( 8)83571-5730;;;030.819.742-91;;;;;
;;;LAGOA SECA;;;;R.DOM ALMEIDA, 220, 0;;;;;;;;;;;

;;;;;;;;;;;;;;;;;;;;;;;;

1792;JOSE ABREU FILHO ME;;;ASSARE;;;;CE;63.140-000;;(  )     -    ;;;35.037.779/0001-02;;06.054.475-9;;;
JOSE ABREU;;;CENTRO;;;;AV. SAO FRANCISCO,118, 0;;;;;;;;;;;

;;;;;;;;;;;;;;;;;;;;;;;;

3710;JOSE ADAUTO DA SILVA;;;SALITRE;;;;CE;63.155-000;;( 8)89309-1648;;;42.215.072/334 -  ;;;;;
DADA;;;CENTRO;;;;RUA ALENCAR, 399;;;;;;;;;;;

;;;;;;;;;;;;;;;;;;;;;;;;

1477;JOSE ADISIO PINHEIRO;;;JUAZEIRO DO NORTE;;;;CE;  .   -   ;;( 8)83511-1300;;;171.472.473-53;;1135699 SSP/CE;;;
JOSE;;;FRANCISCANOS;;;;R. PRIMEIRO DE MAIO,78, 0;;;;;;;;;;;

;;;;;;;;;;;;;;;;;;;;;;;;

4259;JOSE ANDRADE LACERDA;;;CAMPOS SALES;;;;CE;63.150-000;;( 8)89661-3873;;;16.665.724/0001-94;;066117895;;;
;;;ALTO ALEGRE;;;;RUA JACOB CORTEZ, 189;;;;;;;;;;;

;;;;;;;;;;;;;;;;;;;;;;;;

4767;JOSE APARECIDO OLIVEIRA NETO;;;CACHOEIRA DOS INDIOS;;;;PB;58.935-000;;( 8)33558-1063;;;02.975.454/0001-03;;161235522;;;
MERCEARIA 2 IRMAOS/ DE DA BUDEGA;;;CENTRO;;;;R. JOSE FRANCISCO DE SOUZA, 31;;;;;;;;;;;

;;;;;;;;;;;;;;;;;;;;;;;;

1743;JOSE BARBOSA LIMA;;;JUAZEIRO DO NORTE;;;;CE;  .   -   ;;( 8)88815-9937;;;621.150.223-00;;;;;
;;;SANTA TEREZA;;;;R.RUI BARBOSA, 423, 0;;;;;;;;;;;

;;;;;;;;;;;;;;;;;;;;;;;;

1490;JOSE BENTO DA SILVA;;;ARARIPE;;;;CE;63.170-000;;(  )     -    ;;;763.618.888-00;;7508134;;;
JOSE BENTO;;;CENTRO;;;;R. ALEXANDRE ARRAIS,748, 0;;;;;;;;;;;

;;;;;;;;;;;;;;;;;;;;;;;;

;;;;;;;;;;;;;;;;;;;;;;;;

ERES Informática LTDA.;;;;;PAG: 59;;;20/08/2026 - 09:44:21;;;025;

;;;;;;;;;;;;;;;;;;;;;;;;
;;;;;;;;;;;;;;;;;;;;;;;;

;;
;;;FRANCISCO LUCIANO ALVES HONORIO ME;;;;;;;
;;;Clientes por Vendedor  ;;;;;
;;

;;;;;;;;;;;;;;;;;;;;;;;;

Código;Nome Cliente;;;Cidade;;;;UF;CEP;;FONE;;;C.P.F./C.N.P.J;;R.G./C.G.F.;;;
Nome Fantasia;;;Bairro;;;;Endereço;;;;;

3296;JOSE CASSIANO FERREIRA FILHO;;;JUAZEIRO DO NORTE;;;;CE;63.051-040;;(  )     -    ;;;434.015.543-87;;;;;
;;;JOAO CABRAL;;;;R. PERPETUA C. DA CUNHA, 411, 0;;;;;;;;;;;

;;;;;;;;;;;;;;;;;;;;;;;;

2533;JOSE CESARIO DA SILVA;;;POTENGI;;;;CE;63.160-000;;( 8)83538-1492;;;219.669.743-53;;;;;
JOSE;;;CENTRO;;;;R. SARGENTO DUDU,09, 0;;;;;;;;;;;

;;;;;;;;;;;;;;;;;;;;;;;;

3835;JOSE CICERO GOMES DE OLIVEIRA;;;JUAZEIRO DO NORTE;;;;CE;  .   -   ;;(  )     -    ;;;403.776.793-72;;;;;
;;;VILA TRES MARIAS;;;;AV. CENTRAL - ANTONIO ALVES COUTO, 81, 0;;;;;;;;;;;

;;;;;;;;;;;;;;;;;;;;;;;;

3791;JOSE CICERO LEITE DA SILVA;;;JUAZEIRO DO NORTE;;;;CE;63.100-000;;( 8)89992-1211;;;282.242.558-24;;39417977-8;;;
;;;HORTO;;;;R. DO HORTO, 511, 0;;;;;;;;;;;

;;;;;;;;;;;;;;;;;;;;;;;;

1552;JOSE DE SOUZA LEITE;;;CAMPOS SALES;;;;CE;  .   -   ;;( 8)89617-9344;;;29.857.279/368 -  ;;97840386;;;
JOSE;;;ESPANSAO;;;;R.JOAO 23,SN, 0;;;;;;;;;;;

;;;;;;;;;;;;;;;;;;;;;;;;

642;JOSE EDVAN FERNANDES;;;SABOEIRO;;;;CE;  .   -   ;;( 8)8 526-1295;;;02.340.167/0001-27;;06.998.492-1;;;
;;;CENTRO;;;;CENTRAL DE ABASTECIMENTO, 05, 0;;;;;;;;;;;

;;;;;;;;;;;;;;;;;;;;;;;;

372;JOSE ELANIO DIAS DE MELO;;;JUAZEIRO DO NORTE;;;;CE;63.020-080;;( 8)8 511-1303;;;02.345.600/0001-17;;069992363;;;
JOSE ELANIO;;;FRANCISCANOS;;;;R. SAO BENEDITO, 1212, 0;;;;;;;;;;;

;;;;;;;;;;;;;;;;;;;;;;;;

3967;JOSE ELIAS DE OLIVEIRA;;;JUAZEIRO DO NORTE;;;;CE;  .   -   ;;( 8)83511-5648;;;519.655.423-87;;;;;
;;;FRANCISCANOS;;;;RUA SANTA ISABEL, 1525;;;;;;;;;;;

;;;;;;;;;;;;;;;;;;;;;;;;

1730;JOSE ERINALDO PAULINO BASTO;;;SABOEIRO;;;;CE;63.590-000;;(  )     -    ;;;724.450.683-04;;;;;
ERINALDO;;;CENTRO;;;;R. FERNANDES BASTOS,550, 0;;;;;;;;;;;

;;;;;;;;;;;;;;;;;;;;;;;;

1112;JOSE EUDES DE OLIVEIRA ME;;;ALTANEIRA;;;;CE;  .   -   ;;( 8)83548-1125;;;01.229.588/0001-12;;06.972.098-3;;;
JOSE EUDES/ DEDE PIO;;;CENTRO;;;;R. AGAMENON COELHO, 423;;;;;;;;;;;

;;;;;;;;;;;;;;;;;;;;;;;;

2535;JOSE EUNIRON RODRIGUES AMERICO;;;POTENGI;;;;CE;63.160-000;;( 8)83538-1419;;;02.603.380/0001-84;;06.268.326-8;;;
LANCHES BAR;;;CENTRO;;;;PRACA CESAR CALS,15, 0;;;;;;;;;;;

;;;;;;;;;;;;;;;;;;;;;;;;

2052;JOSE FERREIRA LIMA;;;JUAZEIRO DO NORTE;;;;CE;  .   -   ;;( 8)89238-0819;;;462.296.633-68;;;;;
;;;FRANCISCANOS;;;;R.MONS.ESMERALDO, 725, 0;;;;;;;;;;;

;;;;;;;;;;;;;;;;;;;;;;;;

;;;;;;;;;;;;;;;;;;;;;;;;

ERES Informática LTDA.;;;;;PAG: 60;;;20/08/2026 - 09:44:21;;;025;

;;;;;;;;;;;;;;;;;;;;;;;;
;;;;;;;;;;;;;;;;;;;;;;;;

;;
;;;FRANCISCO LUCIANO ALVES HONORIO ME;;;;;;;
;;;Clientes por Vendedor  ;;;;;
;;

;;;;;;;;;;;;;;;;;;;;;;;;

Código;Nome Cliente;;;Cidade;;;;UF;CEP;;FONE;;;C.P.F./C.N.P.J;;R.G./C.G.F.;;;
Nome Fantasia;;;Bairro;;;;Endereço;;;;;

3684;JOSE FLAVIO ALVES DO NASCIMENTO;;;JUAZEIRO DO NORTE;;;;CE;  .   -   ;;( 8)88826-6498;;;826.339.083-49;;;;;
;;;AEROPORTO;;;;R.SERGIANA FREIRE GUEDES, 04, 0;;;;;;;;;;;

;;;;;;;;;;;;;;;;;;;;;;;;

336;JOSE GOMES DINIZ FILHO;;;CAMPOS SALES;;;;CE;  .   -   ;;( 8)89963-7485;;;   .   .   -  ;;;;;
JOSE DINIZ;;;CENTRO;;;;TRAVESSA SAO LUCAS,29, 0;;;;;;;;;;;

;;;;;;;;;;;;;;;;;;;;;;;;

1726;JOSE ITAMAR PEREIRA ME;;;SABOEIRO;;;;CE;63.590-000;;(  )     -    ;;;00.443.371/0001-48;;06.950.135-1;;;
ITAMAR;;;CENTRO;;;;R. MANOEL LITO C.DOS SANTOS,40, 0;;;;;;;;;;;

;;;;;;;;;;;;;;;;;;;;;;;;

5018;JOSE IVAN VIEIRA FELINTO;;;JUAZEIRO DO NORTE;;;;CE;63.018-470;;( 8)88829-7443;;;16.774.591/0001-94;;;;;
MERCEARIA DA FRANCISCA/ IVAN DAS PANELAS;;;PEDRINHAS;;;;R ANTONIO OLIVEIRA DE SOUZA, 57;;;;;;;;;;;

;;;;;;;;;;;;;;;;;;;;;;;;

677;JOSE JANUARIO DO NASCIMENTO;;;ARARIPE;;;;CE;  .   -   ;;( 8)8 530-1149;;;07.539.844/0001-54;;06.251.110-6;;;
JANUARIO;;;CENTRO;;;;R. QUINZE DE NOVEMBRO, 68, 0;;;;;;;;;;;

;;;;;;;;;;;;;;;;;;;;;;;;

636;JOSE JOAQUIM DA CRUZ ME;;;POTENGI;;;;CE;  .   -   ;;( 8)8 538-1183;;;07.031.891/0001-92;;06.031.076-6;;;
JOSE JOAQUIM;;;CENTRO;;;;R. MANOEL MONTEIRO, 197, 0;;;;;;;;;;;

;;;;;;;;;;;;;;;;;;;;;;;;

4331;JOSE JUAN VIEIRA FILHO;;;JUAZEIRO DO NORTE;;;;CE;63.018-470;;( 8)88829-7443;;;16.774.591/0001-94;;066140480;;;
;;;PEDRINHA;;;;R. ANTONIO OLIVEIRA DE SOUZA, 57;;;;;;;;;;;

;;;;;;;;;;;;;;;;;;;;;;;;

1754;JOSE LAUDIR ALVES;;;ASSARE;;;;CE;63.140-000;;(  )     -    ;;;124.325.898-58;;;;;
JOSE LAUDIR;;;CENTRO;;;;R. EUCLIDES ONOFRE,422, 0;;;;;;;;;;;

;;;;;;;;;;;;;;;;;;;;;;;;

3688;JOSE LUIZ DA SILVA;;;JUAZEIRO DO NORTE;;;;CE;  .   -   ;;( 8)89808-4548;;;884.629.003-87;;;;;
;;;AEROPORTO;;;;R.SEBASTIAO REGIS, 295, 0;;;;;;;;;;;

;;;;;;;;;;;;;;;;;;;;;;;;

1938;JOSE MARTINS ALVES;;;JUAZEIRO DO NORTE;;;;CE;  .   -   ;;( 8)88804-7435;;;171.286.253-72;;;;;
;;;ROMEIRAO;;;;R.OZANA PEREIRA,218, 0;;;;;;;;;;;

;;;;;;;;;;;;;;;;;;;;;;;;

3929;JOSE NICODEMOS DINIZ ME;;;CAMPOS SALES;;;;CE;63.150-000;;( 8)89928-1787;;;00.557.110/0001-59;;06.961.806-2;;;
;;;CENTRO;;;;R. CORONEL BALECO, 589, 0;;;;;;;;;;;

;;;;;;;;;;;;;;;;;;;;;;;;

1893;JOSE NILTON DO NASCIMENTO;;;JUAZEIRO DO NORTE;;;;CE;  .   -   ;;( 8)89929-4852;;;399.508.163-00;;028083 MT CE;;;
JOSE NILTON;;;SANTA TEREZA;;;;R. VULUNTARIO DE QUARTOZE,126, 0;;;;;;;;;;;

;;;;;;;;;;;;;;;;;;;;;;;;

;;;;;;;;;;;;;;;;;;;;;;;;

ERES Informática LTDA.;;;;;PAG: 61;;;20/08/2026 - 09:44:21;;;025;

;;;;;;;;;;;;;;;;;;;;;;;;
;;;;;;;;;;;;;;;;;;;;;;;;

;;
;;;FRANCISCO LUCIANO ALVES HONORIO ME;;;;;;;
;;;Clientes por Vendedor  ;;;;;
;;

;;;;;;;;;;;;;;;;;;;;;;;;

Código;Nome Cliente;;;Cidade;;;;UF;CEP;;FONE;;;C.P.F./C.N.P.J;;R.G./C.G.F.;;;
Nome Fantasia;;;Bairro;;;;Endereço;;;;;

1457;JOSE NONATO DE SOUZA;;;CAMPOS SALES;;;;CE;  .   -   ;;(  )     -    ;;;399.390.653-53;;;;;
JOSE NONATO;;;CENTRO;;;;R. 10 DE NOVEMBRO,75, 0;;;;;;;;;;;

;;;;;;;;;;;;;;;;;;;;;;;;

1871;JOSE OZENILTON DE SOUZA CAMPOS;;;JUAZEIRO DO NORTE;;;;CE;  .   -   ;;( 8)83512-1904;;;307.973.223-53;;;;;
OZENILTON;;;FRANCISCANOS;;;;R. VINTE DOIS DE JULHO,194, 0;;;;;;;;;;;

;;;;;;;;;;;;;;;;;;;;;;;;

3673;JOSE PEREIRA MELO;;;JUAZEIRO DO NORTE;;;;CE;  .   -   ;;( 8)83572-2466;;;162.822.483-53;;;;;
;;;TIMBAUBA;;;;R.JOSE LUIZ SIEBRA, 375, 375;;;;;;;;;;;

;;;;;;;;;;;;;;;;;;;;;;;;

946;JOSE RIBAMAR DIAS DA SILVA;;;JUAZEIRO DO NORTE;;;;CE;  .   -   ;;( 8)89959-4059;;;917.569.603-72;;960292407-48;;;
;;;TIMBAUBA;;;;R. ANTONIA MARIA DA CONCEICAO,372, 0;;;;;;;;;;;

;;;;;;;;;;;;;;;;;;;;;;;;

3662;JOSE ROBERTO SOUSA FERREIRA;;;JUAZEIRO DO NORTE;;;;CE;63.000-000;;( 8)89906-3657;;;05.303.761/0001-36;;066717230;;;
;;;FRANCISCANOS;;;;RUA SAO BENEDITO, 1163;;;;;;;;;;;

;;;;;;;;;;;;;;;;;;;;;;;;

2680;JOSE VALMISQUES FIRMEZA ME;;;ASSARE;;;;CE;63.140-000;;(  )     -  88;;;08.278.651/0001-50;;06.198.560-0;;;
;;;CENTRO;;;;R.PE.AGAMENON M.COELHO, 09, 0;;;;;;;;;;;

;;;;;;;;;;;;;;;;;;;;;;;;

3867;JOSE WILTON QUINTINO;;;JUAZEIRO DO NORTE;;;;CE;  .   -   ;;( 8)88853-5983;;;052.058.753-72;;;;;
;;;TIRADENTES;;;;R.JOSE HENRIQUE BRASILEIRO, 417, 0;;;;;;;;;;;

;;;;;;;;;;;;;;;;;;;;;;;;

4258;JOSEFA ELIANE OLIVEIRA SOARES;;;JUAZEIRO DO NORTE;;;;CE;  .   -   ;;( 8)88857-4144;;;981.171.223-91;;;;;
;;;FRANCISCANOS;;;;RUA ERNESTINA SOBREIRA, 125;;;;;;;;;;;

;;;;;;;;;;;;;;;;;;;;;;;;

2925;JOSEFA SOBRAL FILGUEIRA ME;;;ASSARE;;;;CE;  .   -   ;;( 8)83535-1292;;;06.218.905/0001-19;;066944732;;;
FRIGO FRUTAS FILGUEIRA;;;CENTRO;;;;RUA PADRE EMILIO CABRAL 329, 0;;;;;;;;;;;

;;;;;;;;;;;;;;;;;;;;;;;;

3160;JOSEFRAN TEIXEIRA SAMPAIO;;;ALTANEIRA;;;;CE;63.195-000;;( 8)89296-0188;;;11.699.958/0001-39;;06.393.118-4;;;
CASA DO CRIADOR;;;CENTRO;;;;R. APOLONIO DE OLIVEIRA,158, 0;;;;;;;;;;;

;;;;;;;;;;;;;;;;;;;;;;;;

1971;JOSENILSON DOURADO LANDIM;;;JUAZEIRO DO NORTE;;;;CE;  .   -   ;;( 8)89204-4520;;;258.514.204-30;;;;;
JOSENILSON;;;TRIANGULO;;;;R. JOSE BERNARDO DA SILVA,605, 0;;;;;;;;;;;

;;;;;;;;;;;;;;;;;;;;;;;;

1599;JOSIVALDO GABRIEL QUIRINO - ME;;;JUAZEIRO DO NORTE;;;;CE;  .   -   ;;( 8)88845-8630;;;07.821.420/0001-88;;06.191.234-4;;;
MAX-FRIOS;;;PIRAJA;;;;R.VEREADOR JOSE RODRIGUES,273, 0;;;;;;;;;;;

;;;;;;;;;;;;;;;;;;;;;;;;

;;;;;;;;;;;;;;;;;;;;;;;;

ERES Informática LTDA.;;;;;PAG: 62;;;20/08/2026 - 09:44:21;;;025;

;;;;;;;;;;;;;;;;;;;;;;;;
;;;;;;;;;;;;;;;;;;;;;;;;

;;
;;;FRANCISCO LUCIANO ALVES HONORIO ME;;;;;;;
;;;Clientes por Vendedor  ;;;;;
;;

;;;;;;;;;;;;;;;;;;;;;;;;

Código;Nome Cliente;;;Cidade;;;;UF;CEP;;FONE;;;C.P.F./C.N.P.J;;R.G./C.G.F.;;;
Nome Fantasia;;;Bairro;;;;Endereço;;;;;

3409;JULIETA ALBERTINA DA SILVA ARAUJO;;;JUAZEIRO DO NORTE;;;;CE;  .   -   ;;( 8)83511-0919;;;09.501.647/0001-71;;06.880.987-5;;;
JULIETA ALBERTINA;;;ANTONIO VIEIRA;;;;R. LADISLAU DE ARRUDA CAMPOS, 181, 0;;;;;;;;;;;

;;;;;;;;;;;;;;;;;;;;;;;;

4255;JULINHA DARLANIA MATOS DE LIRA;;;JUAZEIRO DO NORTE;;;;CE;63.404-10 ;;( 8)88813-0159;;;054.692.073-07;;;;;
;;;CAMPO ALEGRE;;;;RUA PROF. VANEIDE BEZERRA, 1858;;;;;;;;;;;

;;;;;;;;;;;;;;;;;;;;;;;;

1076;JURANDI FERREIRA LIMA;;;JUAZEIRO DO NORTE;;;;CE;  .   -   ;;( 8)83512-6217;;;   .   .   -  ;;;;;
;;;FRANCISCANOS;;;;R. MONSENHOR ESMERALDO,725, 0;;;;;;;;;;;

;;;;;;;;;;;;;;;;;;;;;;;;

1588;KATIA CRISTINA VIEIRA;;;JUAZEIRO DO NORTE;;;;CE;  .   -   ;;( 8)83587-2599;;;829.019.883-34;;97029133842SSP/CE;;;
ARROZ TIA SHEILA;;;PIRAJA;;;;R. FAUSTO GUIMARAES,25-A, 0;;;;;;;;;;;

;;;;;;;;;;;;;;;;;;;;;;;;

2674;KLEBER FRANCISCO DOS SANTOS ME;;;CAMPOS SALES;;;;CE;63.150-000;;( 8)89965-6028;;;05.418.209/0001-93;;066736684;;;
MARIZETE;;;CENTRO;;;;R. JULIO NOROES,492, 0;;;;;;;;;;;

;;;;;;;;;;;;;;;;;;;;;;;;

4420;L.M DOS REIS SILVA;;;CAMPOS SALES;;;;CE;63.150-000;;( 8)83533-2041;;;10.730.964/0001-49;;063772337;;;
POR TRAS DA IGREJA;;;GUARANI;;;;R. DOS GUARARAPES, 30;;;;;;;;;;;

;;;;;;;;;;;;;;;;;;;;;;;;

1322;LAZARO PEREIRA DE CARVALHO ME;;;ASSARE;;;;CE;63.140-000;;( 8)89612-2430;;;06.222.808/0001-08;;06.691.154-0;;;
LAZARO;;;CENTRO;;;;R. EUCLIDES ONOFRE,254, 0;;;;;;;;;;;

;;;;;;;;;;;;;;;;;;;;;;;;

4015;LEANDRO ALVES DE SOUZA;;;JUAZEIRO DO NORTE;;;;CE;  .   -   ;;(  )     -    ;;;049.854.903-85;;2007029049162;;;
;;;LIMOEIRO;;;;R. 22 DE JULHO, 1253, 0;;;;;;;;;;;

;;;;;;;;;;;;;;;;;;;;;;;;

2193;LEONARDA PEREIRA DOS SANTOS;;;JUAZEIRO DO NORTE;;;;CE;63.041-060;;( 8)88829-0199;;;08.317.857/0001-41;; 061996670;;;
MERC.SAO FCO.;;;TRIANGULO;;;;R.AMADEU CORDEIRO, 78;;;;;;;;;;;

;;;;;;;;;;;;;;;;;;;;;;;;

678;LIDUINA AMORIM DE FIGUEIREDO;;;ARARIPE;;;;CE;  .   -   ;;( 8)8 530-1244;;;41.308.982/0001-60;;06.060.047-0;;;
;;;RIACHO GRANDE;;;;R. JOSE CIRILO, 43, 0;;;;;;;;;;;

;;;;;;;;;;;;;;;;;;;;;;;;

3857;LILIAN SOUZA E SILVA;;;SALITRE;;;;CE;  .   -   ;;( 8)89263-2841;;;13.994.403/0001-45;;06.568.259-9;;;
JONAS;;;CENTRO;;;;R.SAO PEDRO, 168, 0;;;;;;;;;;;

;;;;;;;;;;;;;;;;;;;;;;;;

3827;LINDALVA GOMES BITU;;;VARZEA ALEGRE;;;;CE;  .   -   ;;(  )     -    ;;;860.219.663-68;;;;;
MERCADINHO PINGA/EM FRENTE AO MERC.YASMIM;;;SITIO SANHARAL;;;;R. RAIMUNDO DE MORAES, S/N, 0;;;;;;;;;;;

;;;;;;;;;;;;;;;;;;;;;;;;

;;;;;;;;;;;;;;;;;;;;;;;;

ERES Informática LTDA.;;;;;PAG: 63;;;20/08/2026 - 09:44:21;;;025;

;;;;;;;;;;;;;;;;;;;;;;;;
;;;;;;;;;;;;;;;;;;;;;;;;

;;
;;;FRANCISCO LUCIANO ALVES HONORIO ME;;;;;;;
;;;Clientes por Vendedor  ;;;;;
;;

;;;;;;;;;;;;;;;;;;;;;;;;

Código;Nome Cliente;;;Cidade;;;;UF;CEP;;FONE;;;C.P.F./C.N.P.J;;R.G./C.G.F.;;;
Nome Fantasia;;;Bairro;;;;Endereço;;;;;

330;LINDOMAR CASTILHO DE OLIVEIRA;;;CAMPOS SALES;;;;CE;  .   -   ;;(  )     -    ;;;03.568.033/0001-20;;06.291.474-0;;;
LINDOMAR CASTILHO;;;GUARANI;;;;R. DA LIBERDADE,306, 0;;;;;;;;;;;

;;;;;;;;;;;;;;;;;;;;;;;;

2313;LUANA KARLA MENDES LINARD;;;ANTONINA DO NORTE;;;;CE;  .   -   ;;( 8)83525-1105;;;07.990.375/0001-95;;06.914.437-0;;;
;;;CENTRO;;;;R.JOANA LIMA, 06, 0;;;;;;;;;;;

;;;;;;;;;;;;;;;;;;;;;;;;

4828;LUCIANA ARAUJO CHAVES;;;SABOEIRO;;;;CE;  .   -   ;;(  )     -    ;;;306.397.598-23;;;;;
PROX. A CASA DO SERTAO/PET SHOP LATIDOS E MIADOS;;;CENTRO;;;;R. MONS. MANOEL CANDIDO, 65;;;;;;;;;;;

;;;;;;;;;;;;;;;;;;;;;;;;

371;LUIZ BEZERRA DE SOUSA;;;JUAZEIRO DO NORTE;;;;CE;  .   -   ;;( 8)8 511-4253;;;12.341.301/0001-68;;06.068.954-4;;;
LIBRA MERCANTIL;;;FRANCISCANOS;;;;R. D. PEDRO II, 1130, 0;;;;;;;;;;;

;;;;;;;;;;;;;;;;;;;;;;;;

3772;LUIZ DOS SANTOS SOUZA;;;JUAZEIRO DO NORTE;;;;CE;63.018-430;;( 8)88834-6077;;;509.764.785-87;;2006029049849;;;
;;;PEDRINHAS;;;;R. ALDINA BARBOSA, 04, 0;;;;;;;;;;;

;;;;;;;;;;;;;;;;;;;;;;;;

3812;LUIZ NONATO OLIVEIRA;;;JUAZEIRO DO NORTE;;;;CE;  .   -   ;;( 8)89612-0280;;;128.545.938-55;;;;;
;;;PIRAJA;;;;R.RUI BARBOSA, 361, 0;;;;;;;;;;;

;;;;;;;;;;;;;;;;;;;;;;;;

4670;M C A MOTA VELOSO MERCEARIA ME;;;CAMPOS SALES;;;;CE;63.150-000;;( 8)89914-7214;;;10.584.562/0001-83;;063767147;;;
;;;CENTRO;;;;TRAV. HOTEL MUNICIPAL, 79;;;;;;;;;;;

;;;;;;;;;;;;;;;;;;;;;;;;

3532;M. P. DA SILVA MERCEARIA;;;JUAZEIRO DO NORTE;;;;CE;63.035-020;;( 8)83572-1360;;;11.929.735/0001-10;;064029182;;;
SO A VISTA;;;PEDRINHA;;;;R. JOAQUIM LEANDRO DE SOUZA, 42;;;;;;;;;;;

;;;;;;;;;;;;;;;;;;;;;;;;

1355;M. PRESSA DA SILVA MERCEARIA;;;CAMPOS SALES;;;;CE;  .   -   ;;(  )     -    ;;;07.550.141/0001-27;;06.185.585-5;;;
;;;CENTRO;;;;AV.FCO.VELOSO DE ANDRADE, 413, 0;;;;;;;;;;;

;;;;;;;;;;;;;;;;;;;;;;;;

506;M. WYDIANE B. LOPES SAMPAIO;;;NOVA OLINDA;;;;CE;  .   -   ;;( 8)8 546-1648;;;05.117.797/0001-25;;06.667.414-0;;;
;;;CENTRO;;;;R. SETE DE SETEMBRO, 137, 0;;;;;;;;;;;

;;;;;;;;;;;;;;;;;;;;;;;;

3011;M.A DE LIMA COSTA MERCEARIA;;;SABOEIRO;;;;CE;  .   -   ;;( 8)83523-1236;;;06.864.754/0001-76;;061952222;;;
;;;NOSSA SENHORA DE FATIMA;;;;RUA ELIZEU HERBESTER 294, 0;;;;;;;;;;;

;;;;;;;;;;;;;;;;;;;;;;;;

;;;;;;;;;;;;;;;;;;;;;;;;

ERES Informática LTDA.;;;;;PAG: 64;;;20/08/2026 - 09:44:21;;;025;

;;;;;;;;;;;;;;;;;;;;;;;;
;;;;;;;;;;;;;;;;;;;;;;;;

;;
;;;FRANCISCO LUCIANO ALVES HONORIO ME;;;;;;;
;;;Clientes por Vendedor  ;;;;;
;;

;;;;;;;;;;;;;;;;;;;;;;;;

Código;Nome Cliente;;;Cidade;;;;UF;CEP;;FONE;;;C.P.F./C.N.P.J;;R.G./C.G.F.;;;
Nome Fantasia;;;Bairro;;;;Endereço;;;;;

1458;M.D. PAULINO SAMPAIO ME;;;CAMPOS SALES;;;;CE;  .   -   ;;( 8)89908-5903;;;07.129.707/0001-41;;06.700.234-0;;;
;;;CENTRO;;;;R. FRANCISCO GOMES DE SOUZA,130, 0;;;;;;;;;;;

;;;;;;;;;;;;;;;;;;;;;;;;

1242;M.E. ALVES PAULINO ME;;;CAMPOS SALES;;;;CE;  .   -   ;;( 8)83533-1952;;;02.736.869/0001-24;;06.272.737-0;;;
TIBURCIO;;;CENTRO;;;;AV. SETE DE SETEMBRO,338, 0;;;;;;;;;;;

;;;;;;;;;;;;;;;;;;;;;;;;

2872;M.S ESMERALDO MOURA ME;;;ASSARE;;;;CE;  .   -   ;;( 8)89961-4018;;;02.842.093/0001-27;;062733559;;;
;;;CENTRO;;;;R.AGAMENON DE MATOS COELHO,25, 0;;;;;;;;;;;

;;;;;;;;;;;;;;;;;;;;;;;;

2473;M.S.SILVA RODRIGUES JACO;;;JUAZEIRO DO NORTE;;;;CE;  .   -   ;;( 8)88833-5650;;;02.338.082/0001-04;;06.364.995-0;;;
;;;TIMBAUBA;;;;R.ESTELITA SILVA,609, 0;;;;;;;;;;;

;;;;;;;;;;;;;;;;;;;;;;;;

4763;MANOEL RODRIGUES DIAS;;;SABOEIRO;;;;CE;  .   -   ;;( 8)88117-7042;;;465.616.333-34;;;;;
MERCADINHO MINI PRECO/ PROX GARAGEM MUNICIPAL;;;N. SRA. DE FATIMA;;;;R. FERNANDES BASTOS, 681;;;;;;;;;;;

;;;;;;;;;;;;;;;;;;;;;;;;

3631;MARCIA GOMES ALENCAR PEREIRA;;;SALITRE;;;;CE;63.155-000;;( 8)89268-5828;;;12.444.277/0001-92;;064095584;;;
PONTO DA GOMA;;;CENTRO;;;;TRAVESSA LIBERALINO, 15;;;;;;;;;;;

;;;;;;;;;;;;;;;;;;;;;;;;

1006;MARCIANA DE LIMA SILVA;;;CAMPOS SALES;;;;CE;  .   -   ;;(  )     -    ;;;021.316.873-11;;;;;
;;;ZONA RURAL;;;;NOVA BARRAGEM,QUADRA-03 N§57, 0;;;;;;;;;;;

;;;;;;;;;;;;;;;;;;;;;;;;

4093;MARCIANO S.GUEDES;;;ARARIPE;;;;CE;63.170-000;;(  )     -    ;;;03.351.531/0001-17;;062858173;;;
;;;SÍTIO BREJINHO;;;;RUA.ANTONIO GUEDES, 172;;;;;;;;;;;

;;;;;;;;;;;;;;;;;;;;;;;;

959;MARCIANO SIEBRA GUEDES;;;ARARIPE;;;;CE;  .   -   ;;( 8)83530-3122;;;03.351.531/0001-17;;06.285.817-3;;;
MARCIANO;;;BREJINHO;;;;R. ANNTONIO GUEDES,172, 0;;;;;;;;;;;

;;;;;;;;;;;;;;;;;;;;;;;;

3753;MARCLEIDE NOGUEIRA DE OLIVEIRA;;;JUAZEIRO DO NORTE;;;;CE;  .   -   ;;(  )     -    ;;;435.489.543-91;;;;;
PONTO DO MANGUNZA;;;PIRAJA;;;;AV. CASTELO BRANCO, 721, 0;;;;;;;;;;;

;;;;;;;;;;;;;;;;;;;;;;;;

282;MARCOS ANTONIO BRAZ;;;JUAZEIRO DO NORTE;;;;CE;63.180-000;;( 8)8 511-2039;;;633.684.190-00110;;06.890.187-9;;;
MARCOS;;;FRANCISCANOS;;;;R. PIO X, 1012, 0;;;;;;;;;;;

;;;;;;;;;;;;;;;;;;;;;;;;

2310;MARCOS ANTONIO DE ABREU;;;JUAZEIRO DO NORTE;;;;CE;  .   -   ;;( 8)83571-6241;;;10.649.480/0001-70;;063757265;;;
DALVA;;;PIRAJA;;;;AV.AILTON GOMES, 3220, 0;;;;;;;;;;;

;;;;;;;;;;;;;;;;;;;;;;;;

;;;;;;;;;;;;;;;;;;;;;;;;

ERES Informática LTDA.;;;;;PAG: 65;;;20/08/2026 - 09:44:21;;;025;

;;;;;;;;;;;;;;;;;;;;;;;;
;;;;;;;;;;;;;;;;;;;;;;;;

;;
;;;FRANCISCO LUCIANO ALVES HONORIO ME;;;;;;;
;;;Clientes por Vendedor  ;;;;;
;;

;;;;;;;;;;;;;;;;;;;;;;;;

Código;Nome Cliente;;;Cidade;;;;UF;CEP;;FONE;;;C.P.F./C.N.P.J;;R.G./C.G.F.;;;
Nome Fantasia;;;Bairro;;;;Endereço;;;;;

2092;MARCOS LIMA BEZERRA ME;;;JUAZEIRO DO NORTE;;;;CE;63.041-010;;( 8)83571-1845;;;08.198.058/0001-01;;061971987;;;
;;;TRIANGULO;;;;RUA CLOTILDE DE NOROES MOTA 137A, 0;;;;;;;;;;;

;;;;;;;;;;;;;;;;;;;;;;;;

3699;MARCOS PAULO ALEXANDRE VAZ;;;SANTANA DO CARIRI;;;;CE;  .   -   ;;(  )     -    ;;;  .   .   /    -  ;;;;;
;;;ESTIVA;;;;R.N.SRA DA SAUDE, 280;;;;;;;;;;;

;;;;;;;;;;;;;;;;;;;;;;;;

924;MARIA ALELUIA FEITOSA DOS SANTOS;;;SANTANA DO CARIRI;;;;CE;63.190-000;;( 8)83545-1196;;;03.228.874/0001-99;;06.283.724-9;;;
MERC.SRA.SANTANA;;;CENTRO;;;;R. ULISSES COELHO, 200, 0;;;;;;;;;;;

;;;;;;;;;;;;;;;;;;;;;;;;

4976;MARIA ANA DA SILVA ALVES;;;SALITRE;;;;CE;  .   -   ;;( 8)89490-1865;;;727..30.7.3-03-20;;;;;
PROXIMO A CASA DE FARINH/ NELSON;;;ALTO ALEGRE;;;;AV PE CICERO, , 570;;;;;;;;;;;

;;;;;;;;;;;;;;;;;;;;;;;;

3408;MARIA APARECIDA ARRUDA DE LIMA;;;ALTANEIRA;;;;CE;  .   -   ;;( 8)89203-0132;;;11.756.846/0001-72;;06.395.435-4;;;
JOAO DA MAQUINA;;;CENTRO;;;;R.PE.AGAMENON COELHO, 382, 0;;;;;;;;;;;

;;;;;;;;;;;;;;;;;;;;;;;;

2768;MARIA APARECIDA DE SOUZA;;;JUAZEIRO DO NORTE;;;;CE;  .   -   ;;( 8)88816-7597;;;006.068.723-10;;97029009106;;;
;;;JOAO CABRAL;;;;RUA JOAQUIM DA ROCHA 935, 0;;;;;;;;;;;

;;;;;;;;;;;;;;;;;;;;;;;;

4764;MARIA APARECIDA GOMES BEZERRA;;;CACHOEIRA DOS INDIOS;;;;PB;58.935-000;;( 8)39835-4349;;;104.163.044-19;;;;;
CASA DO AGRICULTOR/ CICINHA;;;CENTRO;;;;R. MANOEL CANDIDO DE OLIVEIRA, 39;;;;;;;;;;;

;;;;;;;;;;;;;;;;;;;;;;;;

3794;MARIA BETANIA XAVIER TAVARES;;;JUAZEIRO DO NORTE;;;;CE;  .   -   ;;( 8)88844-0310;;;519.646.433-68;;;;;
;;;SOCORRO ;;;;R. LEANDRO BEZERRA, 61, 0;;;;;;;;;;;

;;;;;;;;;;;;;;;;;;;;;;;;

4082;MARIA C. DE SOUZA MERCEARIA - ME;;;SANTANA DO CARIRI;;;;CE;63.190-000;;(  )     -    ;;;05.257.063/0001-41;;066700957;;;
;;;CENTRO;;;;RUA DUQUE DE CAXIAS, 280;;;;;;;;;;;

;;;;;;;;;;;;;;;;;;;;;;;;

3822;MARIA CLEMENTINO DA SILVA AQUINO;;;GRANJEIRO;;;;CE;63.230-000;;( 8)89291-5707;;;754.817.903-00;;;;;
;;;CENTRO;;;;R. RAIMUNDO IDELFONSO, 111, 0;;;;;;;;;;;

;;;;;;;;;;;;;;;;;;;;;;;;

3637;MARIA CRISTINA DO NASCIMENTO RAMALHO MEI;;;JUAZEIRO DO NORTE;;;;CE;63.031-160;;( 8)88854-9198;;;12.477.795/0001-02;;064108422;;;
CRISTINA;;;TIRADENTES;;;;R. MARTINIANO  SANTANA, , 697;;;;;;;;;;;

;;;;;;;;;;;;;;;;;;;;;;;;

4748;MARIA DA CONCEICAO SOUSA;;;SALITRE;;;;CE;  .   -   ;;( 8)89262-8960;;;934.765.743-34;;;;;
;;;CENTRO;;;;AV. JOSE DIONISIO FILHO, 78;;;;;;;;;;;

;;;;;;;;;;;;;;;;;;;;;;;;

;;;;;;;;;;;;;;;;;;;;;;;;

ERES Informática LTDA.;;;;;PAG: 66;;;20/08/2026 - 09:44:21;;;025;

;;;;;;;;;;;;;;;;;;;;;;;;
;;;;;;;;;;;;;;;;;;;;;;;;

;;
;;;FRANCISCO LUCIANO ALVES HONORIO ME;;;;;;;
;;;Clientes por Vendedor  ;;;;;
;;

;;;;;;;;;;;;;;;;;;;;;;;;

Código;Nome Cliente;;;Cidade;;;;UF;CEP;;FONE;;;C.P.F./C.N.P.J;;R.G./C.G.F.;;;
Nome Fantasia;;;Bairro;;;;Endereço;;;;;

1677;MARIA DA GUIA DA SILVA LIMA;;;JUAZEIRO DO NORTE;;;;CE;63.100-000;;(  ) 9924-0655;;;556.283.623-87;;142408887;;;
;;;LAGOA SECA;;;;R. GERALDO BOTELHO, 530, 0;;;;;;;;;;;

;;;;;;;;;;;;;;;;;;;;;;;;

3685;MARIA DAS DORES DEMESIO DA SILVA;;;JUAZEIRO DO NORTE;;;;CE;  .   -   ;;( 8)89246-0543;;;900.747.343-34;;;;;
MERCEARIA DA MAMAE;;;AEROPORTO;;;;R.FLORENCIANO EURICO DE ALENCAR, 4, 0;;;;;;;;;;;

;;;;;;;;;;;;;;;;;;;;;;;;

3953;MARIA DAS GRACAS PEREIRA OLIVEIRA;;;JUAZEIRO DO NORTE;;;;CE;63.000-000;;( 8)88819-8488;;;629.681.653-72;;;;;
;;;TIRADENTES;;;;R.IVANIR FEITOSA, 604;;;;;;;;;;;

;;;;;;;;;;;;;;;;;;;;;;;;

3770;MARIA DE L. SILVA BERNARDINHO;;;JUAZEIRO DO NORTE;;;;CE;  .   -   ;;(  )     -    ;;;414.943.853-68;;;;;
;;;AEROPORTO;;;;R. JOAQUIM LEANDRO DE SOUZA, 1354, 0;;;;;;;;;;;

;;;;;;;;;;;;;;;;;;;;;;;;

3655;MARIA DE LOURDES DA SILVA SANTANA;;;JUAZEIRO DO NORTE;;;;CE;  .   -   ;;(  )     -    ;;;729.001.723-49;;2004029039448;;;
;;;MUTIRAO;;;;R. RENAN FELINTO DE CARVALHO GONCALVES, 241, 0;;;;;;;;;;;

;;;;;;;;;;;;;;;;;;;;;;;;

2991;MARIA DE LOURDES MONTEIRO SANTOS ;;;JUAZEIRO DO NORTE;;;;CE;  .   -   ;;( 8)89938-4049;;;313..10.0.3-63-49;;;;;
;;;SALESIANOS;;;;RUA APOLO XI - 104, 0;;;;;;;;;;;

;;;;;;;;;;;;;;;;;;;;;;;;

1597;MARIA DO SOCORRO ALENCAR DE OLIVEIRA;;;JUAZEIRO DO NORTE;;;;CE;  .   -   ;;( 8)83571-3432;;;911.876.053-87;;;;;
AUGUSTINHO;;;TRIANGULO;;;;R. JOSE BERNARDO DA SILVA,1308, 0;;;;;;;;;;;

;;;;;;;;;;;;;;;;;;;;;;;;

4514;MARIA DO SOCORRO DE ARAUJO PEREIRA;;;SABOEIRO;;;;CE;63.590-000;;(  )     -    ;;;07.839.440/0001-86;;061923737;;;
PROX. CONSELHO TUTELAR;;;CENTRO;;;;R. FENANDES BASTOS, 142;;;;;;;;;;;

;;;;;;;;;;;;;;;;;;;;;;;;

2321;MARIA DO SOCORRO DE SOUZA;;;ASSARE;;;;CE;63.140-000;;( 8)89916-1770;;;72.215.924/0001-16;;06.853.117-6;;;
;;;CENTRO;;;;MERCADP PUBLICO, 62, 0;;;;;;;;;;;

;;;;;;;;;;;;;;;;;;;;;;;;

4247;MARIA DO SOCORRO LOPES DA SILVA;;;JUAZEIRO DO NORTE;;;;CE;  .   -   ;;( 8)89218-1312;;;015.032.423-58;;;;;
;;;VILA TRES MARIAS;;;;RUA PADRE SILVINO, 216;;;;;;;;;;;

;;;;;;;;;;;;;;;;;;;;;;;;

886;MARIA DUARTE SAMPAIO;;;ALTANEIRA;;;;CE;63.195-000;;( 8)8 548-1290;;;347.144.053-49;;1373341-87;;;
;;;CENTRO;;;;R. FURTADO LEITE,438, 0;;;;;;;;;;;

;;;;;;;;;;;;;;;;;;;;;;;;

4379;MARIA ELIENE CHAVES FARIAS;;;GRANITO;;;;PE;56.000-000;;( 8)79945-2442;;;10.346.657/0001-69;;037022270;;;
;;;CENTRO;;;;AV. JOSE SARAIVA XAVIER, 0;;;;;;;;;;;

;;;;;;;;;;;;;;;;;;;;;;;;

;;;;;;;;;;;;;;;;;;;;;;;;

ERES Informática LTDA.;;;;;PAG: 67;;;20/08/2026 - 09:44:21;;;025;

;;;;;;;;;;;;;;;;;;;;;;;;
;;;;;;;;;;;;;;;;;;;;;;;;

;;
;;;FRANCISCO LUCIANO ALVES HONORIO ME;;;;;;;
;;;Clientes por Vendedor  ;;;;;
;;

;;;;;;;;;;;;;;;;;;;;;;;;

Código;Nome Cliente;;;Cidade;;;;UF;CEP;;FONE;;;C.P.F./C.N.P.J;;R.G./C.G.F.;;;
Nome Fantasia;;;Bairro;;;;Endereço;;;;;

3300;MARIA ELIONEIDE PINHEIRO;;;JUAZEIRO DO NORTE;;;;CE;63.030-010;;( 8)89603-2173;;;369.682.853-04;;;;;
;;;TIMBAUBA;;;;R. TENENTE JOSE DIAS, 1029, 0;;;;;;;;;;;

;;;;;;;;;;;;;;;;;;;;;;;;

3734;MARIA ELIZABETH ROCHA ME;;;JUAZEIRO DO NORTE;;;;CE;63.024-290;;( 8)83571-1451;;;10.275.882/0001-51;;06.367.458-0;;;
;;;SAO JOSE;;;;TRAVESSA DAS ACACIAS, 33, 0;;;;;;;;;;;

;;;;;;;;;;;;;;;;;;;;;;;;

1389;MARIA ESTELA PINHEIRO;;;ASSARE;;;;CE;63.140-000;;( 8)89914-3791;;;05.565.800/0001-73;;06.677.021-1;;;
ESTELA;;;CENTRO;;;;R. NENEM ARRAIS,55, 0;;;;;;;;;;;

;;;;;;;;;;;;;;;;;;;;;;;;

3971;MARIA G. LIMA;;;JUAZEIRO DO NORTE;;;;CE;  .   -   ;;(  )     -    ;;;897.651.763-68;;;;;
;;;AEROPORTO;;;;R. FRANCISCO SAMUEL SARAIVA, 94, 0;;;;;;;;;;;

;;;;;;;;;;;;;;;;;;;;;;;;

2596;MARIA IRACI RIBEIRO;;;ASSARE;;;;CE;  .   -   ;;( 8)83535-1112;;;00.736.102/0001-70;;06.054.389-2;;;
;;;CENTRO;;;;R.EUCLIDES ONOFRE, 198, 0;;;;;;;;;;;

;;;;;;;;;;;;;;;;;;;;;;;;

2038;MARIA IVANI DA SILVA;;;JUAZEIRO DO NORTE;;;;CE;  .   -   ;;( 8)89208-4661;;;808.304.043-68;;;;;
;;;FRANCISCANOS;;;;R.VINTE E DOIS DE JULHO, 65, 0;;;;;;;;;;;

;;;;;;;;;;;;;;;;;;;;;;;;

3769;MARIA JOSE PAIVA DA COSTA;;;JUAZEIRO DO NORTE;;;;CE;  .   -   ;;( 8)89985-3137;;;023.964.303-86;;2007515111-6;;;
;;;AEROPORTO/VILA VELHA;;;;R. ANTONIO OLIMPIO DE SOUZA, 601, 0;;;;;;;;;;;

;;;;;;;;;;;;;;;;;;;;;;;;

1325;MARIA LEANILDA MACARIO ANGELINE;;;ASSARE;;;;CE;63.140-000;;( 8)83535-1462;;;161.069.508-90;;;;;
LEANILDA;;;CENTRO;;;;AVENIDA MANOEL GONCALVES, 133;;;;;;;;;;;

;;;;;;;;;;;;;;;;;;;;;;;;

3841;MARIA LIZIER MONTEIRO DA SILVA;;;JUAZEIRO DO NORTE;;;;CE;  .   -   ;;( 8)83572-1825;;;021.233.823-45;;;;;
;;;TIMBAUBA;;;;R.SEBASTIAO CAVALCANTE, 464, 0;;;;;;;;;;;

;;;;;;;;;;;;;;;;;;;;;;;;

3860;MARIA MENDES;;;SALITRE;;;;CE;  .   -   ;;(  )     -    ;;;  .   .   /    -  ;;;;;
PANIFICADORA;;;CENTRO;;;;AV. FORTALEZA, 0;;;;;;;;;;;

;;;;;;;;;;;;;;;;;;;;;;;;

1188;MARIA MILEIDE DE SOUZA BRITO ME;;;CAMPOS SALES;;;;CE;  .   -   ;;( 8)83533-1353;;;41.648.619/0001-94;;068816260;;;
MILEIDE;;;GUARANI;;;;R.SEVERINO N.DE CARVALHO, 25, 0;;;;;;;;;;;

;;;;;;;;;;;;;;;;;;;;;;;;

4063;MARIA NELI FERREIRA JERONIMO;;;JUAZEIRO DO NORTE;;;;CE;63.018-330;;(  )     -    ;;;10.645.225/0001-59;;063754959;;;
;;;PEDRINHAS;;;;RUA FRANCISCO SAMUEL SARAIVA, 18;;;;;;;;;;;

;;;;;;;;;;;;;;;;;;;;;;;;

;;;;;;;;;;;;;;;;;;;;;;;;

ERES Informática LTDA.;;;;;PAG: 68;;;20/08/2026 - 09:44:21;;;025;

;;;;;;;;;;;;;;;;;;;;;;;;
;;;;;;;;;;;;;;;;;;;;;;;;

;;
;;;FRANCISCO LUCIANO ALVES HONORIO ME;;;;;;;
;;;Clientes por Vendedor  ;;;;;
;;

;;;;;;;;;;;;;;;;;;;;;;;;

Código;Nome Cliente;;;Cidade;;;;UF;CEP;;FONE;;;C.P.F./C.N.P.J;;R.G./C.G.F.;;;
Nome Fantasia;;;Bairro;;;;Endereço;;;;;

3751;MARIA RIBEIRO FEITOZA ;;;JUAZEIRO DO NORTE;;;;CE;  .   -   ;;( 8)88818-7584;;;755.718.203-06;;;;;
PROX.A IGREJA STO EXPEDITO;;;TIRADENTES;;;;R. MANOEL DE BARROS, 55, 0;;;;;;;;;;;

;;;;;;;;;;;;;;;;;;;;;;;;

3294;MARIA SELMA GERMANO ME;;;JUAZEIRO DO NORTE;;;;CE;63.030-010;;( 8)89284-5895;;;10.843.112/0001-68;;06.378.951-5;;;
;;;TIMBAUBA;;;;R. RAIMUNDO DANIEL DE FREITAS, 372, 0;;;;;;;;;;;

;;;;;;;;;;;;;;;;;;;;;;;;

729;MARIA SELMA S.DA SILVA;;;JUAZEIRO DO NORTE;;;;CE;  .   -   ;;( 8)89218-1053;;;555.812.693-00;;99029001748;;;
;;;MUTIRAO;;;;R. TABELIAO VICENTE PEREIRA,192, 0;;;;;;;;;;;

;;;;;;;;;;;;;;;;;;;;;;;;

2658;MARIA SILVEIRA DA CONCEICAO ME;;;CAMPOS SALES;;;;CE;  .   -   ;;( 8)83533-2199;;;07.416.241/0001-65;;062521373;;;
;;;CENTRO;;;;RUA VALDEMAR FALCAO 400, 0;;;;;;;;;;;

;;;;;;;;;;;;;;;;;;;;;;;;

3969;MARIA SUELANIA ALVES DA SILVA;;;JUAZEIRO DO NORTE;;;;CE;  .   -   ;;( 8)89285-1317;;;500.238.453-68;;;;;
;;;PIRAJA;;;;R. VEREADOR JOSE RODRIGUES, 221, 0;;;;;;;;;;;

;;;;;;;;;;;;;;;;;;;;;;;;

3642;MARIA TAMIRES LEMOS SILVA;;;JUAZEIRO DO NORTE;;;;CE;  .   -   ;;( 8)83572-2918;;;021.299.793-94;;;;;
;;;NOVO JUAZEIRO;;;;R. MENINO JESUS DE PRAGA, 149, 0;;;;;;;;;;;

;;;;;;;;;;;;;;;;;;;;;;;;

3569;MARILANIA NASCIMENTO DA SILVA;;;CAMPOS SALES;;;;CE;63.150-000;;(  )     -    ;;;12.185.144/0001-49;;06.405.115-3;;;
;;;CENTRO;;;;R. JOAO ANTONIO DA SILVA, 50, 0;;;;;;;;;;;

;;;;;;;;;;;;;;;;;;;;;;;;

1134;MAURICIO PLACIDO DA SILVA-ME;;;ALTANEIRA;;;;CE;  .   -   ;;( 8)83548-1256;;;01.149.314/0001-13;;06.813.072-4;;;
MAURICIO;;;CENTRO;;;;R. FURTADO LEITE,70, 0;;;;;;;;;;;

;;;;;;;;;;;;;;;;;;;;;;;;

4554;MERCADINHO ASSARE;;;ASSARE;;;;CE;  .   -   ;;(  )     -    ;;;   .   .   -  ;;;;;
PROX. PQ DE VAQUEJADA;;;CORUJA;;;;R. CHIQUINHO PEREIRA, 349;;;;;;;;;;;

;;;;;;;;;;;;;;;;;;;;;;;;

3702;MERCADINHO CENTRAL;;;POTENGI;;;;CE;  .   -   ;;(  )     -    ;;;  .   .   /    -  ;;;;;
;;;VILA CENTRAL;;;;R. MANOEL MONTEIRO, 505, 0;;;;;;;;;;;

;;;;;;;;;;;;;;;;;;;;;;;;

4511;MERCADINHO SANTA MONICA LTDA;;;ANTONINA DO NORTE;;;;CE;63.570-000;;( 8)83525-1239;;;08.834.307/0001-08;;062084020;;;
;;;CENTRO;;;;R. JOAQUIM ELIZEU, 122;;;;;;;;;;;

;;;;;;;;;;;;;;;;;;;;;;;;

3765;MERCANTIL SARAIVA;;;POTENGI;;;;CE;  .   -   ;;(  )     -    ;;;  .   .   /    -  ;;;;;
;;;COHAB;;;;R. DAS FLORES, 27, 0;;;;;;;;;;;

;;;;;;;;;;;;;;;;;;;;;;;;

;;;;;;;;;;;;;;;;;;;;;;;;

ERES Informática LTDA.;;;;;PAG: 69;;;20/08/2026 - 09:44:21;;;025;

;;;;;;;;;;;;;;;;;;;;;;;;
;;;;;;;;;;;;;;;;;;;;;;;;

;;
;;;FRANCISCO LUCIANO ALVES HONORIO ME;;;;;;;
;;;Clientes por Vendedor  ;;;;;
;;

;;;;;;;;;;;;;;;;;;;;;;;;

Código;Nome Cliente;;;Cidade;;;;UF;CEP;;FONE;;;C.P.F./C.N.P.J;;R.G./C.G.F.;;;
Nome Fantasia;;;Bairro;;;;Endereço;;;;;

3728;MICHAELE SILVA;;;JUAZEIRO DO NORTE;;;;CE;  .   -   ;;(  )     -    ;;;050.960.833-73;;;;;
;;;AEROPORTO;;;;R.JOAQUIM LEANDRO DE SOUSA, , 0;;;;;;;;;;;

;;;;;;;;;;;;;;;;;;;;;;;;

3828;MOISES ALVES DE SOUZA;;;VARZEA ALEGRE;;;;CE;  .   -   ;;( 8)89253-6868;;;140.293.018-60;;;;;
PROX.A IGREJA SAO FRANCISCO;;;BETANIA;;;;R. VICENTE PRIMO, 32, 0;;;;;;;;;;;

;;;;;;;;;;;;;;;;;;;;;;;;

3650;MOISES FELIX DA SILVA;;;JUAZEIRO DO NORTE;;;;CE;  .   -   ;;(  )     -    ;;;812.486.601-53;;;;;
;;;ROMEIRAO;;;;R.DA PAZ, 1146, 0;;;;;;;;;;;

;;;;;;;;;;;;;;;;;;;;;;;;

4061;MURILO ALVES DA SILVA;;;JUAZEIRO DO NORTE;;;;CE;  .   -   ;;( 8)89233-3404;;;863.264.733-49;;;;;
PROX. POSTO SAO JOAO;;;TIMBAUBAS;;;;RUA CESAR BARBOSA DE OLIVEIRA, 65;;;;;;;;;;;

;;;;;;;;;;;;;;;;;;;;;;;;

3801;NATANAEL MELO FERREIRA;;;JUAZEIRO DO NORTE;;;;CE;63.000-000;;( 8)89296-6865;;;983.232.023-20;;;;;
VIZINHO A CENTRAL DA CAGECE;;;AEROPORTO;;;;R. JOAQUIM LEANDRO DE SOUZA, 923;;;;;;;;;;;

;;;;;;;;;;;;;;;;;;;;;;;;

1022;NEIDE MARIANO DE ALENCAR;;;SANTANA DO CARIRI;;;;CE;63.190-000;;( 8)83545-1431;;;07.048.138/0001-00;;066988616;;;
NEIDE;;;CENTRO;;;;R. SAO MIGUEL, 344;;;;;;;;;;;

;;;;;;;;;;;;;;;;;;;;;;;;

680;NELSA MARIA DE LIMA;;;ARARIPE;;;;CE;63.170-000;;( 8)8 530-1221;;;04.315.333/0001-60;;063084791;;;
;;;CENTRO;;;;AV.VICENTE ALENCAR BARBOSA, 608;;;;;;;;;;;

;;;;;;;;;;;;;;;;;;;;;;;;

1025;NELSON SARAIVA DA CRUZ;;;POTENGI;;;;CE;  .   -   ;;( 8)83532-1201;;;00.440.996/0001-56;;06.949.328-6;;;
;;;CENTRO;;;;R. 04 DE SETEMBRO,48, 0;;;;;;;;;;;

;;;;;;;;;;;;;;;;;;;;;;;;

3840;OLGA LANDIM BEZERRA DE OLIVEIRA;;;JUAZEIRO DO NORTE;;;;CE;  .   -   ;;( 8)88804-0105;;;049.883.803-00;;;;;
PROX.AO COLEGIO FRANCISCANO;;;FRANCISCANOS;;;;R. SAO GERALDO, 68, 0;;;;;;;;;;;

;;;;;;;;;;;;;;;;;;;;;;;;

3712;ORLANDO JOAO SILVA;;;SALITRE;;;;CE;  .   -   ;;(  )     -    ;;;  .   .   /    -  ;;;;;
;;;ALTO ALEGRE;;;;R.PADRE CICERO, 324, 0;;;;;;;;;;;

;;;;;;;;;;;;;;;;;;;;;;;;

2379;PANIFICADORA BOM JESUS;;;JUAZEIRO DO NORTE;;;;CE;  .   -   ;;( 8)88823-2643;;;011.699.143-73;;;;;
LUZINEIDE;;;TIMBAUBA;;;;R.RUI BARBOSA, 478, 0;;;;;;;;;;;

;;;;;;;;;;;;;;;;;;;;;;;;

;;;;;;;;;;;;;;;;;;;;;;;;

ERES Informática LTDA.;;;;;PAG: 70;;;20/08/2026 - 09:44:21;;;025;

;;;;;;;;;;;;;;;;;;;;;;;;
;;;;;;;;;;;;;;;;;;;;;;;;

;;
;;;FRANCISCO LUCIANO ALVES HONORIO ME;;;;;;;
;;;Clientes por Vendedor  ;;;;;
;;

;;;;;;;;;;;;;;;;;;;;;;;;

Código;Nome Cliente;;;Cidade;;;;UF;CEP;;FONE;;;C.P.F./C.N.P.J;;R.G./C.G.F.;;;
Nome Fantasia;;;Bairro;;;;Endereço;;;;;

3861;PANIFICADORA PE.CICERO;;;SALITRE;;;;CE;  .   -   ;;(  )     -    ;;;  .   .   /    -  ;;;;;
;;;CENTRO;;;;R.SAO PEDRO, 380, 0;;;;;;;;;;;

;;;;;;;;;;;;;;;;;;;;;;;;

1241;PAULA GABRIELA SOARES BANTIM DE SOUZA ME;;;ALTANEIRA;;;;CE;  .   -   ;;( 8)83548-1238;;;00.698.769/0001-25;;06.957.388-3;;;
;;;CENTRO;;;;R.FURTADO LEITE, 29 CASA A, 0;;;;;;;;;;;

;;;;;;;;;;;;;;;;;;;;;;;;

1750;PAULO CESAR BRAGA CAVALCANTE;;;SABOEIRO;;;;CE;63.590-000;;(  )     -    ;;;00.059.118/0001-95;;06.047.412-2;;;
PAULO CESAR;;;CENTRO;;;;R. FERNANDES BASTOS,65, 0;;;;;;;;;;;

;;;;;;;;;;;;;;;;;;;;;;;;

2062;PAULO HELIO BEZERRA CARVALHO;;;JUAZEIRO DO NORTE;;;;CE;63.010-000;;( 8)83511-5391;;;110.310.263-04;;;;;
AGROVET;;;CENTRO;;;;R.SAO PAULO, 1224, 0;;;;;;;;;;;

;;;;;;;;;;;;;;;;;;;;;;;;

418;PAULO SERGIO VIEIRA;;;CAMPOS SALES;;;;CE;  .   -   ;;( 8)8 533-2830;;;019.551.993-02;;;;;
PAULO;;;CENTRO;;;;R. VALDEMAR FALCAO, 374, 0;;;;;;;;;;;

;;;;;;;;;;;;;;;;;;;;;;;;

4168;PEDRO VAGNER CARVALHO DE SOUSA;;;ASSARE;;;;CE;63.140-000;;( 8)89638-4092;;;028.383.783-76;;;;;
MERCADINHO ASSARE;;;CORUJA;;;;R. CHIQUINHO PEREIRA, 349;;;;;;;;;;;

;;;;;;;;;;;;;;;;;;;;;;;;

3295;QUITERIA ALCANTARA DA SILVA;;;JUAZEIRO DO NORTE;;;;CE;63.030-010;;( 8)89935-8206;;;034.836.483-05;;;;;
;;;TIMBAUBA;;;;R. ROSA DA CRUZ LUNA, 80, 0;;;;;;;;;;;

;;;;;;;;;;;;;;;;;;;;;;;;

4421;R. DE SOUZA BARRETO;;;CAMPOS SALES;;;;CE;63.150-000;;( 8)83533-1559;;;04.725.038/0001-82;;063167417;;;
;;;GUARANI;;;;R. DOS CARAJAS, 42;;;;;;;;;;;

;;;;;;;;;;;;;;;;;;;;;;;;

1330;R.D.C. DE SOUZA VIEIRA RAMOS ME;;;CAMPOS SALES;;;;CE;  .   -   ;;(  )     -    ;;;02.536.978/0001-06;;06.267.014-0;;;
LUCAS VARIEDADES;;;CENTRO;;;;R. VALDEMAR FALCAO,464, 0;;;;;;;;;;;

;;;;;;;;;;;;;;;;;;;;;;;;

3085;R.DE ALENACR DO NASCIMENTO ME;;;ASSARE;;;;CE;63.140-000;;( 8)89627-3074;;;10.899.802/0001-39;;06.381.136-7;;;
MERCEARIA SAO ROMAO;;;CENTRO ;;;;"R.; EUCLIDES ONOFRE,221, 0";;;;;;;;;;;

;;;;;;;;;;;;;;;;;;;;;;;;

328;R.F.RODRIGUES;;;CAMPOS SALES;;;;CE;63.150-000;;( 8)83533-1322;;;03.501.302/0001-31;;062889699;;;
R.F.RODRIGUES;;;CENTRO;;;;RUA BARBOSA PEREIRA DE ALENCAR, 802;;;;;;;;;;;

;;;;;;;;;;;;;;;;;;;;;;;;

3821;RAIMUNDO CALISTO DE BRITO;;;GRANJEIRO;;;;CE;63.230-000;;( 8)83519-1266;;;144.611.703-06;;;;;
;;;CENTRO;;;;R. RAIMUNDO IDELFONSO, 90, 0;;;;;;;;;;;

;;;;;;;;;;;;;;;;;;;;;;;;

;;;;;;;;;;;;;;;;;;;;;;;;

ERES Informática LTDA.;;;;;PAG: 71;;;20/08/2026 - 09:44:21;;;025;

;;;;;;;;;;;;;;;;;;;;;;;;
;;;;;;;;;;;;;;;;;;;;;;;;

;;
;;;FRANCISCO LUCIANO ALVES HONORIO ME;;;;;;;
;;;Clientes por Vendedor  ;;;;;
;;

;;;;;;;;;;;;;;;;;;;;;;;;

Código;Nome Cliente;;;Cidade;;;;UF;CEP;;FONE;;;C.P.F./C.N.P.J;;R.G./C.G.F.;;;
Nome Fantasia;;;Bairro;;;;Endereço;;;;;

3683;RAIMUNDO CRISTIANO DE SOUSA SILVA;;;JUAZEIRO DO NORTE;;;;CE;  .   -   ;;( 8)88844-8993;;;015.915.583-52;;;;;
MERCEARIA FREI GALVAO;;;AEROPORTO;;;;R.KLEDSON MARQUES CANUTO, 04, 0;;;;;;;;;;;

;;;;;;;;;;;;;;;;;;;;;;;;

3833;RAIMUNDO DUARTE DE LIMA;;;VARZEA ALEGRE;;;;CE;  .   -   ;;( 8)83541-3053;;;072.624.588-76;;;;;
INFORMACAO NO MERC. DE CABRINHA NA BR;;;RIACHINHO;;;;R. GABRIEL GOMES BEZERRA, 99, 0;;;;;;;;;;;

;;;;;;;;;;;;;;;;;;;;;;;;

495;RAIMUNDO MENDES ARRAES;;;ANTONINA DO NORTE;;;;CE;  .   -   ;;( 8)8 525-1220;;;00.131.604/0001-77;;06.878.831-2;;;
RAIMUNDO;;;TABULEIRO;;;;R. TABULEIRO DOS MENDES, 0;;;;;;;;;;;

;;;;;;;;;;;;;;;;;;;;;;;;

3831;RAIMUNDO NONATO BITU SATIRO ME;;;VARZEA ALEGRE;;;;CE;63.540-000;;( 8)83541-1334;;;86.800.851/0001-34;;06.886.772-7;;;
PROX.AO MATADOURO/POSTO PE.CICERO;;;ZONA RURAL;;;;AV. PAPAI RAIMUNDO, S/N-SITIO SANHARAL, 0;;;;;;;;;;;

;;;;;;;;;;;;;;;;;;;;;;;;

3652;RAIMUNDO PEDRO DA SILVA;;;JUAZEIRO DO NORTE;;;;CE;  .   -   ;;(  )     -    ;;;434.003.373-15;;;;;
;;;JOAO CABRAL;;;;R.PIO NOROES, 812, 0;;;;;;;;;;;

;;;;;;;;;;;;;;;;;;;;;;;;

988;RAIMUNDO S. SILVA CEREAIS;;;ARARIPE;;;;CE;  .   -   ;;( 8)83530-1175;;;03.957.067/0001-07;;06.301.086-0;;;
;;;CENTRO;;;;PRACA DO MERCADO PUBLICO,08, 0;;;;;;;;;;;

;;;;;;;;;;;;;;;;;;;;;;;;

3996;RAIMUNDO SILVA FERNANDES;;;JUAZEIRO DO NORTE;;;;CE;  .   -   ;;( 8)83511-2254;;;172.698.223-87;;;;;
PROX.AO COLEGIO 12 DE OUTUBRO;;;SAO MIGUEL;;;;R. PRINCESA IZABEL, 1151, 0;;;;;;;;;;;

;;;;;;;;;;;;;;;;;;;;;;;;

1354;RAMON GUEDES DE ARAUJO LIMA;;;ARARIPE;;;;CE;  .   -   ;;( 8)83530-1492;;;07.593.476/0001-22;;06.186.037-9;;;
JUNIOR;;;CENTRO;;;;R.VICENTE BARBOSA ALENCAR, 618, 0;;;;;;;;;;;

;;;;;;;;;;;;;;;;;;;;;;;;

1762;RENATO ESMERALDO PAES ME;;;ASSARE;;;;CE;63.140-000;;(  )     -    ;;;04.665.697/0001-70;;06.318.704-3;;;
RENATO;;;CENTRO;;;;R. PADRE EMILIO CABRAL,240, 0;;;;;;;;;;;

;;;;;;;;;;;;;;;;;;;;;;;;

435;RINALDO MACHADO FERREIRA;;;JUAZEIRO DO NORTE;;;;CE;63.000-000;;( 8)8 511-5665;;;69.371.540/0001-88;;060694378;;;
RINALDO;;;SAO MIGUEL;;;;R. SANTA LUZIA, 1788;;;;;;;;;;;

;;;;;;;;;;;;;;;;;;;;;;;;

;;;;;;;;;;;;;;;;;;;;;;;;

ERES Informática LTDA.;;;;;PAG: 72;;;20/08/2026 - 09:44:21;;;025;

;;;;;;;;;;;;;;;;;;;;;;;;
;;;;;;;;;;;;;;;;;;;;;;;;

;;
;;;FRANCISCO LUCIANO ALVES HONORIO ME;;;;;;;
;;;Clientes por Vendedor  ;;;;;
;;

;;;;;;;;;;;;;;;;;;;;;;;;

Código;Nome Cliente;;;Cidade;;;;UF;CEP;;FONE;;;C.P.F./C.N.P.J;;R.G./C.G.F.;;;
Nome Fantasia;;;Bairro;;;;Endereço;;;;;

1239;RITA DUARTE MOREIRA ME;;;ALTANEIRA;;;;CE;  .   -   ;;( 8)83548-1230;;;03.035.642/0001-14;;06.320.401-0;;;
MADEIREIRA SANTA RITA;;;CENTRO;;;;TRAV. ROMAO PEREIRA,20, 0;;;;;;;;;;;

;;;;;;;;;;;;;;;;;;;;;;;;

3763;ROMAO;;;ASSARE;;;;CE;  .   -   ;;(  )     -    ;;;  .   .   /    -  ;;;;;
;;;CENTRO;;;;R.EUCLIDES ONOFRE, 221, 0;;;;;;;;;;;

;;;;;;;;;;;;;;;;;;;;;;;;

1323;ROMULO ESMERALDO HERIQUE;;;ASSARE;;;;CE;  .   -   ;;( 8)83535-1607;;;00.340.747/0001-99;;;;;
ROMULO;;;CENTRO;;;;R. EUCLIDES ONOFRE,58, 0;;;;;;;;;;;

;;;;;;;;;;;;;;;;;;;;;;;;

3927;RONALDO CORTEZ COSTA ME;;;CAMPOS SALES;;;;CE;63.150-000;;( 8)85333-1388;;;02.102.134/0001-49;;069929661;;;
;;;ALTO ALEGRE;;;;RUA VICENTE ALEXANDRINO, 746;;;;;;;;;;;

;;;;;;;;;;;;;;;;;;;;;;;;

1766;ROQUE JOSE DE MATOS;;;ASSARE;;;;CE;63.140-000;;(  )     -    ;;;10.300.500/0001-00;;060305754;;;
ROQUE;;;CENTRO;;;;R. EUCLIDES ONOFRE, 202;;;;;;;;;;;

;;;;;;;;;;;;;;;;;;;;;;;;

4381;ROSALIA HERMINA PESSOA ALVES;;;GRANITO;;;;PE;  .   -   ;;(  )     -    ;;;   .   .   -  ;;;;;
VEI TONHO;;;CENTRO;;;;R. DO COMERCIO, 24;;;;;;;;;;;

;;;;;;;;;;;;;;;;;;;;;;;;

1238;S.R. DUARTE SAMPAIO ME;;;ALTANEIRA;;;;CE;  .   -   ;;( 8)89969-6925;;;02.735.649/0001-86;;06.272.198-4;;;
S.R. DUARTE;;;CENTRO;;;;R.JOAO GONCALVES, 470, 0;;;;;;;;;;;

;;;;;;;;;;;;;;;;;;;;;;;;

5111;SANDRA MARIA DE OLIVEIRA;;;IGUATU;;;;CE;  .   -   ;;( 8)89600-8595;;;887.042.703-04;;99029010682;;;
MERCADINHO DUDA, PROX FACULDADE CIDAO;;;SANTO ANTONIO;;;;R. CEL JOSE ADOLFO, 8;;;;;;;;;;;

;;;;;;;;;;;;;;;;;;;;;;;;

3974;SELOMIAS LEITE DE ALENCAR ME;;;ASSARE;;;;CE;63.140-000;;(  )     -    ;;;05.147.230/0001-00;;066725402;;;
;;;CENTRO;;;;RUA TERTULIANO CATONHO, 1;;;;;;;;;;;

;;;;;;;;;;;;;;;;;;;;;;;;

416;SERGIO SOARES DE OLIVEIRA;;;CAMPOS SALES;;;;CE;  .   -   ;;(  )     -    ;;;  .   .   /    -  ;;06.881.603-0;;;
SERGIO;;;GUARANI;;;;R. JOSE BONIFACIO, 395, 0;;;;;;;;;;;

;;;;;;;;;;;;;;;;;;;;;;;;

;;;;;;;;;;;;;;;;;;;;;;;;

ERES Informática LTDA.;;;;;PAG: 73;;;20/08/2026 - 09:44:21;;;025;

;;;;;;;;;;;;;;;;;;;;;;;;
;;;;;;;;;;;;;;;;;;;;;;;;

;;
;;;FRANCISCO LUCIANO ALVES HONORIO ME;;;;;;;
;;;Clientes por Vendedor  ;;;;;
;;

;;;;;;;;;;;;;;;;;;;;;;;;

Código;Nome Cliente;;;Cidade;;;;UF;CEP;;FONE;;;C.P.F./C.N.P.J;;R.G./C.G.F.;;;
Nome Fantasia;;;Bairro;;;;Endereço;;;;;

3858;TELMA;;;NOVA OLINDA;;;;CE;  .   -   ;;(  )     -    ;;;  .   .   /    -  ;;;;;
;;;CENTRO;;;;R.JEREMIAS PEREIRA, 247, 0;;;;;;;;;;;

;;;;;;;;;;;;;;;;;;;;;;;;

3593;TEODORO DE JESUS GERMANO NETO;;;ARARIPE;;;;CE;63.170-000;;( 8)89298-9127;;;12.522.431/0001-05;;06.411.203-9;;;
TEODORO;;;CENTRO;;;;R. ANTONIO NUNES ALENCAR, 237, 0;;;;;;;;;;;

;;;;;;;;;;;;;;;;;;;;;;;;

332;TEREZA MARIA DE ALENCAR;;;CAMPOS SALES;;;;CE;  .   -   ;;( 8)8 533-1320;;;04.576.157/0001-10;;06.318.089-8;;;
TEREZA MARIA;;;CENTRO;;;;TRAVESSA MOTA,72, 0;;;;;;;;;;;

;;;;;;;;;;;;;;;;;;;;;;;;

878;TEREZINHA DIAS CARDOSO;;;JUAZEIRO DO NORTE;;;;CE;  .   -   ;;( 8)8 571-3699;;;029.141.708-66;;13.717.217-5;;;
;;;TRIANGULO;;;;R. JOSE BEZERRA DA SILVA, 180, 0;;;;;;;;;;;

;;;;;;;;;;;;;;;;;;;;;;;;

4056;TEREZINHA MOURA BEZERRA;;;JUAZEIRO DO NORTE;;;;CE;63.020-000;;(  )     -    ;;;41.451.196/0001-18;;;;;
;;;PIRAJA;;;;MERCADO DO  PIRAJA, 74;;;;;;;;;;;

;;;;;;;;;;;;;;;;;;;;;;;;

1983;UNIVERSIDADE PATATIVA DO ASSARE;;;ASSARE;;;;CE;63.140-000;;( 8)83535-1091;;;05.342.580/0001-19;;;;;
;;;CENTRO;;;;R.PE.EMILIO CABRAL, 154, 0;;;;;;;;;;;

;;;;;;;;;;;;;;;;;;;;;;;;

2095;V.S. GONCALVES MERCADINHO ME;;;JUAZEIRO DO NORTE;;;;CE;63.030-050;;( 8)83572-0324;;;05.891.517/0001-31;;06.684.581.5;;;
;;;TIMBAUBA;;;;RUA ARSENIO SOBREIRA, 535 A, 0;;;;;;;;;;;

;;;;;;;;;;;;;;;;;;;;;;;;

2316;VALDINAR DE SOUZA ARRAIS;;;CAMPOS SALES;;;;CE;  .   -   ;;( 8)83533-1385;;;434.770.033-49;;;;;
;;;CENTRO;;;;R.CARNEIRO DE MENDONCA, 311, 0;;;;;;;;;;;

;;;;;;;;;;;;;;;;;;;;;;;;

2129;VALDIR JOSE DO VALE EPP;;;CAMPOS SALES;;;;CE;63.150-000;;( 8)83533-1663;;;03.915.892/0001-49;;062986732;;;
;;;CENTRO;;;;RUA BARBARA DE ALENCAR, 803;;;;;;;;;;;

;;;;;;;;;;;;;;;;;;;;;;;;

682;VANDERLUCIO JANUARIO DO NASCIMENTO;;;ARARIPE;;;;CE;  .   -   ;;( 8)8 530-1477;;;03.344.329/0001-68;;06.285.279-5;;;
;;;CENTRO;;;;R. ALEXANDRE ARRAES, 736, 0;;;;;;;;;;;

;;;;;;;;;;;;;;;;;;;;;;;;

430;VICENCIA FERREIRA VIEIRA;;;JUAZEIRO DO NORTE;;;;CE;  .   -   ;;(  )     -    ;;;434.057.383-34;;7724480;;;
VICENCIA;;;MUTIRAO;;;;R. LEONIDAS DA SILVA PONTE, 1034, 0;;;;;;;;;;;

;;;;;;;;;;;;;;;;;;;;;;;;

698;VICENTE PEDRO DE OLIVEIRA;;;CRATO;;;;CE;63.100-000;;( 8)89284-6407;;;462.164.563-34;;407.504-82;;;
;;;ALTO DA PENHA;;;;R. SATURNINO CANDEIA,234, 0;;;;;;;;;;;

;;;;;;;;;;;;;;;;;;;;;;;;

;;;;;;;;;;;;;;;;;;;;;;;;

ERES Informática LTDA.;;;;;PAG: 74;;;20/08/2026 - 09:44:21;;;025;

;;;;;;;;;;;;;;;;;;;;;;;;
;;;;;;;;;;;;;;;;;;;;;;;;;;;

;;
;;;FRANCISCO LUCIANO ALVES HONORIO ME;;;;;;;
;;;Clientes por Vendedor  ;;;;;
;;

;;;;;;;;;;;;;;;;;;;;;;;;;;;

Código;Nome Cliente;;;;;;Cidade;;;;UF;CEP;;FONE;;;C.P.F./C.N.P.J;;R.G./C.G.F.;;;
Nome Fantasia;;;;;;Bairro;;;;Endereço;;;;;

2564;VICENTE PIO DE ALENCAR;;;;;;ASSARE;;;;CE;  .   -   ;;(87) 3889-1422;;;63.460.406/0001-77;;06.853.150-8;;;
;;;;;;CENTRO;;;;R.SAO FRANCISCO, 253;;;;;;;;;;;

;;;;;;;;;;;;;;;;;;;;;;;;;;;

4584;Z. VIEIRA BRITO MERCEARIA ME;;;;;;JUAZEIRO DO NORTE;;;;CE;  .   -   ;;(  )     -    ;;;14.266.517/0001-31;;06.574524-8;;;
ANTIGO ANDERSON BRUNO;;;;;;LIMOEIRO;;;;R. ERNESTINA DIAS SOBREIRA, 370;;;;;;;;;;;

;;;;;;;;;;;;;;;;;;;;;;;;;;;

3803;ZILDENETE BATISTA CAMPOS;;;;;;JUAZEIRO DO NORTE;;;;CE;  .   -   ;;( 8)88832-8092;;;835.793.893-00;;;;;
VIZ.AO HOSPITAL DAS PANELAS;;;;;;AEROPORTO;;;;R. JOAQUIM CRUZ, 916, 0;;;;;;;;;;;

;;;;;;;;;;;;;;;;;;;;;;;;;;;

Clientes listados Vendedor:;;;;;;;;420;;;;;;;;;;;;;;;;;;;

Vendedor:;3909;;SEBASTIAO ELDER PINHEIRO DE AQUINO;;;;;;;;;;;;;;;;;;;
676;FRANCISCO DE ASSIS GUEDES DE OLIVEIRA ME;;;;;;ARARIPE;;;;CE;  .   -   ;;( 8)8 530-1258;;;00.060.621/0001-60;;06.901.277-6;;;
GUEDES;;;;;;CENTRO;;;;R. ALEXANDRE ARRAIS, 705, 0;;;;;;;;;;;

;;;;;;;;;;;;;;;;;;;;;;;;;;;

3976;MITERMARIO JOSE DE ALENCAR;;;;;;SALITRE;;;;CE;  .   -   ;;( 8)89211-9105;;;003.367.363-20;;;;;
PROX.AO COLEGIO ENSINO MEDIO;;;;;;POPULAR;;;;R. CENTO E UM, 50, 0;;;;;;;;;;;

;;;;;;;;;;;;;;;;;;;;;;;;;;;

Clientes listados Vendedor:;;;;;;;;2;;;;;;;;;;;;;;;;;;;

;;;;;;;;;;;;;;;;;;;;;;;;;;;

ERES Informática LTDA.;;;;;;PAG: 75;;;20/08/2026 - 09:44:21;;;025;

;;;;;;;;;;;;;;;;;;;;;;;;;;;
;;;;;;;;;;;;;;;;;;;;;;;;;

;;
;;;FRANCISCO LUCIANO ALVES HONORIO ME;;;;;;;
;;;Clientes por Vendedor  ;;;;;
;;

;;;;;;;;;;;;;;;;;;;;;;;;;

Código;Nome Cliente;;;;Cidade;;;;UF;CEP;;FONE;;;C.P.F./C.N.P.J;;R.G./C.G.F.;;;
Nome Fantasia;;;;Bairro;;;;Endereço;;;;;

Vendedor:;4228;;ANTONIO MARCOS  9653-5519/8847-4758;;;;;;;;;;;;;;;;;
4355;ALESSANDRA LEANDRO SANTOS;;;;JUAZEIRO DO NORTE;;;;CE;  .   -   ;;( 8)88843-5027;;;953.039.953-72;;;;;
;;;;JOAO CABRAL;;;;R. FARIAS BRITO, 1389;;;;;;;;;;;

;;;;;;;;;;;;;;;;;;;;;;;;;

1403;ALUISIO SANTANA AMANCIO;;;;CRATO;;;;CE;63.138-000;;( 8)83523-9104;;;045.651.773-15;;;;;
;;;;PONTA DA SERRA;;;;R. INACIO FERREIRA LEITE, 98, 0;;;;;;;;;;;

;;;;;;;;;;;;;;;;;;;;;;;;;

4246;ANDREANE PAULINHO FEITOSA;;;;JUAZEIRO DO NORTE;;;;CE;  .   -   ;;( 8)89619-5851;;;997.907.773-53;;;;;
;;;;PIO XII;;;;RUA CONEGO CLIMERIO, 157;;;;;;;;;;;

;;;;;;;;;;;;;;;;;;;;;;;;;

3645;ANTONIA LUZIA E SILVA;;;;JUAZEIRO DO NORTE;;;;CE;  .   -   ;;(  )     -    ;;;987.947.443-00;;;;;
;;;;JOAO CABRAL;;;;R. SENHOR DO BOMFIM, 619, 0;;;;;;;;;;;

;;;;;;;;;;;;;;;;;;;;;;;;;

3847;ANTONIA LUZIMAR NOGUEIRA DA SILVA;;;;JUAZEIRO DO NORTE;;;;CE;63.041-000;;( 8)83571-5044;;;03.487.770/0001-07;;06.288.913-3;;;
POR TRAS DO TG;;;;TRIANGULO;;;;R. ENGENHEIRO JOSE WALTER, 919 A, 0;;;;;;;;;;;

;;;;;;;;;;;;;;;;;;;;;;;;;

4196;ANTONIA RIBEIRO DE SOUSA - ME;;;;CRATO;;;;CE;63.137-000;;(  )     -    ;;;06.972.920/0001-58;;06.697.835-1;;;
;;;;DOM QUINTINO;;;;RUA DO COMERCIO, 257;;;;;;;;;;;

;;;;;;;;;;;;;;;;;;;;;;;;;

3994;ANTONIA VIANA DE SOUZA DUARTE;;;;CRATO;;;;CE;63.100-000;;( 8)89234-6361;;;835.830.923-68;;;;;
3 KM ANTES DE DOM QUINTINO;;;;DOM QUINTINO;;;;SITIO BREIA, S/N, 0;;;;;;;;;;;

;;;;;;;;;;;;;;;;;;;;;;;;;

4298;ANTONIO DA SILVA;;;;CRATO;;;;CE;63.100-000;;( 8)89280-9755;;;600.845.203-88;;;;;
CONJ. VITORIA NOSSA;;;;SEMINARIO;;;;R. AUGUSTO EVANDRO DE LIMA, 39;;;;;;;;;;;

;;;;;;;;;;;;;;;;;;;;;;;;;

884;ANTONIO DA SILVA ME;;;;CRATO;;;;CE;63.100-000;;( 8)8 523-6965;;;   .   .   -  ;;;;;
;;;;VILA LOBO;;;;R. 01, 144;;;;;;;;;;;

;;;;;;;;;;;;;;;;;;;;;;;;;

3240;ANTONIO FERNANDES DE ANDRADE;;;;JUAZEIRO DO NORTE;;;;CE;63.000-000;;( 8)83571-4179;;;422.440.563-68;;;;;
;;;;ROMEIRAO;;;;AV. MACEIO, 192, 192;;;;;;;;;;;

;;;;;;;;;;;;;;;;;;;;;;;;;

4059;ANTONIO LUIZ DE SOUZA-MERCEARIA;;;;CRATO;;;;CE;63.105-330;;(  )     -    ;;;00.400.942/0001-67;;069474346;;;
;;;;MULTIRAO;;;;RUA B 20, 260;;;;;;;;;;;

;;;;;;;;;;;;;;;;;;;;;;;;;

;;;;;;;;;;;;;;;;;;;;;;;;;

ERES Informática LTDA.;;;;;;PAG: 76;;;20/08/2026 - 09:44:21;;;025;

;;;;;;;;;;;;;;;;;;;;;;;;;
;;;;;;;;;;;;;;;;;;;;;;;;

;;
;;;FRANCISCO LUCIANO ALVES HONORIO ME;;;;;;;
;;;Clientes por Vendedor  ;;;;;
;;

;;;;;;;;;;;;;;;;;;;;;;;;

Código;Nome Cliente;;;Cidade;;;;UF;CEP;;FONE;;;C.P.F./C.N.P.J;;R.G./C.G.F.;;;
Nome Fantasia;;;Bairro;;;;Endereço;;;;;

2763;ANTONIO ODORICO DE AQUINO;;;JUAZEIRO DO NORTE;;;;CE;63.050-640;;( 8)83571-2878;;;500.176.163-87;;;;;
;;;JOAO CABRAL;;;;RUA PERPETUA CARNEIRO DA CUNHA,403, 403;;;;;;;;;;;

;;;;;;;;;;;;;;;;;;;;;;;;

3930;ANTONIO SIVALDO DE PAULA;;;JUAZEIRO DO NORTE;;;;CE;  .   -   ;;( 8)89969-6295;;;223.644.393-53;;;;;
;;;PIO XII;;;;R. SAO MIGUEL, 448, 0;;;;;;;;;;;

;;;;;;;;;;;;;;;;;;;;;;;;

3049;CICELIA GOMES DA SILVA;;;JUAZEIRO DO NORTE;;;;CE;63.000-000;;( 8)83511-9421;;;896.259.003-49;;;;;
MILTON;;;LIMOEIRO;;;;RUA OTAVIO AIRES, 581, 581;;;;;;;;;;;

;;;;;;;;;;;;;;;;;;;;;;;;

3848;CICERO BALBINO DOS SANTOS;;;JUAZEIRO DO NORTE;;;;CE;  .   -   ;;( 8)83571-2515;;;414.904.013-34;;;;;
POR TRAS DA BOPIL;;;SANTA TEREZA;;;;R. SENHORA SANTANA, 733, 0;;;;;;;;;;;

;;;;;;;;;;;;;;;;;;;;;;;;

4276;CICERO GOMES DE MORAIS NETO;;;VARZEA ALEGRE;;;;CE;  .   -   ;;( 8)83541-2464;;;195.562.923-49;;;;;
FUNERARIA PADRE CICERO;;;CENTRO;;;;R. DEP. JOSE OTACILIO CORREIA, 23;;;;;;;;;;;

;;;;;;;;;;;;;;;;;;;;;;;;

2769;CICERO JEAN SANTANA DOS SANTOS;;;JUAZEIRO DO NORTE;;;;CE;  .   -   ;;( 8)88816-7201;;;10.648.914/0001-17;;063763257;;;
MERCADINHO 1º OPCAO;;;ANTONIO VIEIRA;;;;RUA CONSTRUTOR JOSE SABINO, 820;;;;;;;;;;;

;;;;;;;;;;;;;;;;;;;;;;;;

4275;CICERO JUNIO GOMES DINIZ  PEREIRA;;;JUAZEIRO DO NORTE;;;;CE;63.020-130;;( 8)83511-4069;;;11.782.641/0001-61;;063956870;;;
;;;LIMOEIRO;;;;RUA TENENTE JOSE DIAS, 299;;;;;;;;;;;

;;;;;;;;;;;;;;;;;;;;;;;;

2381;CRISTIANE CARLOS DA SILVA;;;JUAZEIRO DO NORTE;;;;CE;  .   -   ;;( 8)88805-4723;;;   .   .   -  ;;;;;
;;;JOAO CABRAL;;;;R.PIO NOROES, 683, 0;;;;;;;;;;;

;;;;;;;;;;;;;;;;;;;;;;;;

3883;ELIENE MARIA DA SILVA MELLO;;;JUAZEIRO DO NORTE;;;;CE;  .   -   ;;( 8)88824-6517;;;438.582.443-68;;;;;
;;;JUVENCIO SANTANA;;;;R.JOAO CORREIA OLIVEIRA,368, 0;;;;;;;;;;;

;;;;;;;;;;;;;;;;;;;;;;;;

2633;ELIEZIO CRISPIM MACHADO;;;JUAZEIRO DO NORTE;;;;CE;63.050-190;;( 8)83512-1684;;;01.047.092/0001-28;;069676488;;;
ELIEZIO;;;SALESIANOS;;;;RUA PROFESSORA MARIA PEDRINA, 284;;;;;;;;;;;

;;;;;;;;;;;;;;;;;;;;;;;;

3893;ELISANGELA MARIA DE SOUZA;;;CRATO;;;;CE;  .   -   ;;( 8)83521-0030;;;926.041.703-10;;;;;
PROX.A CAPELA;;;MULTIRAO;;;;R.ANDERSON SIEBRA,125, 0;;;;;;;;;;;

;;;;;;;;;;;;;;;;;;;;;;;;

;;;;;;;;;;;;;;;;;;;;;;;;

ERES Informática LTDA.;;;;;PAG: 77;;;20/08/2026 - 09:44:21;;;025;

;;;;;;;;;;;;;;;;;;;;;;;;
;;;;;;;;;;;;;;;;;;;;;;;;

;;
;;;FRANCISCO LUCIANO ALVES HONORIO ME;;;;;;;
;;;Clientes por Vendedor  ;;;;;
;;

;;;;;;;;;;;;;;;;;;;;;;;;

Código;Nome Cliente;;;Cidade;;;;UF;CEP;;FONE;;;C.P.F./C.N.P.J;;R.G./C.G.F.;;;
Nome Fantasia;;;Bairro;;;;Endereço;;;;;

3651;ERIVAN LEANDRO DA SILVA FEITOSA;;;JUAZEIRO DO NORTE;;;;CE;  .   -   ;;( 8)83571-4716;;;844.421.823-53;;;;;
;;;ROMEIRAO;;;;R.CAPITAO COIMBRA, 372, 0;;;;;;;;;;;

;;;;;;;;;;;;;;;;;;;;;;;;

3239;EXPEDITA CAETANO ALBUQUERQUE;;;JUAZEIRO DO NORTE;;;;CE;63.050-640;;(  )     -    ;;;102.017.478-12;;;;;
;;;ROMEIRAO;;;;RUA TODOS OS SANTOS, 2284;;;;;;;;;;;

;;;;;;;;;;;;;;;;;;;;;;;;

3299;F.E SAMPAIO MERCEARIA;;;JUAZEIRO DO NORTE;;;;CE;63.020-300;;( 8)83511-8268;;;07.784.216/0001-34;;06.190.097-4;;;
;;;PIO XII;;;;R. BELO DOURADO, 137, 0;;;;;;;;;;;

;;;;;;;;;;;;;;;;;;;;;;;;

396;FRANCISCA EVANIA DA CONCEICAO;;;JUAZEIRO DO NORTE;;;;CE;63.000-180;;(  )     -    ;;;022.028.843-78;;;;;
FRANCIVAL;;;PIO XII;;;;MERCADO RAIMUNDO VIANA, BOX 57, 0;;;;;;;;;;;

;;;;;;;;;;;;;;;;;;;;;;;;

4058;FRANCISCA FRANCELI DE LIMA;;;JUAZEIRO DO NORTE;;;;CE;63.022-072;;(  )     -    ;;;300.765.118-20;;;;;
PROXIMO A SCHIN;;;PARQUE ANTONIO VIEIRA;;;;RUA APOLONIO MACEDO, 152;;;;;;;;;;;

;;;;;;;;;;;;;;;;;;;;;;;;

3659;FRANCISCA JOANA DE SOUZA;;;JUAZEIRO DO NORTE;;;;CE;63.040-660;;( 8)88829-0951;;;387.524.843-00;;;;;
;;;JARDIM GONZAGA;;;;R. GERALDO LACERDA BOTELHO, 479, 0;;;;;;;;;;;

;;;;;;;;;;;;;;;;;;;;;;;;

3923;FRANCISCA MARIA DA SILVA;;;JUAZEIRO DO NORTE;;;;CE;63.040-810;;( 8)88819-6519;;;811.046.504-87;;;;;
PROX.AO MERCADO;;;TRINAGULO;;;;R. SOCORRO NOROES MOTA, 941, 0;;;;;;;;;;;

;;;;;;;;;;;;;;;;;;;;;;;;

291;FRANCISCO AIRES SIQUEIRA DE SOUZA;;;JUAZEIRO DO NORTE;;;;CE;63.050-030;;( 8)83512-7345;;;04.797.795/0001-61;;063190680;;;
FRANCISCO;;;SALESIANOS;;;;R. LEAO XIII,294, 294;;;;;;;;;;;

;;;;;;;;;;;;;;;;;;;;;;;;

4101;FRANCISCO ALMEIDA DE SOUZA;;;JUAZEIRO DO NORTE;;;;CE;63.041-020;;( 8)89225-7340;;;00.389.561/0001-24;;069459428;;;
;;;TRIANGULO;;;;RUA. LUÍZ DE FREITAS,574, 574;;;;;;;;;;;

;;;;;;;;;;;;;;;;;;;;;;;;

3747;FRANCISCO ARENILTON XAVIER DA SILVA;;;CRATO;;;;CE;  .   -   ;;( 8)89272-5261;;;922.104.143-34;;;;;
;;;SEMINARIO;;;;R. CONTORNO NORTE, 1309, 0;;;;;;;;;;;

;;;;;;;;;;;;;;;;;;;;;;;;

4004;FRANCISCO DUARTE BRITO ME;;;CRATO;;;;CE;63.105-330;;( 8)83523-9142;;;63.474.837/0001-92;;06.000.826-1;;;
JUA BAR 3 KM ANTES DA P.DA SERRA;;;PONTA DA SERRA;;;;SITIO JUA, S/N, 0;;;;;;;;;;;

;;;;;;;;;;;;;;;;;;;;;;;;

4349;FRANCISCO EMARO DE MORAIS;;;CRATO;;;;CE;  .   -   ;;(  )     -    ;;;422.774.263-34;;;;;
PONTA DA SERRA/MERC. MORAES;;;SITIO MALHADA;;;;R. VITORINO DA COSTA U., 160;;;;;;;;;;;

;;;;;;;;;;;;;;;;;;;;;;;;

;;;;;;;;;;;;;;;;;;;;;;;;

ERES Informática LTDA.;;;;;PAG: 78;;;20/08/2026 - 09:44:21;;;025;

;;;;;;;;;;;;;;;;;;;;;;;;
;;;;;;;;;;;;;;;;;;;;;;;;

;;
;;;FRANCISCO LUCIANO ALVES HONORIO ME;;;;;;;
;;;Clientes por Vendedor  ;;;;;
;;

;;;;;;;;;;;;;;;;;;;;;;;;

Código;Nome Cliente;;;Cidade;;;;UF;CEP;;FONE;;;C.P.F./C.N.P.J;;R.G./C.G.F.;;;
Nome Fantasia;;;Bairro;;;;Endereço;;;;;

3746;FRANCISCO GERONIMO DA SILVA;;;CRATO;;;;CE;  .   -   ;;( 8)89224-0166;;;14.243.172/0001-09;;06.574.419-5;;;
;;;SEMINARIO;;;;R. CONTORNO NORTE, 68, 0;;;;;;;;;;;

;;;;;;;;;;;;;;;;;;;;;;;;

2529;FRANCISCO NOGUEIRA DA ROCHA;;;JUAZEIRO DO NORTE;;;;CE;63.000-000;;( 8)88822-4615;;;172.288.833-49;;;;;
;;;SANTO ANTONIO;;;;AV PAULO MAIA, 422, 0;;;;;;;;;;;

;;;;;;;;;;;;;;;;;;;;;;;;

1159;FRANCISCO REINALDO PEREIRA EPP;;;JUAZEIRO DO NORTE;;;;CE;63.000-000;;( 8)83571-6792;;;07.190.728/0001-72;;067019145;;;
REINALDO;;;ANTONIO VIEIRA;;;;RUA LADISLAU ARRUDA CAMPOS, 712;;;;;;;;;;;

;;;;;;;;;;;;;;;;;;;;;;;;

2172;FRANCISCO SOARES;;;JUAZEIRO DO NORTE;;;;CE;63.050-640;;(  )     -    ;;;740.822.643-53;;;;;
;;;ROMEIRAO;;;;RUA OZANA PEREIRA,222, 222;;;;;;;;;;;

;;;;;;;;;;;;;;;;;;;;;;;;

4256;GILVANEIDE BEZERRA DA SILVA;;;JUAZEIRO DO NORTE;;;;CE;  .   -   ;;( 8)88846-0345;;;600.800.243-19;;;;;
;;;TRIANGULO;;;;RUA JOSE INACIO GOMES, 742;;;;;;;;;;;

;;;;;;;;;;;;;;;;;;;;;;;;

3368;GREYCE FRANCY BATISTA DE FREITAS;;;CRATO;;;;CE;63.000-000;;( 8)89947-0393;;;835.423.613-72;;;;;
;;;BELAS ARTES;;;;R. CELSO SARAIVA LEAO, 19;;;;;;;;;;;

;;;;;;;;;;;;;;;;;;;;;;;;

3582;HERMINIA ROSANE RAUBER ME;;;JUAZEIRO DO NORTE;;;;CE;  .   -   ;;( 8)83571-7533;;;13.435.347/0001-09;;06.558.590-9;;;
;;;VILA REAL;;;;R. LEONARDO DA SILVA FORTES, 630, 0;;;;;;;;;;;

;;;;;;;;;;;;;;;;;;;;;;;;

3646;IDEUZUITE MARIA DE PAULA E SILVA;;;JUAZEIRO DO NORTE;;;;CE;63.000-000;;( 8)88821-3407;;;558.993.153-34;;;;;
;;;ROMEIRAO;;;;R. PIO NOROES,799, 799;;;;;;;;;;;

;;;;;;;;;;;;;;;;;;;;;;;;

3807;JOAO SOARES DA SILVA NETO;;;JUAZEIRO DO NORTE;;;;CE;  .   -   ;;( 8)89963-5137;;;   .   .   -  ;;;;;
;;;PIO XII;;;;MERCADO RAIMUNDO VIANA,60, 0;;;;;;;;;;;

;;;;;;;;;;;;;;;;;;;;;;;;

3926;JOSE ADRIANO DE MATOS MATIAS;;;JUAZEIRO DO NORTE;;;;CE;  .   -   ;;( 8)83571-2088;;;009.144.093-95;;;;;
;;;TRIANGULO;;;;R. DOMINGOS DA SILVA, 261, 0;;;;;;;;;;;

;;;;;;;;;;;;;;;;;;;;;;;;

4003;JOSE AIRTON GONCALVES BEZERRA ME;;;CRATO;;;;CE;63.137-000;;( 8)83513-2129;;;05.018.099/0001-72;;066646626;;;
;;;DOM QUINTINO;;;;R. DO COMERCIO, 254;;;;;;;;;;;

;;;;;;;;;;;;;;;;;;;;;;;;

3951;JOSE CARLOS PEREIRA DA SILVA;;;CRATO;;;;CE;  .   -   ;;( 8)89916-6383;;;549..20.2.6-43-72;;;;;
CARLOS(MERCADINHO DO PAO);;;PARQUE GRANGEIRO;;;;R.MARCOS MATIAS,140, 0;;;;;;;;;;;

;;;;;;;;;;;;;;;;;;;;;;;;

;;;;;;;;;;;;;;;;;;;;;;;;

ERES Informática LTDA.;;;;;PAG: 79;;;20/08/2026 - 09:44:21;;;025;

;;;;;;;;;;;;;;;;;;;;;;;;
;;;;;;;;;;;;;;;;;;;;;;;;

;;
;;;FRANCISCO LUCIANO ALVES HONORIO ME;;;;;;;
;;;Clientes por Vendedor  ;;;;;
;;

;;;;;;;;;;;;;;;;;;;;;;;;

Código;Nome Cliente;;;Cidade;;;;UF;CEP;;FONE;;;C.P.F./C.N.P.J;;R.G./C.G.F.;;;
Nome Fantasia;;;Bairro;;;;Endereço;;;;;

1907;JOSE ERNESTO DE CARVALHO;;;JUAZEIRO DO NORTE;;;;CE;  .   -   ;;( 8)83511-4170;;;559.479.213-91;;;;;
ERNESTO;;;LIMOEIRO;;;;R. PRIMEIRO DE MAIO,1377, 0;;;;;;;;;;;

;;;;;;;;;;;;;;;;;;;;;;;;

262;JOSE FARIAS DA SILVA;;;JUAZEIRO DO NORTE;;;;CE;63.020-090;;( 8)83511-0520;;;02.401.995/0001-28;;062648985;;;
JOSE FARIAS;;;LIMOEIRO;;;;RUA 1º DE MAIO, 1009;;;;;;;;;;;

;;;;;;;;;;;;;;;;;;;;;;;;

3895;JOSE FIRMINO DA SILVA JR;;;CRATO;;;;CE;  .   -   ;;( 8)89290-9189;;;626.729.165-00;;;;;
;;;ALTO DA PENHA;;;;R.BRUNO MENEZES,566, 0;;;;;;;;;;;

;;;;;;;;;;;;;;;;;;;;;;;;

260;JOSE IRAN CALIXTO DE BRITO;;;JUAZEIRO DO NORTE;;;;CE;  .   -   ;;( 8)8 512-0260;;;97.483.234/0001-79;;069324441;;;
JOSE IRAN;;;SALESIANOS;;;;R. SENHORA SANTANA,370, 0;;;;;;;;;;;

;;;;;;;;;;;;;;;;;;;;;;;;

3920;JOSE IRES LOPES;;;JUAZEIRO DO NORTE;;;;CE;  .   -   ;;( 8)83571-1460;;;441.988.764-87;;;;;
ESQ.C/R.ODILIO FIGUEIREDO;;;JOAO CABRAL;;;;R. PERPETUA CARNEIRO DA CUNHA, 537, 0;;;;;;;;;;;

;;;;;;;;;;;;;;;;;;;;;;;;

3998;JOSE LUIZ DE GONZAGA;;;CRATO;;;;CE;  .   -   ;;(  )     -    ;;;485.704.433-15;;;;;
ZE LUIZ;;;PONTA DA SERRA;;;;R. RODEADOR, 47, 0;;;;;;;;;;;

;;;;;;;;;;;;;;;;;;;;;;;;

3862;JOSE PAULO DOS SANTOS;;;CRATO;;;;CE;  .   -   ;;( 8)89601-4269;;;772.991.673-87;;98029039704;;;
ZE VALDO / CONJ.VITORIA NOSSA/EM FRENTE A QUADRA;;;SEMINARIO;;;;R. CESAR PINHEIRO, 177, 0;;;;;;;;;;;

;;;;;;;;;;;;;;;;;;;;;;;;

3316;LUIZA MARIA DE SOUZA;;;JUAZEIRO DO NORTE;;;;CE;63.050-190;;( 8)83511-5301;;;349.064.603-72;;;;;
;;;SALESIANOS;;;;RUA PROFESSORA MARIA PEDRINA,315, 315;;;;;;;;;;;

;;;;;;;;;;;;;;;;;;;;;;;;

4035;MANOEL WILTON DE ALMEIDA;;;JUAZEIRO DO NORTE;;;;CE;63.010-970;;( 8)88844-0752;;;326.877.103-34;;;;;
;;;JOAO CABRAL;;;;R. JOSE PARACAMPOS, 48, 0;;;;;;;;;;;

;;;;;;;;;;;;;;;;;;;;;;;;

1454;MARCIEL ANDRADE DE OLIVEIRA;;;JUAZEIRO DO NORTE;;;;CE;  .   -   ;;( 8)88805-4694;;;854.382.433-87;;99029302225;;;
MARCIEL;;;TRIANGULO;;;;R. AMADEU CORDEIRO,78, 0;;;;;;;;;;;

;;;;;;;;;;;;;;;;;;;;;;;;

3796;MARIA ARAUJO DA SILVA;;;JUAZEIRO DO NORTE;;;;CE;63.100-000;;( 8)83512-5533;;;500.235.603-63;;;;;
PROX. A PEDRA DO JOELHO;;;HORTO;;;;R. DO HORTO, 901, 0;;;;;;;;;;;

;;;;;;;;;;;;;;;;;;;;;;;;

3778;MARIA ASSUNCAO BALBINO;;;JUAZEIRO DO NORTE;;;;CE;  .   -   ;;(  )     -    ;;;403.556.403-68;;;;;
;;;FREI DAMIAO;;;;R. MARIA DE LOURDES SOARES, 05, 0;;;;;;;;;;;

;;;;;;;;;;;;;;;;;;;;;;;;

;;;;;;;;;;;;;;;;;;;;;;;;

ERES Informática LTDA.;;;;;PAG: 80;;;20/08/2026 - 09:44:21;;;025;

;;;;;;;;;;;;;;;;;;;;;;;;
;;;;;;;;;;;;;;;;;;;;;;;;

;;
;;;FRANCISCO LUCIANO ALVES HONORIO ME;;;;;;;
;;;Clientes por Vendedor  ;;;;;
;;

;;;;;;;;;;;;;;;;;;;;;;;;

Código;Nome Cliente;;;Cidade;;;;UF;CEP;;FONE;;;C.P.F./C.N.P.J;;R.G./C.G.F.;;;
Nome Fantasia;;;Bairro;;;;Endereço;;;;;

263;MARIA DAS GRACAS CAVALCANTE NUNES;;;JUAZEIRO DO NORTE;;;;CE;  .   -   ;;( 8)8 571-5596;;;02.517.083/0001-16;;062667700;;;
GRACA MERCANTIL;;;ANTONIO VIEIRA;;;;R. LADISLAU CAMPOS,882, 0;;;;;;;;;;;

;;;;;;;;;;;;;;;;;;;;;;;;

3906;MARIA DE LOURDES RIBEIRO LOBO;;;CRATO;;;;CE;63.122-210;;( 8)83523-6441;;;011.525.098-02;;;;;
PROX.A ESTACAO PE CICERO METRO;;;SAO MIGUEL;;;;R.CAMPOS SALES, 500, 0;;;;;;;;;;;

;;;;;;;;;;;;;;;;;;;;;;;;

925;MARIA DO SOCORRO OLIVEIRA CARDOSO;;;JUAZEIRO DO NORTE;;;;CE;  .   -   ;;( 8)83571-3670;;;05.862.468/0001-09;;06.684.074-0;;;
;;;SAO JOSE;;;;R. MOEZIO DE SOUZA,120, 0;;;;;;;;;;;

;;;;;;;;;;;;;;;;;;;;;;;;

3676;MARIA ELSA GOMES BEZERRA;;;JUAZEIRO DO NORTE;;;;CE;63.050-125;;( 8)89919-2374;;;10.633.846/0001-12;;063748193;;;
;;;SALESIANOS;;;;R.SENADORA ALACOQUE, 47;;;;;;;;;;;

;;;;;;;;;;;;;;;;;;;;;;;;

2935;MARIA ELSA GOMES BEZERRA;;;JUAZEIRO DO NORTE;;;;CE;63.050-125;;( 8)89907-1104;;;10.633.846/0001-12;;063748193;;;
;;;SALESIANOS;;;;RUA  SEN.MARIA ALACOQUE BEZERRA, 47, 47;;;;;;;;;;;

;;;;;;;;;;;;;;;;;;;;;;;;

3257;MARIA HELENA AQUINO LEMOS;;;JUAZEIRO DO NORTE;;;;CE;63.000-000;;( 8)83571-7796;;;739.608.453-91;;;;;
;;;JOAO CABRAL;;;;R ODILIO FIGUEIREDO, 774, 774;;;;;;;;;;;

;;;;;;;;;;;;;;;;;;;;;;;;

3884;MARIA JOSE DOS SANTOS;;;JUAZEIRO DO NORTE;;;;CE;  .   -   ;;( 8)88819-7423;;;   .   .   -  ;;;;;
;;;SALESIANOS;;;;R.PIO IX,18, 0;;;;;;;;;;;

;;;;;;;;;;;;;;;;;;;;;;;;

1668;MARIA LUCIANE FARIAS NUNES-ME;;;JUAZEIRO DO NORTE;;;;CE;63.050-140;;( 8)83512-4642;;;08.149.746/0001-73;;061962945;;;
COABECE;;;SALESIANOS;;;;R. PEDRO BISPOS DOS SANTOS, 158, 0;;;;;;;;;;;

;;;;;;;;;;;;;;;;;;;;;;;;

4000;MARIA LUNA FERREIRA;;;CRATO;;;;CE;  .   -   ;;( 8)89610-2387;;;796.408.773-87;;;;;
;;;PONTA DA SERRA;;;;VILA SAO FRANCISCO, 151;;;;;;;;;;;

;;;;;;;;;;;;;;;;;;;;;;;;

3894;MARIA NALVA DE SOUZA GOMES;;;CRATO;;;;CE;  .   -   ;;( 8)89258-8210;;;998.002.763-00;;;;;
PROX.A CAPELA;;;MULTIRAO;;;;R.RAIMUNDO PEVILAR,316, 0;;;;;;;;;;;

;;;;;;;;;;;;;;;;;;;;;;;;

3740;MARIA SIMONE LIMA DA COSTA;;;JUAZEIRO DO NORTE;;;;CE;63.044-300;;( 8)88804-7240;;;768.010.123-04;;;;;
;;;SAO JOSE;;;;R. ROBERTO DE SA BARRETO, 188, 0;;;;;;;;;;;

;;;;;;;;;;;;;;;;;;;;;;;;

3658;MARIA VANESSA GARCIA MASSIMINO;;;JUAZEIRO DO NORTE;;;;CE;63.043-300;;( 8)89625-0590;;;14.207.463/0001-33;;06.573.975-2;;;
VENDER SO A VISTA/ATRASOU D+ NA NP ;;;FREI DAMIAO;;;;R. RENAN FELINTO DE CARVALHO GONCALVES, 240, 0;;;;;;;;;;;

;;;;;;;;;;;;;;;;;;;;;;;;

;;;;;;;;;;;;;;;;;;;;;;;;

ERES Informática LTDA.;;;;;PAG: 81;;;20/08/2026 - 09:44:21;;;025;

;;;;;;;;;;;;;;;;;;;;;;;;
;;;;;;;;;;;;;;;;;;;;;;;;

;;
;;;FRANCISCO LUCIANO ALVES HONORIO ME;;;;;;;
;;;Clientes por Vendedor  ;;;;;
;;

;;;;;;;;;;;;;;;;;;;;;;;;

Código;Nome Cliente;;;Cidade;;;;UF;CEP;;FONE;;;C.P.F./C.N.P.J;;R.G./C.G.F.;;;
Nome Fantasia;;;Bairro;;;;Endereço;;;;;

4240;MARIA VANIA SILVA TORRES;;;JUAZEIRO DO NORTE;;;;CE;  .   -   ;;( 8)88807-1357;;;09.339.911/0001-12;;063581817;;;
;;;CENTRO;;;;RUA SAO JOSE,, 1148;;;;;;;;;;;

;;;;;;;;;;;;;;;;;;;;;;;;

4235;NATHALLIA CARNEIRO SALES SOUSA;;;CRATO;;;;CE;  .   -   ;;( 8)88829-2326;;;040.388.983-93;;;;;
;;;MURITI;;;;RUA RAIMUNDO SA CAVALCANTE,, 168;;;;;;;;;;;

;;;;;;;;;;;;;;;;;;;;;;;;

3748;OTAVIO AMORIM DE CALDAS EPP;;;CRATO;;;;CE;63.100-000;;(  )     -    ;;;07.024.623/0001-43;;06.852.600-8;;;
;;;CONJ NOVO CRATO;;;;R. CEM, N. 15, 0;;;;;;;;;;;

;;;;;;;;;;;;;;;;;;;;;;;;

4060;RECANTO DOS ANIMAIS;;;CRATO;;;;CE;63.000-000;;( 8)83523-5308;;;   .   .   -  ;;;;;
;;;CENTRO;;;;RUA JOSE DE ALENCAR, 971;;;;;;;;;;;

;;;;;;;;;;;;;;;;;;;;;;;;

3999;RICARDO ALENCAR BRASIL;;;CRATO;;;;CE;  .   -   ;;( 8)83523-9127;;;809.453.173-87;;;;;
;;;PONTA DA SERRA;;;;R. BERNARDO VIEIRA, 248, 0;;;;;;;;;;;

;;;;;;;;;;;;;;;;;;;;;;;;

4005;ROGERIO ALENCAR BRASIL EPP;;;CRATO;;;;CE;63.138-000;;( 8)83523-9303;;;00.534.687/0001-45;;069521140;;;
;;;PONTA DA SERRA;;;;R. MOISES XENOFONTE DE OLIVEIRA, 26;;;;;;;;;;;

;;;;;;;;;;;;;;;;;;;;;;;;

3892;ROSA DALVA DANTAS MOREIRA;;;CRATO;;;;CE;  .   -   ;;( 8)83521-8458;;;514.150.204-00;;;;;
;;;MULTIRAO;;;;R.TERTULIANO DE FIGUEIREDO,111, 0;;;;;;;;;;;

;;;;;;;;;;;;;;;;;;;;;;;;

3965;RYDLLEY WILKERSON FEITOSA DE CASTRO;;;JUAZEIRO DO NORTE;;;;CE;  .   -   ;;( 8)89988-9372;;;037.899.203-12;;;;;
;;;SAO JOSE;;;;R. ZEFERINO PEDRO DOS SANTOS, 367, 0;;;;;;;;;;;

;;;;;;;;;;;;;;;;;;;;;;;;

3922;SILVANIA SOARES SOUZA;;;JUAZEIRO DO NORTE;;;;CE;  .   -   ;;( 8)88821-7197;;;039.847.523-77;;;;;
PROX. DA PROV RB;;;TRIANGULO;;;;R. LUIZ DE FREITAS, 574, 0;;;;;;;;;;;

;;;;;;;;;;;;;;;;;;;;;;;;

3882;SILVANOR FREIRE DE ROCHA;;;JUAZEIRO DO NORTE;;;;CE;  .   -   ;;(  )     -    ;;;394.123.509-53;;;;;
PROX. A VAVA CONSTRUÇOES;;;JUVENCIO SANTANA;;;;R.DR.FLORO,1264, 0;;;;;;;;;;;

;;;;;;;;;;;;;;;;;;;;;;;;

355;VICENTE FELIX DE MOURA;;;JUAZEIRO DO NORTE;;;;CE;  .   -   ;;( 8)8 511-3375;;;01.136.789/0001-75;;06.970.849-5;;;
VICENTE FELIX;;;SALESIANOS;;;;R. SANTA CECILIA, 852, 0;;;;;;;;;;;

;;;;;;;;;;;;;;;;;;;;;;;;

3997;VIRGILIO MENEZES PORFIRIO;;;CRATO;;;;CE;  .   -   ;;( 8)83523-9346;;;822.610.083-68;;;;;
;;;PONTA DA SERRA;;;;R. MOISES XENOFONTE DE OLIVEIRA, 35, 0;;;;;;;;;;;

;;;;;;;;;;;;;;;;;;;;;;;;

;;;;;;;;;;;;;;;;;;;;;;;;

ERES Informática LTDA.;;;;;PAG: 82;;;20/08/2026 - 09:44:21;;;025;

;;;;;;;;;;;;;;;;;;;;;;;;
;;;;;;;;;;;;;;;;;;;;;;;;;;;

;;
;;;FRANCISCO LUCIANO ALVES HONORIO ME;;;;;;;
;;;Clientes por Vendedor  ;;;;;
;;

;;;;;;;;;;;;;;;;;;;;;;;;;;;

Código;Nome Cliente;;;;;;Cidade;;;;UF;CEP;;FONE;;;C.P.F./C.N.P.J;;R.G./C.G.F.;;;
Nome Fantasia;;;;;;Bairro;;;;Endereço;;;;;

2122;ZUILA NUNES BRAZ SOARES;;;;;;JUAZEIRO DO NORTE;;;;CE;  .   -   ;;( 8)88818-1303;;;971.646.073-20;;;;;
ZUILA;;;;;;ROMEIRAO;;;;AV. MACEIO,457, 0;;;;;;;;;;;

;;;;;;;;;;;;;;;;;;;;;;;;;;;

Clientes listados Vendedor:;;;;;;;;83;;;;;;;;;;;;;;;;;;;

Vendedor:;4284;;PAULO 99518467/88466549;;;;;;;;;;;;;;;;;;;
525;L.C. UCHOA DE ABREU;;;;;;IGUATU;;;;CE;  .   -   ;;( 8)8 581-0450;;;03.216.741/0001-00;;06.281.986-0;;;
PAI LUIZ;;;;;;CENTRO;;;;R. DEOCLECIANO BEZERRA, 803, 0;;;;;;;;;;;

;;;;;;;;;;;;;;;;;;;;;;;;;;;

952;MARIA APARECIDA RODRIGUES VIANA;;;;;;IGUATU;;;;CE;63.500-000;;( 8)83582-5280;;;05.688.901/0001-31;;06.686.682-0;;;
MERCANTIL COMETA;;;;;;VILA FOMENTO;;;;R. FCA.CLEOMAR DE ANDRADE DIAS, 10, 0;;;;;;;;;;;

;;;;;;;;;;;;;;;;;;;;;;;;;;;

Clientes listados Vendedor:;;;;;;;;2;;;;;;;;;;;;;;;;;;;

Vendedor:;4285;;ITALO FILGUEIRAS ANTUNES;;;;;;;;;;;;;;;;;;;
4321;HERBENIA/CASA DOS ORIXAS;;;;;;JUAZEIRO DO NORTE;;;;CE;  .   -   ;;(  )     -    ;;;   .   .   -  ;;;;;
VIZINHO GIGANTE DAS TINTAS;;;;;;CENTRO;;;;R. SAO PEDRO, 1277;;;;;;;;;;;

;;;;;;;;;;;;;;;;;;;;;;;;;;;

Clientes listados Vendedor:;;;;;;;;1;;;;;;;;;;;;;;;;;;;

Vendedor:;4685;;ANDRE 8855-6545;;;;;;;;;;;;;;;;;;;
3649;RAIMUNDO VITOR DE SOUZA;;;;;;JUAZEIRO DO NORTE;;;;CE;63.051-075;;( 8)88806-9351;;;308.316.363-00;;12378908;;;
;;;;;;JOAO CABRAL;;;;R.TODOS OS SANTOS, 2592;;;;;;;;;;;

;;;;;;;;;;;;;;;;;;;;;;;;;;;

Clientes listados Vendedor:;;;;;;;;1;;;;;;;;;;;;;;;;;;;

Vendedor:;4845;;RONALDO ANDRE DA SILVA;;;;;;;;;;;;;;;;;;;
6473;EDJENANE MACEDO MOURA ;;;;;;PADRE MARCOS;;;;PI;  .   -   ;;(89)98134-7282;;;33.048.277/0001-43;;196395992;;;
CASA DA RAÇÃO;;;;;;CENTRO;;;;R. FRANCISCO VITO MACEDO, 199;;;;;;;;;;;

;;;;;;;;;;;;;;;;;;;;;;;;;;;

Clientes listados Vendedor:;;;;;;;;1;;;;;;;;;;;;;;;;;;;

;;;;;;;;;;;;;;;;;;;;;;;;;;;

ERES Informática LTDA.;;;;;;PAG: 83;;;20/08/2026 - 09:44:21;;;025;

;;;;;;;;;;;;;;;;;;;;;;;;;;;
;;;;;;;;;;;;;;;;;;;;;;;;;;;

;;
;;;FRANCISCO LUCIANO ALVES HONORIO ME;;;;;;;
;;;Clientes por Vendedor  ;;;;;
;;

;;;;;;;;;;;;;;;;;;;;;;;;;;;

Código;Nome Cliente;;;;;;Cidade;;;;UF;CEP;;FONE;;;C.P.F./C.N.P.J;;R.G./C.G.F.;;;
Nome Fantasia;;;;;;Bairro;;;;Endereço;;;;;

Vendedor:;4924;;ADEMIR 9999-7240;;;;;;;;;;;;;;;;;;;
4923;ERIVANIA ENRIQUE DE OLIVEIRA;;;;;;CACHOEIRA DOS INDIOS;;;;PB;  .   -   ;;(  )     -    ;;;082.840.994-38;;;;;
MERCDOIS IRMAOS/DEDA DA BUDEGA;;;;;;CENTRO;;;;R. JOSE FRANCISCO DE SOUSA, 0;;;;;;;;;;;

;;;;;;;;;;;;;;;;;;;;;;;;;;;

4926;FRANCISCO JUVENCIO;;;;;;CACHOEIRA DOS INDIOS;;;;PB;58.930-000;;( 8)33559-1700;;;07.426.454/0001-78;;;;;
DISTRITO SO JOSE/ DEPOIS DE CACHOEIRA BR230 KM 517;;;;;;BOM JESUS;;;;RUA SANTA MARIA, 0;;;;;;;;;;;

;;;;;;;;;;;;;;;;;;;;;;;;;;;

4925;IDALBERTO SEIXAS DE SOUSA;;;;;;CACHOEIRA DOS INDIOS;;;;PB;58.935-000;;( 8)33823-3008;;;06.037.852/0001-30;;;;;
;;;;;;CENTRO;;;;AV MAURO CARLI, 42;;;;;;;;;;;

;;;;;;;;;;;;;;;;;;;;;;;;;;;

4765;LUCIA ARAUJO DE SOUZA;;;;;;CACHOEIRA DOS INDIOS;;;;PB;58.935-000;;( 8)33558-1221;;;04.929.284/0001-56;;161348270;;;
;;;;;;CENTRO;;;;R. JOSE FRANCISCO DE SOUZA, 30;;;;;;;;;;;

;;;;;;;;;;;;;;;;;;;;;;;;;;;

4766;MARCELO BANDEIRA DA SILVA;;;;;;CACHOEIRA DOS INDIOS;;;;PB;58.935-000;;( 8)33558-1049;;;09.419.560/0001-50;;161572901;;;
CACHOEIRA CONTRUCOES E RACAO;;;;;;CENTRO;;;;R. JOSE FRANCISCO DE SOUZA, 58;;;;;;;;;;;

;;;;;;;;;;;;;;;;;;;;;;;;;;;

4927;MARIA DE FATIMA SANTOS ANDRADE;;;;;;BOM JESUS;;;;PB;58.930-000;;( 8)89630-3165;;;18.096.257/0001-54;;;;;
;;;;;;CENTRO;;;;R PEDRO CARLOS DE MORAIS, 36;;;;;;;;;;;

;;;;;;;;;;;;;;;;;;;;;;;;;;;

Clientes listados Vendedor:;;;;;;;;6;;;;;;;;;;;;;;;;;;;

Vendedor:;4986;;SAMUEL 9822-0888;;;;;;;;;;;;;;;;;;;
5003;MANOEL ALVES DA COSTA;;;;;;MOMBACA;;;;CE;63.610-000;;(  )     -    ;;;  .   .   /    -  ;;;;;
PROX AO DETRAN;;;;;;CENTRO;;;;R. JAIME B FILHO, 430;;;;;;;;;;;

;;;;;;;;;;;;;;;;;;;;;;;;;;;

Clientes listados Vendedor:;;;;;;;;1;;;;;;;;;;;;;;;;;;;

Vendedor:;5009;;ROMULO 9982-2755;;;;;;;;;;;;;;;;;;;
5016;JOANA BATISTA BORGES;;;;;;JUAZEIRO DO NORTE;;;;CE;  .   -   ;;(  )     -    ;;;171.370.553-20;;;;;
;;;;;;AEROPORTO;;;;R FRANCISCA PEREIRA LOPES, 401;;;;;;;;;;;

;;;;;;;;;;;;;;;;;;;;;;;;;;;

3278;RAIMUNDO FELIX DA SILVA;;;;;;JUAZEIRO DO NORTE;;;;CE;63.050-310;;( 8)89951-3753;;;519.673.163-68;;;;;
;;;;;;JOAO CABRAL;;;;RUA JOSE DE ALENCAR,1862, 0;;;;;;;;;;;

;;;;;;;;;;;;;;;;;;;;;;;;;;;

Clientes listados Vendedor:;;;;;;;;2;;;;;;;;;;;;;;;;;;;

;;;;;;;;;;;;;;;;;;;;;;;;;;;

ERES Informática LTDA.;;;;;;PAG: 84;;;20/08/2026 - 09:44:21;;;025;

;;;;;;;;;;;;;;;;;;;;;;;;;;;
;;;;;;;;;;;;;;;;;;;;;;;;;

;;
;;;FRANCISCO LUCIANO ALVES HONORIO ME;;;;;;;
;;;Clientes por Vendedor  ;;;;;
;;

;;;;;;;;;;;;;;;;;;;;;;;;;

Código;Nome Cliente;;;;Cidade;;;;UF;CEP;;FONE;;;C.P.F./C.N.P.J;;R.G./C.G.F.;;;
Nome Fantasia;;;;Bairro;;;;Endereço;;;;;

Vendedor:;5124;;EDMAR ;;;;;;;;;;;;;;;;;
250;ADALBERTO FERREIRA DA SILVA;;;;JUAZEIRO DO NORTE;;;;CE;  .   -   ;;( 8)8 572-1476;;;483.143.311-04;;990.291.140-46;;;
ADALBERTO;;;;NOVO JUAZEIRO;;;;AV. CASTELO BRANCO, 3238;;;;;;;;;;;

;;;;;;;;;;;;;;;;;;;;;;;;;

3898;ADASSA GONCALVES PALACIO;;;;CRATO;;;;CE;  .   -   ;;( 8)89233-3938;;;054.836.513-08;;;;;
PROX.A RADIO ARARIPE;;;;VILA LOBO;;;;R.ANTONIO DA SILVA,17, 0;;;;;;;;;;;

;;;;;;;;;;;;;;;;;;;;;;;;;

4248;ADRIANO MARINHEIRO DA SILVA;;;;CRATO;;;;CE;  .   -   ;;( 8)83523-5573;;;879.504.484-15;;;;;
MURITI DE BAIXO, ;;;;MURITI;;;;RUA PRESIDENTE PEDRO TELES, 41;;;;;;;;;;;

;;;;;;;;;;;;;;;;;;;;;;;;;

2240;ANTONIO DOS SANTOS MINI MERCADO MICROEMPRESA;;;;CRATO;;;;CE;63.100-000;;( 8)83523-4079;;;04.487.777/0001-83;;06.030.911-3;;;
MINI MERCADO;;;;SEMINARIO;;;;AV.LAVRAS DA MANGABEIRA, 246, 246;;;;;;;;;;;

;;;;;;;;;;;;;;;;;;;;;;;;;

5013;ANTONIO LUNA BATISTA;;;;CRATO;;;;CE;63.100-000;;( 8)89446-3519;;;485.739.653-04;;;;;
;;;;PINTO MARDEIRA;;;;R.MONSENHOR LIMA, 171;;;;;;;;;;;

;;;;;;;;;;;;;;;;;;;;;;;;;

5209;CICERA RAQUEL VIEIRA DA SILVA MICROEMPRESA;;;;FARIAS BRITO;;;;CE;63.185-000;;( 8)89612-4123;;;09.115.625/0001-73;;062153129;;;
EM FRENTE PRACA PADRE CICERO;;;;CENTRO;;;;R. CEL MANOEL P DE ALMEIDA, 353;;;;;;;;;;;

;;;;;;;;;;;;;;;;;;;;;;;;;

5236;CICERO MACHADO FAVELA;;;;LAVRAS DA MANGABEIRA;;;;CE;63.300-000;;( 8)89922-4697;;;14.832.961/0001-77;;065866959;;;
EM FRENTE AO POSTO IPIRANGA;;;;VILA BANCARIA;;;;R JOSE GONCALVES DA SILVA, 378;;;;;;;;;;;

;;;;;;;;;;;;;;;;;;;;;;;;;

5010;JOSE LUCIANO GOMES;;;;CRATO;;;;CE;63.100-000;;( 8)89924-0702;;;559.993.013-00;;;;;
;;;;ALTO DA PENHA;;;;R. SATURNINO CANDEIA, 58;;;;;;;;;;;

;;;;;;;;;;;;;;;;;;;;;;;;;

3396;MAISA MARQUES MATIAS PENHA;;;;FARIAS BRITO;;;;CE;63.185-000;;( 8)89601-9220;;;02.203.192/0001-69;;069968799;;;
;;;;CENTRO;;;;RUA MANOEL PINHEIRO ALMEIDA, 437;;;;;;;;;;;

;;;;;;;;;;;;;;;;;;;;;;;;;

769;MARIA JOSE DE SOUZA ME;;;;CRATO;;;;CE;  .   -   ;;( 8)89906-7171;;;03.217.512/0001-00;;06.281.880-5;;;
EM FRENTE AO PIRAO DE COSTELA;;;;VILA ALTA;;;;R. ANTONINA DO NORTE, 7;;;;;;;;;;;

;;;;;;;;;;;;;;;;;;;;;;;;;

5242;MAYARA RAYKA BRITO DOS SANTOS;;;;LAVRAS DA MANGABEIRA;;;;CE;  .   -   ;;( 8)89661-2565;;;065.760.504-29;;;;;
CASA DO ADUBO;;;;CENTRO;;;;RUA ANTONIO LOBO, 45;;;;;;;;;;;

;;;;;;;;;;;;;;;;;;;;;;;;;

;;;;;;;;;;;;;;;;;;;;;;;;;

ERES Informática LTDA.;;;;;;PAG: 85;;;20/08/2026 - 09:44:21;;;025;

;;;;;;;;;;;;;;;;;;;;;;;;;
;;;;;;;;;;;;;;;;;;;;;;;;;;;

;;
;;;FRANCISCO LUCIANO ALVES HONORIO ME;;;;;;;
;;;Clientes por Vendedor  ;;;;;
;;

;;;;;;;;;;;;;;;;;;;;;;;;;;;

Código;Nome Cliente;;;;;;Cidade;;;;UF;CEP;;FONE;;;C.P.F./C.N.P.J;;R.G./C.G.F.;;;
Nome Fantasia;;;;;;Bairro;;;;Endereço;;;;;

Vendedor:;5124;;EDMAR ;;;;;;;;;;;;;;;;;;;
5174;ROBSON FRANCA ALVES;;;;;;CRATO;;;;CE;63.113-000;;(  )     -    ;;;   .   .   -  ;;;;;
LINTO/RUA DE SIEBRA/EM FRENTE AO POLO DE ATENDIMENTO;;;;;;NOVO CRATO;;;;RUA CENTO E OITO, 175;;;;;;;;;;;

;;;;;;;;;;;;;;;;;;;;;;;;;;;

2826;TALES DE OLIVEIRA GARCIA ME;;;;;;BARBALHA;;;;CE;  .   -   ;;( 8)83532-2007;;;10.574.169/0001-09;;063730766;;;
VILARIO;;;;;;CENTRO;;;;RUA PADRE IBIAPINA 565, 0;;;;;;;;;;;

;;;;;;;;;;;;;;;;;;;;;;;;;;;

570;VICENTE PEDROZA DE MOURA - EPP;;;;;;LAVRAS DA MANGABEIRA;;;;CE;63.300-000;;( 8)83536-2166;;;69.713.139/0001-89;;06.099.071-6;;;
;;;;;;CENTRO;;;;R. CEL JOAO AUGUSTO, 157;;;;;;;;;;;

;;;;;;;;;;;;;;;;;;;;;;;;;;;

Clientes listados Vendedor:;;;;;;;;14;;;;;;;;;;;;;;;;;;;

Vendedor:;5292;;LIZ LIMAVERDE CABRAL DE LIMA;;;;;;;;;;;;;;;;;;;
5041;MARIA APARECIDA SIMPLICIO;;;;;;CRATO;;;;CE;63.100-000;;( 8)89631-5938;;;171.261.933-00;;;;;
;;;;;;VILA ALTA;;;;RUA DR. RAIMUNDO NOROES, 511;;;;;;;;;;;

;;;;;;;;;;;;;;;;;;;;;;;;;;;

Clientes listados Vendedor:;;;;;;;;1;;;;;;;;;;;;;;;;;;;

Vendedor:;5301;;ADRIANO MONTEIRO DE LIMA;;;;;;;;;;;;;;;;;;;
5194;JOSE ADRIANO NETO;;;;;;ALTANEIRA;;;;CE;63.195-000;;(88)99211-0252;;;263.817.883-72;;;;;
MERCADINHO DO ITIM;;;;;;CENTRO;;;;RUA DR EVANDRO BITU, 648;;;;;;;;;;;

;;;;;;;;;;;;;;;;;;;;;;;;;;;

5984;KAMILA SILVA DE ALENCAR DAMASENO;;;;;;CAMPOS SALES;;;;CE;63.150-000;;(88)99606-7429;;;068.544.963-73;;;;;
MERCADINHO GONZAGA;;;;;;APARECIDA;;;;RUA SAO PAULO, 16;;;;;;;;;;;

;;;;;;;;;;;;;;;;;;;;;;;;;;;

Clientes listados Vendedor:;;;;;;;;2;;;;;;;;;;;;;;;;;;;

;;;;;;;;;;;;;;;;;;;;;;;;;;;

ERES Informática LTDA.;;;;;;PAG: 86;;;20/08/2026 - 09:44:21;;;025;

;;;;;;;;;;;;;;;;;;;;;;;;;;;
;;;;;;;;;;;;;;;;;;;;;;;;;;;

;;
;;;FRANCISCO LUCIANO ALVES HONORIO ME;;;;;;;
;;;Clientes por Vendedor  ;;;;;
;;

;;;;;;;;;;;;;;;;;;;;;;;;;;;

Código;Nome Cliente;;;;;;Cidade;;;;UF;CEP;;FONE;;;C.P.F./C.N.P.J;;R.G./C.G.F.;;;
Nome Fantasia;;;;;;Bairro;;;;Endereço;;;;;

Vendedor:;5811;;TIBERIO ALVES DA SILVA;;;;;;;;;;;;;;;;;;;
922;ANTONIO ROBERIO DE ALENCAR COUTINHO;;;;;;JUAZEIRO DO NORTE;;;;CE;  .   -   ;;( 8)83512-6072;;;61.171.972/768 -  ;;052.565.447;;;
ANTO. ROBERIO;;;;;;ROMEIRAO;;;;R. DA PAZ, 343;;;;;;;;;;;

;;;;;;;;;;;;;;;;;;;;;;;;;;;

4664;CICERO PINHEIRO;;;;;;JUAZEIRO DO NORTE;;;;CE;  .   -   ;;(  )     -    ;;;000.000.000-00;;;;;
;;;;;;JOAO CABRAL;;;;R. JOSE LOPES DE OLIVEIRA, 135;;;;;;;;;;;

;;;;;;;;;;;;;;;;;;;;;;;;;;;

4030;DAMIAO PEREIRA DE LIMA;;;;;;JUAZEIRO DO NORTE;;;;CE;  .   -   ;;( 8)83511-0855;;;004.656.723-29;;;;;
;;;;;;TIMBAUBAS;;;;R. ESTELISTA SILVA, 838;;;;;;;;;;;

;;;;;;;;;;;;;;;;;;;;;;;;;;;

4642;ERISMAR SALVIANO DA SILVA OLIVEIRA;;;;;;JUAZEIRO DO NORTE;;;;CE;  .   -   ;;(  )     -    ;;;000.373.723-35;;;;;
;;;;;;JOAO CABRAL;;;;R. JOSE ANDRADE LAVOR, 2686;;;;;;;;;;;

;;;;;;;;;;;;;;;;;;;;;;;;;;;

3183;MARIA DE FATIMA NOGUEIRA MATOS ME;;;;;;JUAZEIRO DO NORTE;;;;CE;63.131-140;;( 8)83572-1007;;;04.361.381/0001-95;;06.861.858-1;;;
VALDERI;;;;;;TIRADENTES;;;;R. PROF. IVANI FEITOSA, 196;;;;;;;;;;;

;;;;;;;;;;;;;;;;;;;;;;;;;;;

365;RAIMUNDO NUNES DE MENDONCA;;;;;;JUAZEIRO DO NORTE;;;;CE;63.031-170;;(  ) 3572-1408;;;691.958.898-68;;0000000000;;;
MERCADINHO MENDONÇA;;;;;;TIRADENTES;;;;RUA ODILON GOMES, 134;;;;;;;;;;;

;;;;;;;;;;;;;;;;;;;;;;;;;;;

3640;ROSANGELA MARCELINO DOS SANTOS;;;;;;JUAZEIRO DO NORTE;;;;CE;63.000-000;;( 8)88819-5085;;;013.691.983-96;;;;;
;;;;;;TIRADENTES;;;;R. MARTINIANO SANTANA, 836;;;;;;;;;;;

;;;;;;;;;;;;;;;;;;;;;;;;;;;

Clientes listados Vendedor:;;;;;;;;7;;;;;;;;;;;;;;;;;;;

;;;;;;;;;;;;;;;;;;;;;;;;;;;

ERES Informática LTDA.;;;;;;PAG: 87;;;20/08/2026 - 09:44:21;;;025;

;;;;;;;;;;;;;;;;;;;;;;;;;;;
;;;;;;;;;;;;;;;;;;;;;;;;;

;;
;;;FRANCISCO LUCIANO ALVES HONORIO ME;;;;;;;
;;;Clientes por Vendedor  ;;;;;
;;

;;;;;;;;;;;;;;;;;;;;;;;;;

Código;Nome Cliente;;;;Cidade;;;;UF;CEP;;FONE;;;C.P.F./C.N.P.J;;R.G./C.G.F.;;;
Nome Fantasia;;;;Bairro;;;;Endereço;;;;;

Vendedor:;6024;;FRANCISCO ISRAEL AMANCIO FRUTUOSO;;;;;;;;;;;;;;;;;
8087;A MARCIANO DE OLIVEIRA MERCANTIL ME;;;;IGUATU;;;;CE;63.507-235;;(9 )8854 -7447;;;18.367.780/0001-78;;065183070;;;
MERCANTIL LIDER;;;;JARDIM OASIS;;;;RUA SILVIO AMARO, 514;;;;;;;;;;;

;;;;;;;;;;;;;;;;;;;;;;;;;

8088;A MARCIANO DE OLIVEIRA MERCANTIL ME;;;;IGUATU;;;;CE;63.507-235;;(9 )8854 -7447;;;18.367.780/0001-78;;065183070;;;
MERCANTIL LIDER;;;;JARDIM OASIS;;;;RUA SILVIO AMARO, 514;;;;;;;;;;;

;;;;;;;;;;;;;;;;;;;;;;;;;

5735;A P DA COSTA FRIOS ME;;;;IGUATU;;;;CE;63.500-000;;(88)99903-4266;;;00.358.149/0001-47;;069446555;;;
MERCANTIL OASIS;;;;CONJUNTO OASIS;;;;RUA SILVIO AMARO, 366;;;;;;;;;;;

;;;;;;;;;;;;;;;;;;;;;;;;;

5416;ABILIO CALIXTO SOBRINHO;;;;AURORA;;;;CE;63.360-000;;(88)99980-6913;;;07.527.997/0001-81;;068221517;;;
MERCADINHO CALIXTO;;;;ARACA;;;;RUA CORONEL JOSE LEITE, 102;;;;;;;;;;;

;;;;;;;;;;;;;;;;;;;;;;;;;

6486;ADAILTON BENTO RIBEIRO ;;;;LAVRAS DA MANGABEIRA;;;;CE;63.300-000;;(88)99983-9274;;;020.144.603-02;;2000099001617;;;
LOJA DE HELIO SARMENTO;;;;CENTRO;;;;RUA ELISBAO DE ALMEIDA CRISPIM, 331;;;;;;;;;;;

;;;;;;;;;;;;;;;;;;;;;;;;;

5052;ADALBERTO ALVES DE ALENCAR MERCEARIA ME;;;;MOMBACA;;;;CE;63.610-000;;(88)99708-3120;;;04.294.453/0001-29;;063075954;;;
MERCADINHO SAO JOGE;;;;CENTRO;;;;RUA  JAIME BENEVIDES, 478;;;;;;;;;;;

;;;;;;;;;;;;;;;;;;;;;;;;;

6421;ADAO ALVES DA SILVA;;;;ICO;;;;CE;63.430-000;;(  ) 3561-4645;;;046.276.163-09;;;;;
MERCANTIL ACIOLE;;;;DNER;;;;RUA DO CRUZEIRO, 807;;;;;;;;;;;

;;;;;;;;;;;;;;;;;;;;;;;;;

7350;ADRIANO LOPES DE OLIVEIRA;;;;IGUATU;;;;CE;63.508-160;;(88)98220-7358;;;43.641.358/0001-06;;07.019629-0;;;
RACAO NORDESTINA;;;;AREIAS II;;;;R JOSE CAIEIRA DE ARAUJO, 127;;;;;;;;;;;

;;;;;;;;;;;;;;;;;;;;;;;;;

;;;;;;;;;;;;;;;;;;;;;;;;;

ERES Informática LTDA.;;;;;;PAG: 88;;;20/08/2026 - 09:44:21;;;025;

;;;;;;;;;;;;;;;;;;;;;;;;;
;;;;;;;;;;;;;;;;;;;;;;;;

;;
;;;FRANCISCO LUCIANO ALVES HONORIO ME;;;;;;;
;;;Clientes por Vendedor  ;;;;;
;;

;;;;;;;;;;;;;;;;;;;;;;;;

Código;Nome Cliente;;;Cidade;;;;UF;CEP;;FONE;;;C.P.F./C.N.P.J;;R.G./C.G.F.;;;
Nome Fantasia;;;Bairro;;;;Endereço;;;;;

8224;AGROPECUARIA CHIQUIM BENTO LTDA;;;QUIXELO;;;;CE;63.515-000;;(88)99641-5579;;;63.492.501/0001-52;;070928975;;;
LOJA DO MELQUE;;;CENTRO;;;;RUA LUIZ GOMES DE ARAUJO, 267;;;;;;;;;;;

;;;;;;;;;;;;;;;;;;;;;;;;

7857;AGROVET CANA BRAVA LTDA;;;JUCAS;;;;CE;63.580-000;;(88)99968-8522;;;56.195.075/0001-20;;072051051;;;
AGROVET CANA BRAVA;;;CENTRO;;;;RUA MAJOR LEAL, 156;;;;;;;;;;;

;;;;;;;;;;;;;;;;;;;;;;;;

2145;AILTON SOUSA MIGUEL ME;;;CARIUS;;;;CE;63.530-000;;(88) 3514-1386;;;02.941.866/0001-22;;06.276077-7;;;
AGROCOMPO;;;CENTRO;;;;RUA PASCOAL ESTOPELLI, 5;;;;;;;;;;;

;;;;;;;;;;;;;;;;;;;;;;;;

7808;AKYLIS DE LIRA GOMES;;;CEDRO;;;;CE;63.400-000;;(88)99855-2480;;;53.600.810/0001-45;;071712283;;;
TARGINO RANCHO;;;CENTRO;;;;RUA VALDER VIANA, 191;;;;;;;;;;;

;;;;;;;;;;;;;;;;;;;;;;;;

6390;ALAN TEIXEIRA IBIAPINA;;;IGUATU;;;;CE;63.500-113;;(88)99646-4646;;;32.899.032/0001-67;;069031118;;;
TELHA RACOES;;;CENTRO;;;;AVENIDA AGENOR ARAÚJO, 701;;;;;;;;;;;

;;;;;;;;;;;;;;;;;;;;;;;;

661;ALCYFRAN COSTA PIRES ME;;;CEDRO;;;;CE;63.400-000;;(88) 3564-1418;;;03.667.752/0001-07;;062939246;;;
ALCIFRAN;;;CENTRO;;;;RUA SENADOR JOAO TOME, 29;;;;;;;;;;;

;;;;;;;;;;;;;;;;;;;;;;;;

5264;ALDENIZA GOMES DE SOUZA MICROEMPRESA;;;CEDRO;;;;CE;63.400-000;;(88)99612-1696;;;07.679.835/0001-69;;061880868;;;
MERCANTIL ALTERNATIVO;;;CENTRO;;;;RUA JOSE PAJE, 290;;;;;;;;;;;

;;;;;;;;;;;;;;;;;;;;;;;;

3185;ALEX ARAUJO NOGUEIRA ME;;;MOMBACA;;;;CE;63.610-000;;(88)99944-8220;;;03.930.429/0001-76;;06.299.320-8;;;
MERCANTIL 2 IRMAOS;;;CENTRO;;;;RUA JOAO MARTINS DE MELO, 35;;;;;;;;;;;

;;;;;;;;;;;;;;;;;;;;;;;;

7112;ALINE MICHELLE DA SILVA NUNES;;;ACOPIARA;;;;CE;63.560-000;;(88)99874-3907;;;45.317.879/0001-38;;070462542;;;
AMIGO BICHO;;;CENTRO;;;;R PEDRO ALVES DE OLIVEIRA, 422;;;;;;;;;;;

;;;;;;;;;;;;;;;;;;;;;;;;

6659;ALINE NOGUEIRA VIEIRA;;;CEDRO;;;;CE;63.400-000;;(84)99156-5195;;;39.983.112/0001-45;;064304884;;;
RANCHO STAR HORSE;;;CENTRO;;;;CORONEL JOAO CANDIDO, 36;;;;;;;;;;;

;;;;;;;;;;;;;;;;;;;;;;;;

6982;ALISON RENAN DE OLIVEIRA 06821010366;;;AURORA;;;;CE;63.360-000;;(88)99688-3637;;;45.131.965/0001-51;;;;;
PET MANIA;;;ARACA;;;;10 R JOSE LEITE, 3;;;;;;;;;;;

;;;;;;;;;;;;;;;;;;;;;;;;

;;;;;;;;;;;;;;;;;;;;;;;;

ERES Informática LTDA.;;;;;PAG: 89;;;20/08/2026 - 09:44:21;;;025;

;;;;;;;;;;;;;;;;;;;;;;;;
;;;;;;;;;;;;;;;;;;;;;;;;

;;
;;;FRANCISCO LUCIANO ALVES HONORIO ME;;;;;;;
;;;Clientes por Vendedor  ;;;;;
;;

;;;;;;;;;;;;;;;;;;;;;;;;

Código;Nome Cliente;;;Cidade;;;;UF;CEP;;FONE;;;C.P.F./C.N.P.J;;R.G./C.G.F.;;;
Nome Fantasia;;;Bairro;;;;Endereço;;;;;

5850;ALLEF LUAN LEITE LUCENA;;;AURORA;;;;CE;63.360-000;;(  )99620-4389;;;053.991.173-98;;;;;
CASA DO ANIMAL;;;CENTRO;;;;RUA SANTOS DUMONT, 194;;;;;;;;;;;

;;;;;;;;;;;;;;;;;;;;;;;;

7662;ALRILENE SOBREIRA GONCALVES;;;CEDRO;;;;CE;63.400-000;;(88)99855-2480;;;38.075.063/0001-80;;;;;
TARGINO RANCH;;;CENTRO;;;;RUA CEL. JOSE DE ALBUQUERQUE, 516;;;;;;;;;;;

;;;;;;;;;;;;;;;;;;;;;;;;

8177;ANA BEATRIZ GARCIA FONTENELE DAMACENO;;;ACOPIARA;;;;CE;63.568-000;;(88)98891-6586;;;64.283.159/0001-43;;073037478;;;
AGROPET;;;SAO PAULINHO;;;;1A RUA RUA FLAMENGO, 0;;;;;;;;;;;

;;;;;;;;;;;;;;;;;;;;;;;;

7762;ANA CATARINA RODRIGUES GUIMARAES;;;ICO;;;;CE;63.430-000;;(88)99625-4030;;;54.784.349/0001-90;;;;;
CASA AGRORURAL;;;TRES BODEGAS ZONA RUAL;;;;R DIOMEDES ARRUDA TORRES, 261;;;;;;;;;;;

;;;;;;;;;;;;;;;;;;;;;;;;

5419;ANA LUCIA BEZERRA QUEIROGA;;;MOMBACA;;;;CE;63.100-000;;(  )99713-1195;;;07.664.741/0001-16;;066321700;;;
MERCANTIL AVELINO QUEIROGA ;;;CENTRO;;;;R CORONEL JOSE ADERALDO , 114;;;;;;;;;;;

;;;;;;;;;;;;;;;;;;;;;;;;

8073;ANDERSON FLAVIO VIEIRA SOBREIRA;;;IGUATU;;;;CE;63.508-055;;(88)99967-7521;;;50.604.399/0001-98;;071289909;;;
MUNDO AGROPET;;;AREIAS I;;;;RUA CASEMIRO PEREIRA, 403;;;;;;;;;;;

;;;;;;;;;;;;;;;;;;;;;;;;

7203;ANDERSON FLAVIO VIEIRA SOBREIRA;;;IGUATU;;;;CE;63.500-518;;(  )99902-0079;;;767.281.533-49;;;;;
MUNDO ANIMAL ;;;FLORES ;;;;RUA CASIMIRO PEREIRA, 403;;;;;;;;;;;

;;;;;;;;;;;;;;;;;;;;;;;;

6072;ANDREIA XAVIER ARAUJO;;;ICO;;;;CE;63.430-000;;(88)99684-5072;;;893.343.023-72;;;;;
SACOLAO DAS FRUTAS;;;D N E R;;;;RUA DO CRUZEIRO, 694;;;;;;;;;;;

;;;;;;;;;;;;;;;;;;;;;;;;

7796;ANDRESSA MARIA DE AMORIM SOUZA;;;OROS;;;;CE;63.520-000;;(88)99728-9841;;;46.414.168/0001-44;;070627240;;;
;;;CENTRO;;;;RUA PRIMEIRO DE SETEMBRO, 46;;;;;;;;;;;

;;;;;;;;;;;;;;;;;;;;;;;;

8164;ANTONIA CLAUDIANNY CORREIA LIMA;;;ICO;;;;CE;63.430-000;;(88)99300-6295;;;60.503.013/0001-05;;072552190;;;
AGROPET;;;CENTRO;;;;GALERIA MERCADO PUBLICO BOX, 21;;;;;;;;;;;

;;;;;;;;;;;;;;;;;;;;;;;;

6057;ANTONIA MARCIA DA SILVA PIRES ME;;;OROS;;;;CE;63.520-000;;(88)99712-9336;;;15.525.335/0001-09;;066016703;;;
MERCANTIL SANTA CLARA ;;;SAO GERALDO;;;;RUA JARDIM FRANCINETE COSTA, 70;;;;;;;;;;;

;;;;;;;;;;;;;;;;;;;;;;;;

6514;ANTONIA MARIA PEREIRA DA SILVA;;;MOMBACA;;;;CE;63.610-000;;(  )99961-4820;;;171.260.048-69;;;;;
MERCANTIL MENDONCA;;;TEJUBANA;;;;AV NONATO DE CARVALHO, 52;;;;;;;;;;;

;;;;;;;;;;;;;;;;;;;;;;;;

;;;;;;;;;;;;;;;;;;;;;;;;

ERES Informática LTDA.;;;;;PAG: 90;;;20/08/2026 - 09:44:21;;;025;

;;;;;;;;;;;;;;;;;;;;;;;;
;;;;;;;;;;;;;;;;;;;;;;;;

;;
;;;FRANCISCO LUCIANO ALVES HONORIO ME;;;;;;;
;;;Clientes por Vendedor  ;;;;;
;;

;;;;;;;;;;;;;;;;;;;;;;;;

Código;Nome Cliente;;;Cidade;;;;UF;CEP;;FONE;;;C.P.F./C.N.P.J;;R.G./C.G.F.;;;
Nome Fantasia;;;Bairro;;;;Endereço;;;;;

6316;ANTONIA REJANE FERREIRA DE ARAUJO;;;ACOPIARA;;;;CE;63.560-000;;(88)99975-1057;;;010.263.963-95;;;;;
BICHOS E CAPRICHOS;;;CENTRO;;;;PC TABELIAO JOSE MARQUES FILHO, 247;;;;;;;;;;;

;;;;;;;;;;;;;;;;;;;;;;;;

8206;ANTONIA ROSEMEIRE QUEIROZ GUTIERRES WUERZIUS ;;;JUAZEIRO DO NORTE;;;;CE;63.048-280;;(88)99973-5215;;;818.168.203-34;;;;;
;;;CIDADE UNIVERSITÁRIA;;;;RUA MANOEL BALBINO DA SILVA , 887;;;;;;;;;;;

;;;;;;;;;;;;;;;;;;;;;;;;

3945;ANTONIO A. DA SILVA;;;CEDRO;;;;CE;63.400-000;;(88)88422-4676;;;07.039.736/0001-12;;066982049;;;
MERCADINHO SANTO ANTONIO;;;CENTRO;;;;RUA VEREADOR PEDRO LOPES  VIEIRA, 9;;;;;;;;;;;

;;;;;;;;;;;;;;;;;;;;;;;;

3668;ANTONIO ALCIDES SILVA MICROEMPRESA;;;CARIUS;;;;CE;63.530-000;;(88)99943-1420;;;01.261.368/0001-76;;069735166;;;
MERCANTIL ALCIDES;;;ESPLANADA;;;;RUA MANOEL ROQUE BEZERRA, 158;;;;;;;;;;;

;;;;;;;;;;;;;;;;;;;;;;;;

2147;ANTONIO ALVES DAVID - MICROEMPRESA;;;CARIUS;;;;CE;63.530-000;;(88)35141-172 ;;;00.580.088/0001-68;;068680228;;;
;;;ESPLANADA;;;;R.MANOEL ROQUE BELEM, S/N, 0;;;;;;;;;;;

;;;;;;;;;;;;;;;;;;;;;;;;

6697;ANTONIO ALVES DE LIMA ;;;QUIXELO;;;;CE;63.515-000;;(  )99968-4190;;;392.818.683-34;;00;;;
MERCANTIL ESQUINAO ;;;CENTRO;;;;RUA RAIMUNDO NASCIMENTO , 27;;;;;;;;;;;

;;;;;;;;;;;;;;;;;;;;;;;;

6388;ANTONIO D ANGELLLYS DE SOUZA;;;JUCAS;;;;CE;63.580-000;;(  )99628-9297;;;34.021.763/0001-30;;069651043;;;
CONSTRUAGRO;;;VILA SAO PEDRO;;;;ANTONIO FRANCISCO DE SOUZA, 254;;;;;;;;;;;

;;;;;;;;;;;;;;;;;;;;;;;;

7953;ANTONIO DIEGO BARBOSA DE MELO;;;IGUATU;;;;CE;63.500-113;;(88)99485-1795;;;052.665.583-69;;;;;
FARMAVET;;;CENTRO;;;;RUA ADEODATO MATOS CAVALCANTE , 283;;;;;;;;;;;

;;;;;;;;;;;;;;;;;;;;;;;;

5065;ANTONIO ERNANDES HENRIQUE DA SILVA ME;;;MOMBACA;;;;CE;63.610-000;;(88) 9764-1615;;;04.386.063/0001-89;;063099608;;;
PANIFICA. E MERC. SANTO ANTONIO;;;RECREIO;;;;R JOSE DE SA AZEVEDO, 159;;;;;;;;;;;

;;;;;;;;;;;;;;;;;;;;;;;;

6050;ANTONIO FERNANDES DE ALMEIDA;;;MOMBACA;;;;CE;63.610-000;;(88)99932-3654;;;35.098.049/0001-03;;23804410665;;;
MERCANTIL FERNANDES;;;VILA IRACEMA;;;;ANTONIO JAIME BENEVIDES FILHO, 1194;;;;;;;;;;;

;;;;;;;;;;;;;;;;;;;;;;;;

5081;ANTONIO GONCALVES DE OLIVEIRA;;;IGUATU;;;;CE;63.508-207;;(88)99864-6950;;;19.217.747/0001-24;;067101992;;;
MERC. GONCALVES, ANTONIO DO BAU/ PROX MERC FERNANDES;;;AREIAS II;;;;RUA MAURO MAIA, 99;;;;;;;;;;;

;;;;;;;;;;;;;;;;;;;;;;;;

8183;ANTONIO LUIDY DUARTE DE ALCANTARA;;;CARIUS;;;;CE;63.530-000;;(  )98162-3249;;;624.071.573-54;;;;;
PALACE ;;;CENTRO;;;;RUA RAUL NOGUEIRA , 122;;;;;;;;;;;

;;;;;;;;;;;;;;;;;;;;;;;;

;;;;;;;;;;;;;;;;;;;;;;;;

ERES Informática LTDA.;;;;;PAG: 91;;;20/08/2026 - 09:44:21;;;025;

;;;;;;;;;;;;;;;;;;;;;;;;
;;;;;;;;;;;;;;;;;;;;;;;;

;;
;;;FRANCISCO LUCIANO ALVES HONORIO ME;;;;;;;
;;;Clientes por Vendedor  ;;;;;
;;

;;;;;;;;;;;;;;;;;;;;;;;;

Código;Nome Cliente;;;Cidade;;;;UF;CEP;;FONE;;;C.P.F./C.N.P.J;;R.G./C.G.F.;;;
Nome Fantasia;;;Bairro;;;;Endereço;;;;;

6866;ANTONIO NETO DUARTE DE SOUSA;;;JUCAS;;;;CE;63.580-000;;(88)99968-0575;;;44.010.372/0001-74;;070261750;;;
CASA DAS FRUTAS;;;SAO MATEUS;;;;R JOSE LUCAS FEITOSA, 2;;;;;;;;;;;

;;;;;;;;;;;;;;;;;;;;;;;;

6692;ANTONIO REGINALDO VIEIRA DE OLIVEIRA - ME;;;JUCAS;;;;CE;63.580-000;;(  )99612-5685;;;41.035.927/0001-44;;063281651;;;
AGROTEM;;;PLANALTO;;;;ORMECINDA CORREIRA LEITE, 373;;;;;;;;;;;

;;;;;;;;;;;;;;;;;;;;;;;;

7135;ANTONIO ROBERIO OTONI LUCAS LTDA;;;CARIUS;;;;CE;63.530-000;;(  )99818-8802;;;46.800.460/0001-03;;070697680;;;
AGRO SHOP CARIUS;;;CENTRO;;;;R JULIO OTONI DE CARVALHO, 204;;;;;;;;;;;

;;;;;;;;;;;;;;;;;;;;;;;;

7140;ANTONIO ROMARIO LIMA DA SILVA;;;IGUATU;;;;CE;63.500-119;;(88)98888-2585;;;603.268.823-24;;;;;
ANTONIO DO FEIJAO ;;;CENTRO ;;;;RUA DEOCLECIANO BEZERRA , 633;;;;;;;;;;;

;;;;;;;;;;;;;;;;;;;;;;;;

7177;ANTONIO RONALDO DE OLIVEIRA LOI;;;IGUATU;;;;CE;63.500-522;;(88)99712-7832;;;517.946.593-15;;;;;
RE RACOES ;;;FLORES;;;;RUA JOSE MARCIO NOGUEIRA , 385;;;;;;;;;;;

;;;;;;;;;;;;;;;;;;;;;;;;

6060;ANTONIO V DE SOUZA ME;;;JUCAS;;;;CE;63.580-000;;(88)99754-4868;;;24.663.225/0001-96;;064959589;;;
SUPERMERCADO DA FAMILIA;;;VILA SAO PEDRO;;;;RUA FRANCISCO ANDRE DE SOUZA, 0;;;;;;;;;;;

;;;;;;;;;;;;;;;;;;;;;;;;

6633;ANTONIO VICENTE DO NASCIMENTO;;;CEDRO;;;;CE;63.400-000;;(  )99679-8395;;;233.905.903-82;;20181203434;;;
MERCANTIL  COELHO ;;;CENTRO;;;;RUA SENADOR JOAO TOME, 349;;;;;;;;;;;

;;;;;;;;;;;;;;;;;;;;;;;;

7253;ANTONIO VICTOR BEZERRA;;;JUCAS;;;;CE;63.580-000;;(  )98156-3873;;;47.830.318/0001-63;;07.084719-3;;;
VIZINHO AO SALAO REAL;;;NOSSA SENHORA DE FATIMA ;;;;RUA MANOEL VENANCIO LEITE, 32;;;;;;;;;;;

;;;;;;;;;;;;;;;;;;;;;;;;

8113;ARIADNE GONCALVES RODRIGUES ;;;IGUATU;;;;CE;65.300-146;;(88)99702-7545;;;52.346.260/0001-17;;;;;
CANNI CAT;;;CENTRO;;;;RUA SANTOS DUMONT, 408;;;;;;;;;;;

;;;;;;;;;;;;;;;;;;;;;;;;

6385;ARIANNE MAIA SILVA;;;OROS;;;;CE;63.520-000;;(88)99931-3763;;;037.769.193-37;;2001025021469;;;
CASA AGROPECUARIA SALVA VIDAS;;;CENTRO;;;;RUA JOSE RIBEIRO MONTENEGRO, 69;;;;;;;;;;;

;;;;;;;;;;;;;;;;;;;;;;;;

6064;ARMANDO MIGUEL SILVA MERCEARIA MICROEMPRESA;;;CARIUS;;;;CE;63.530-000;;(88)99629-4879;;;69.715.571/0001-09;;068680530;;;
MERCANTIL TITONHO;;;CENTRO;;;;RUA SILVESTRE ALMEIDA DUARTE, 27;;;;;;;;;;;

;;;;;;;;;;;;;;;;;;;;;;;;

8065;ARNAUD TEIXEIRA LOPES;;;IGUATU;;;;CE;63.507-450;;(  )99644-3434;;;855.971.043-49;;;;;
TEIXERA RACOES;;;LAGOA PARK;;;;RUA MARIA DOLORES BANDEIRA, 548;;;;;;;;;;;

;;;;;;;;;;;;;;;;;;;;;;;;

;;;;;;;;;;;;;;;;;;;;;;;;

ERES Informática LTDA.;;;;;PAG: 92;;;20/08/2026 - 09:44:21;;;025;

;;;;;;;;;;;;;;;;;;;;;;;;
;;;;;;;;;;;;;;;;;;;;;;;;

;;
;;;FRANCISCO LUCIANO ALVES HONORIO ME;;;;;;;
;;;Clientes por Vendedor  ;;;;;
;;

;;;;;;;;;;;;;;;;;;;;;;;;

Código;Nome Cliente;;;Cidade;;;;UF;CEP;;FONE;;;C.P.F./C.N.P.J;;R.G./C.G.F.;;;
Nome Fantasia;;;Bairro;;;;Endereço;;;;;

6701;ARTHUR NOGUEIRA CUNHA AGROMED;;;ACOPIARA;;;;CE;63.560-000;;(  )99962-1628;;;36.962.791/0001-88;;062524755;;;
;;;CENTRO;;;;RUA MARECHAL DEODORO , 221;;;;;;;;;;;

;;;;;;;;;;;;;;;;;;;;;;;;

6471;ASSOCIACAO FOCINHOS CARENTES DE AURORA-AFC;;;AURORA;;;;CE;63.360-000;;(  )99257-0310;;;34.316.941/0001-50;;;;;
CUIDANDO COM AMOR;;;VILA FREIRE;;;;RUA VILA FREIRE, 235;;;;;;;;;;;

;;;;;;;;;;;;;;;;;;;;;;;;

7635;ATILA DUARTE CANDIDO;;;ICO;;;;CE;63.430-000;;(88)99703-9711;;;49.979.466/0001-70;;;;;
MERCANTIL SAO PAULO - MARILENE;;;CENTRO;;;;RUA RUA UZIAS SOARES DINIZ, 200;;;;;;;;;;;

;;;;;;;;;;;;;;;;;;;;;;;;

6599;ATILA DUARTE CANDIDO ;;;ICO;;;;CE;63.430-000;;(  )99703-9711;;;37.980.046/0001-24;;061404063;;;
MERCANTIL SAO PAULO ;;;CENTRO;;;;UZIAS SOARES DINIZ, 200;;;;;;;;;;;

;;;;;;;;;;;;;;;;;;;;;;;;

6290;AUDENI ALVES BATISTA;;;JUCAS;;;;CE;63.580-000;;(88)99639-0809;;;32.057.586/0001-17;;06.789215-9;;;
AGROPECUARIA TRIBO DO CAMPO;;;DISTRITO DE SAO PEDRO;;;;RUA ANASTACIO FERREIRA DA CUNHA, 88;;;;;;;;;;;

;;;;;;;;;;;;;;;;;;;;;;;;

2452;AUGUSTINHO ALVES BERTOLDO;;;AURORA;;;;CE;63.360-000;;(88)99904-9299;;;056.924.823-04;;;;;
AGROFARMA;;;CENTRO;;;;RUA CORONEL XAVIER , 91;;;;;;;;;;;

;;;;;;;;;;;;;;;;;;;;;;;;

4053;AURELIANO LUIS DOS SANTOS ME;;;ICO;;;;CE;63.430-000;;(88)99699-4467;;;09.178.466/0001-56;;063552671;;;
MERCANTIL DO AURELIANO;;;CIDADE NOVA;;;;RUA D, 350;;;;;;;;;;;

;;;;;;;;;;;;;;;;;;;;;;;;

5432;B. L. P. SIQUEIRA ME;;;IGUATU;;;;CE;63.500-146;;(88)99651-3555;;;21.358.931/0001-36;;064528421;;;
MEGA CASA DO CAMPO ;;;CENTRO;;;;RUA SANTOS DUMONT, 346;;;;;;;;;;;

;;;;;;;;;;;;;;;;;;;;;;;;

6642;BENTO ALMEIDA CARDOSO;;;IGUATU;;;;CE;63.512-500;;(  )99710-4680;;;37.669.324/0001-27;;063189674;;;
BENTO ALMEIDA;;;VILA BARRO ALTO;;;;RUA SAO SEBASTIÃO , 96;;;;;;;;;;;

;;;;;;;;;;;;;;;;;;;;;;;;

6369;BRENO CESAR SILVA;;;IGUATU;;;;CE;63.500-380;;(  )99668-5374;;;34.668.349/0001-18;;061492230;;;
PET FOODS HOUSE;;;JARDIM IGUATU;;;;RUA JULIO CAVALCANTE, 349;;;;;;;;;;;

;;;;;;;;;;;;;;;;;;;;;;;;

7518;BRENO HERMESON VIANA DA SILVA;;;OROS;;;;CE;63.520-000;;( 8)88147-7523;;;50.979.722/0001-08;;071345973;;;
FRIGORIFICO VIANA;;;SAO GERALDO;;;;RUA FRANCISCO DO MONTE, 283;;;;;;;;;;;

;;;;;;;;;;;;;;;;;;;;;;;;

8179;BRUNO HENRRIQUE CUSTODIO ;;;LAVRAS DA MANGABEIRA;;;;CE;63.300-000;;(88)99291-7753;;;056.564.663-02;;;;;
MARCADINHO B. H;;;NOVO HORIZONTE ;;;;AVENIDA DICINEIA, 612;;;;;;;;;;;

;;;;;;;;;;;;;;;;;;;;;;;;

;;;;;;;;;;;;;;;;;;;;;;;;

ERES Informática LTDA.;;;;;PAG: 93;;;20/08/2026 - 09:44:21;;;025;

;;;;;;;;;;;;;;;;;;;;;;;;
;;;;;;;;;;;;;;;;;;;;;;;;

;;
;;;FRANCISCO LUCIANO ALVES HONORIO ME;;;;;;;
;;;Clientes por Vendedor  ;;;;;
;;

;;;;;;;;;;;;;;;;;;;;;;;;

Código;Nome Cliente;;;Cidade;;;;UF;CEP;;FONE;;;C.P.F./C.N.P.J;;R.G./C.G.F.;;;
Nome Fantasia;;;Bairro;;;;Endereço;;;;;

6041;BRUNO RENAN LUCAS FERNANDES;;;JUCAS;;;;CE;63.580-000;;(88)99660-9682;;;28.337.639/0001-86;;066619483;;;
MERCADINHO SANTA TERESINHA;;;NOSSA SENHORA DE FATIMA;;;;R MANOEL VENANCIO LEITE, 85;;;;;;;;;;;

;;;;;;;;;;;;;;;;;;;;;;;;

6609;C ROMARIO ALVES GOMES;;;IGUATU;;;;CE;63.500-005;;(  )99225-5218;;;34.569.592/0001-89;;072711868;;;
AGROAVES E ANIMAIS;;;SAO SEBASTIAO;;;;RUA VICENTE BEZERRA DA COSTA, 205;;;;;;;;;;;

;;;;;;;;;;;;;;;;;;;;;;;;

5207;C. H. COMERCIO DE RACAO LTDA - ME;;;JUCAS;;;;CE;63.580-000;;(88) 9998-9600;;;20.777.955/0001-67;;063449102;;;
KAKA;;;VILA SAO PEDRO;;;;R ANASTACIO FERREIRA DA CUNHA, 52;;;;;;;;;;;

;;;;;;;;;;;;;;;;;;;;;;;;

7743;CARLOS EDUARDO GONCALVES FILHO;;;JUCAS;;;;CE;63.580-000;;(88)99835-4260;;;39.627.852/0001-49;;071529845;;;
FORTVET;;;CENTRO;;;;R GETULIO VARGAS, 182;;;;;;;;;;;

;;;;;;;;;;;;;;;;;;;;;;;;

6031;CARMEM REGINA SILVA RIBEIRO ME;;;MOMBACA;;;;CE;63.610-000;;(88)99705-1213;;;41.334.046/0001-24;;068735138;;;
MERCANTIL RIBEIRO;;;CENTRO;;;;PRACA CICERO MARQUES , 38;;;;;;;;;;;

;;;;;;;;;;;;;;;;;;;;;;;;

6753;CASA DE CAMPO BEZERRA LTDA ME;;;CEDRO;;;;CE;63.400-000;;(  )99606-9940;;;42.001.018/0001-58;;061739251;;;
CASA BEZERRA;;;CENTRO;;;;R VER SALUSTIANO MOURA, 509;;;;;;;;;;;

;;;;;;;;;;;;;;;;;;;;;;;;

568;CASA VETERINARIA SENHOR DO BONFIM LTDA EPP;;;ICO;;;;CE;63.430-000;;(88) 3561-1383;;;07.344.914/0001-19;;060183527;;;
CASA VENTERINARIA SENHOR DO BOMFIM;;;CENTRO;;;;AVENIDA NOGUEIRA ACIOLY, 1411;;;;;;;;;;;

;;;;;;;;;;;;;;;;;;;;;;;;

6985;CICERA BEZERRA QUARESMA;;;LAVRAS DA MANGABEIRA;;;;CE;63.300-000;;(88)98106-5701;;;030.883.763-06;;;;;
VICENTE, CASA DA RACAO;;;AMANIUTUBA DISTRITO DE LAVRAS;;;;RUA AVENIDA RAUL BARBOSA, 185;;;;;;;;;;;

;;;;;;;;;;;;;;;;;;;;;;;;

8064;CICERA PATRICIA DE OLIVEIRA SALES;;;IGUATU;;;;CE;63.508-450;;(  )99702-8700;;;64.253.246/0001-58;;073033553;;;
AURORA RACOES;;;CAJUEIRO ;;;;RUA PRESBITERO JOAO GOMES PINHEIRO , 305;;;;;;;;;;;

;;;;;;;;;;;;;;;;;;;;;;;;

1124;CICERO J. FERREIRA-ME;;;AURORA;;;;CE;63.360-000;;(88) 9962-3075;;;04.364.836/0001-26;;063088886;;;
CICERO;;;CENTRO;;;;RUA JOSE DOS SANTOS, 27;;;;;;;;;;;

;;;;;;;;;;;;;;;;;;;;;;;;

2352;CICERO JOSE SALES DE ALMEIDA ME;;;CEDRO;;;;CE;63.400-000;;(88)99909-8290;;;05.586.996/0001-82;;066783321;;;
CICERO SALES CASA DO CAMPO;;;CENTRO;;;;RUA  CORONEL LUIZ JOSE DE ALBUQUERQUE, 569;;;;;;;;;;;

;;;;;;;;;;;;;;;;;;;;;;;;

6562;CICERO PAULO BERNARDINO DA SILVA;;;ICO;;;;CE;63.430-000;;(  )98158-3067;;;012.743.653-76;;2001029116146;;;
CASA DO BADU;;;CENTRO;;;;RUA DESEMBARGADOR JOSE BASTOS, 320;;;;;;;;;;;

;;;;;;;;;;;;;;;;;;;;;;;;

;;;;;;;;;;;;;;;;;;;;;;;;

ERES Informática LTDA.;;;;;PAG: 94;;;20/08/2026 - 09:44:21;;;025;

;;;;;;;;;;;;;;;;;;;;;;;;
;;;;;;;;;;;;;;;;;;;;;;;;

;;
;;;FRANCISCO LUCIANO ALVES HONORIO ME;;;;;;;
;;;Clientes por Vendedor  ;;;;;
;;

;;;;;;;;;;;;;;;;;;;;;;;;

Código;Nome Cliente;;;Cidade;;;;UF;CEP;;FONE;;;C.P.F./C.N.P.J;;R.G./C.G.F.;;;
Nome Fantasia;;;Bairro;;;;Endereço;;;;;

5051;CICERO V. VIANA - ME;;;IGUATU;;;;CE;63.502-705;;(88)98831-4945;;;17.951.185/0001-12;;065094409;;;
FRIGORIFICO EBENEZER;;;FOMENTO;;;;RUA  ANTONIO ADIL DE MENDOCA, 122;;;;;;;;;;;

;;;;;;;;;;;;;;;;;;;;;;;;

6707;CLAUDEMIR OLIVEIRA DE SOUSA;;;CARIUS;;;;CE;63.530-000;;(  )99641-9865;;;036.948.813-01;;;;;
CLAUDEMIR FERRAGENS;;;CENTRO;;;;RUA SILVESTRE ALMEIDA DUARTE, 30;;;;;;;;;;;

;;;;;;;;;;;;;;;;;;;;;;;;

8126;COMERCIAL DE ALIMENTOS JOSE PARAIBANO LT;;;OROS;;;;CE;63.520-000;;(88)99333-2192;;;06.228.006/0003-69;;073143898;;;
ZE PARAIBANO ;;;LUIZ MOREIRA PEQUENO;;;;ROD CE 153, 1773;;;;;;;;;;;

;;;;;;;;;;;;;;;;;;;;;;;;

993;COMERCIAL DE ALIMENTOS JOSE PARAIBANO LT;;;ICO;;;;CE;63.430-000;;( 8)83561-1476;;;06.228.006/0001-05;;066913632;;;
ZE PARAIBANO;;;CENTRO;;;;AV. NOGUEIRA ACIOLY, 1125;;;;;;;;;;;

;;;;;;;;;;;;;;;;;;;;;;;;

5361;COMERCIAL DE ALIMENTOS SANTOS QUEIROGA;;;MOMBACA;;;;CE;63.610-000;;(88)99708-8235;;;41.428.459/0001-78;;068735413;;;
MERCANTIL QUEIROGA;;;CENTRO;;;;RUA JOSE ADERALDO, 142;;;;;;;;;;;

;;;;;;;;;;;;;;;;;;;;;;;;

2851;COMERCIAL DE CEREAIS QUEIROGA LTDA;;;MOMBACA;;;;CE;63.610-000;;(88) 3583-1454;;;07.664.493/0001-03;;066321409;;;
CASA QUEIROGA;;;CENTRO;;;;RUA AUGUSTO VIEIRA, 182;;;;;;;;;;;

;;;;;;;;;;;;;;;;;;;;;;;;

6991;CRISTIANO FERREIRA;;;IGUATU;;;;CE;63.502-108;;(88)99206-7681;;;45.718.738/0001-27;;070523380;;;
CH RACOES;;;PRADO;;;;R ENGENHEIRO WILTON CORREIA LIMA, 594;;;;;;;;;;;

;;;;;;;;;;;;;;;;;;;;;;;;

7637;DAIANA LAURINDO DA SILVA ;;;LAVRAS DA MANGABEIRA;;;;CE;63.300-000;;(88)99962-4168;;;045.064.933-46;;;;;
TG VET  FARMACLIN;;;NOVO HORIZONTE;;;;RUA ANTONIO LOBO, 28;;;;;;;;;;;

;;;;;;;;;;;;;;;;;;;;;;;;

4631;DAMIANA MATIAS LIMA;;;IGUATU;;;;CE;63.500-773;;(88) 3581-6736;;;722.930.713-91;;;;;
J MATHIAS;;;TABULEIRO;;;;RUA  TREZE DE MAIO, 247;;;;;;;;;;;

;;;;;;;;;;;;;;;;;;;;;;;;

7967;DANIEL PINHEIRO SIUEIRA;;;IGUATU;;;;CE;  .   -   ;;(  ) 9965-1355;;;776.358.923-04;;;;;
MEGA PET CLUB ;;;CENTRO ;;;;RUA SANTOS DUMONT , 346;;;;;;;;;;;

;;;;;;;;;;;;;;;;;;;;;;;;

6636;DANYELLE BATISTA SOUSA;;;IGUATU;;;;CE;63.502-330;;(88)99910-1618;;;003.631.733-07;;2001029089424;;;
;;;ALTO DO JUCA;;;;RUA JOAQUIM AILTON ALEXANDRE , 43;;;;;;;;;;;

;;;;;;;;;;;;;;;;;;;;;;;;

;;;;;;;;;;;;;;;;;;;;;;;;

ERES Informática LTDA.;;;;;PAG: 95;;;20/08/2026 - 09:44:21;;;025;

;;;;;;;;;;;;;;;;;;;;;;;;
;;;;;;;;;;;;;;;;;;;;;;;;

;;
;;;FRANCISCO LUCIANO ALVES HONORIO ME;;;;;;;
;;;Clientes por Vendedor  ;;;;;
;;

;;;;;;;;;;;;;;;;;;;;;;;;

Código;Nome Cliente;;;Cidade;;;;UF;CEP;;FONE;;;C.P.F./C.N.P.J;;R.G./C.G.F.;;;
Nome Fantasia;;;Bairro;;;;Endereço;;;;;

5538;DARLAN PEREIRA DA SILVA - ME;;;ICO;;;;CE;63.430-000;;(  ) 3561-1331;;;23.211.664/0001-03;;064701620;;;
MERCANTIL DUARTE;;;CENTRO;;;;RUA FRANCISCO MACIEL, 2037;;;;;;;;;;;

;;;;;;;;;;;;;;;;;;;;;;;;

8027;DAVID CESARIO DE ALMEIDA;;;LAVRAS DA MANGABEIRA;;;;CE;63.300-000;;(88)98144-5952;;;54.447.358/0001-96;;;;;
CADA DE RACAO DC ALVES;;;CENTRO;;;;RUA VICENTE FAVELA , 202;;;;;;;;;;;

;;;;;;;;;;;;;;;;;;;;;;;;

5396;DIOGO ALVES DA SILVA ME;;;IGUATU;;;;CE;63.500-068;;(88)99262-3130;;;22.151.960/0001-95;;064433498;;;
CASA DA LAVOURA ;;;CENTRO;;;;RUA  EDUARDO LAVOR , 330;;;;;;;;;;;

;;;;;;;;;;;;;;;;;;;;;;;;

7293;EDILEUDA GONCALVES DE OLIVEIRA SOBREIRA;;;IGUATU;;;;CE;63.508-055;;(88)99902-0079;;;18.105.043/0001-05;;065106016;;;
MUNDO AGROPET;;;AREIAS I;;;;R CASIMIRO PEREIRA, 403;;;;;;;;;;;

;;;;;;;;;;;;;;;;;;;;;;;;

6297;EDILSON CRUZ DOS SANTOS;;;IGUATU;;;;CE;63.500-127;;(88)99917-6705;;;033.876.593-00;;2006029041210;;;
CASA DO SITIO;;;CENTRO;;;;RUA EDUARDO LAVOR, 139;;;;;;;;;;;

;;;;;;;;;;;;;;;;;;;;;;;;

8001;EDIVAN DO NASCIMENTO PINTO;;;LAVRAS DA MANGABEIRA;;;;CE;63.300-000;;(88)99229-2622;;;61.193.125/0001-70;;;;;
DOMINGOA AGRO;;;NOVO HORIZONTE;;;;R CEL JOAO AUGUSTO, 279;;;;;;;;;;;

;;;;;;;;;;;;;;;;;;;;;;;;

5929;EDNALDO CANDIDO VIDAL;;;ICO;;;;CE;63.520-000;;(88)99989-6463;;;27.546.160/0001-97;;066471974;;;
;;;CENTRO;;;;TRAVESSA ANTONIO VITAL, 0;;;;;;;;;;;

;;;;;;;;;;;;;;;;;;;;;;;;

7432;ELIEUZA ALVES ARRAIS;;;IGUATU;;;;CE;63.500-494;;(88)99980-9648;;;46.625.258/0001-84;;;;;
CASA DA RACAO PET MAIS;;;FLORES;;;;RUA JULIO CAVALCANTE, 326;;;;;;;;;;;

;;;;;;;;;;;;;;;;;;;;;;;;

6040;ELIONILTON LUCAS BEZERRA - ME;;;JUCAS;;;;CE;63.580-000;;(88)99930-2828;;;73.953.770/0001-22;;060626283;;;
MERCANTIL UNIAO/ PONTO CHICO;;;CENTRO;;;;RUA VEREADOR FRANCISCO ANDRE, 8;;;;;;;;;;;

;;;;;;;;;;;;;;;;;;;;;;;;

3347;ELISIO ANTONIO LEITE  GONCALVES;;;AURORA;;;;CE;63.360-000;;(88) 9602-6287;;;02.743.225/0001-63;;062755161;;;
MERCANTIL VO AURORA;;;ARAÇA;;;;RUA CORONEL JOSE LEITE, 6;;;;;;;;;;;

;;;;;;;;;;;;;;;;;;;;;;;;

6712;ELTON DIANINE PENAFORTE;;;ICO;;;;CE;63.430-000;;(  )99705-9803;;;40.660.949/0001-32;;06.162107-2;;;
FORTE RACAO ;;;CENTRO;;;;RUA FRANCISCO MACIEL, 2256;;;;;;;;;;;

;;;;;;;;;;;;;;;;;;;;;;;;

6587;ELYDA DAYSE LUNA CONSTANTINO;;;CARIUS;;;;CE;63.530-000;;(  )  996-4364;;;32.924.878/0001-00;;069051860;;;
JOAO DE MODESTO;;;CENTRO;;;;TRAVESSA 07 DE SETEMBRO , 114;;;;;;;;;;;

;;;;;;;;;;;;;;;;;;;;;;;;

;;;;;;;;;;;;;;;;;;;;;;;;

ERES Informática LTDA.;;;;;PAG: 96;;;20/08/2026 - 09:44:21;;;025;

;;;;;;;;;;;;;;;;;;;;;;;;
;;;;;;;;;;;;;;;;;;;;;;;;

;;
;;;FRANCISCO LUCIANO ALVES HONORIO ME;;;;;;;
;;;Clientes por Vendedor  ;;;;;
;;

;;;;;;;;;;;;;;;;;;;;;;;;

Código;Nome Cliente;;;Cidade;;;;UF;CEP;;FONE;;;C.P.F./C.N.P.J;;R.G./C.G.F.;;;
Nome Fantasia;;;Bairro;;;;Endereço;;;;;

5977;EMERSON ERBENIO PENAFORTE;;;ICO;;;;CE;63.430-000;;(88)99705-9801;;;24.518.570/0001-36;;064930327;;;
CASA DO CRIADOR;;;CIDADE NOVA ;;;;RUA REGENTE FEIJO, 884;;;;;;;;;;;

;;;;;;;;;;;;;;;;;;;;;;;;

7760;ERMESON FERNANDES DE MATOS;;;IGUATU;;;;CE;63.502-803;;(88)99924-7440;;;058.064.523-10;;20074969980;;;
CASA DO CRIADOR ;;;VILA COQUEIROS;;;;RUA ANTONIO VIEIRA BARBOSA, 232;;;;;;;;;;;

;;;;;;;;;;;;;;;;;;;;;;;;

4704;ESTACIO LIMA ARRAES;;;ACOPIARA;;;;CE;63.560-000;;(88)99693-4442;;;07.760.283/0001-19;;060055960;;;
COMERCIAL ESTACIO ;;;CENTRO;;;;R. CORONEL  MANOEL ALVES, 38;;;;;;;;;;;

;;;;;;;;;;;;;;;;;;;;;;;;

8077;EUZEBIO DO NASCIMENTO DA SILVA ;;;JUCAS;;;;CE;63.580-000;;( 8)89933-2390;;;06.226.734/0001-70;;066913454;;;
SO AGRO;;;SAO MATEUS;;;;RUA JOSE BENTO, 59;;;;;;;;;;;

;;;;;;;;;;;;;;;;;;;;;;;;

6666;EUZIMAR FEITOR DA SILVA;;;ICO;;;;CE;63.430-000;;(  )99703-6330;;;601.214.063-00;;2003029184610;;;
CASA DO TEMPERO ICO;;;CENTRO;;;;AVENIDA NOGUEIRA ACIOLI , 1442;;;;;;;;;;;

;;;;;;;;;;;;;;;;;;;;;;;;

7119;EVALDO PINHEIRO GREGORIO;;;AURORA;;;;CE;63.360-000;;(88)99685-3190;;;05.793.915/0001-15;;066828600;;;
MERCADINHO SAO FRANCISCO 2;;;CENTRO;;;;R CEL XAVIER, 164;;;;;;;;;;;

;;;;;;;;;;;;;;;;;;;;;;;;

6112;EVERTON ALVES RIBEIRO;;;ICO;;;;CE;63.430-000;;(88)99458-5163;;;14.342.712/0001-01;;065779690;;;
MERCANTIL FAMILIAR;;;LIMA CAMPOS;;;;RUA BERNARDO PINTO , 174;;;;;;;;;;;

;;;;;;;;;;;;;;;;;;;;;;;;

5057;F A DE OLIVEIRA VESTUARIO ME;;;MOMBACA;;;;CE;63.610-000;;(  )99773-2423;;;07.801.633/0001-48;;06.190362-0;;;
;;;VILA IRACEMA;;;;AV ANTONIO JAIME BENEVIDES FILHO, 1307;;;;;;;;;;;

;;;;;;;;;;;;;;;;;;;;;;;;

2787;F A MATOS ME;;;CEDRO;;;;CE;63.400-000;;(88)99616-0400;;;00.098.150/0001-80;;068895119;;;
MERCANTIL MATOS;;;CENTRO;;;;RUA CEL JOSE DE ALBUQUERQUE, 469;;;;;;;;;;;

;;;;;;;;;;;;;;;;;;;;;;;;

6062;F CARVALHO SILVA ME;;;IGUATU;;;;CE;63.500-000;;(88)99919-7739;;;07.581.582/0001-96;;061857912;;;
MERCADINHO ALRI;;;FOMENTO;;;;RUA 1, 107;;;;;;;;;;;

;;;;;;;;;;;;;;;;;;;;;;;;

5437;F E F OLIVEIRA MERCEARIA LTDA - ME;;;CEDRO;;;;CE;63.400-000;;(88)99642-8076;;;07.431.125/0001-15;;06.806349-0;;;
MERCEARIA SAO FRANCISCO;;;ALTO DO PADEIRO;;;;R 21 DE OUTUBRO, 1231;;;;;;;;;;;

;;;;;;;;;;;;;;;;;;;;;;;;

8084;F H BARBOSA JUNIOR MERCEARIA ME;;;MOMBACA;;;;CE;63.610-000;;(88)99988-4084;;;46.070.267/0001-56;;070573026;;;
MERCANTIL DA ROSILDA ;;;TEJUBANA;;;;AV ANTONIO NONATO DE CARVALHO , 912;;;;;;;;;;;

;;;;;;;;;;;;;;;;;;;;;;;;

;;;;;;;;;;;;;;;;;;;;;;;;

ERES Informática LTDA.;;;;;PAG: 97;;;20/08/2026 - 09:44:21;;;025;

;;;;;;;;;;;;;;;;;;;;;;;;
;;;;;;;;;;;;;;;;;;;;;;;;

;;
;;;FRANCISCO LUCIANO ALVES HONORIO ME;;;;;;;
;;;Clientes por Vendedor  ;;;;;
;;

;;;;;;;;;;;;;;;;;;;;;;;;

Código;Nome Cliente;;;Cidade;;;;UF;CEP;;FONE;;;C.P.F./C.N.P.J;;R.G./C.G.F.;;;
Nome Fantasia;;;Bairro;;;;Endereço;;;;;

6448;F. D. ANDRADE DA SILVA;;;JUCAS;;;;CE;63.580-000;;(  )99868-4013;;;33.889.229/0001-88;;00;;;
MURIAGRO;;;CENTRO;;;;RUA JOAQUIM VIEIRA NOBRE, 380;;;;;;;;;;;

;;;;;;;;;;;;;;;;;;;;;;;;

4072;F. HELIO DE LIMA MERCEARIA;;;AURORA;;;;CE;63.360-000;;(88)99956-1542;;;10.357.280/0001-43;;063689138;;;
;;;VILA FREIRE;;;;VILA FREIRE, 175;;;;;;;;;;;

;;;;;;;;;;;;;;;;;;;;;;;;

6904;F. L. GONCALVES CUNHA SUPERMERCADO EIRELI;;;LAVRAS DA MANGABEIRA;;;;CE;63.300-000;;(  )99669-6300;;;35.443.577/0001-52;;062976761;;;
SUPERMERCADO GONCALVES;;;VILA BANCARIA ;;;;RUA EUGENIO AUGUSTO DE ALMEIDA, 4;;;;;;;;;;;

;;;;;;;;;;;;;;;;;;;;;;;;

2202;F. PEREIRA DE LIMA E CIA LTDA;;;IGUATU;;;;CE;63.500-127;;(88)99614-4839;;;08.796.587/0001-07;;06.211660-6;;;
AGRONUTRE;;;CENTRO;;;;RUA EDUARDO LAVOR, 276;;;;;;;;;;;

;;;;;;;;;;;;;;;;;;;;;;;;

6580;FE DISTRIBUIDORA DE ALIMENTOS UNIPESSOAL LTDA;;;CEDRO;;;;CE;63.400-000;;(  )99616-8143;;;32.688.948/0001-78;;062477846;;;
COMERCIAL ALTERNATIVO;;;CENTRO;;;;RUA CORONEL LUIZ FELIPE , 34;;;;;;;;;;;

;;;;;;;;;;;;;;;;;;;;;;;;

6123;FELIPE MOTA DOS SANTOS;;;IGUATU;;;;CE;63.504-265;;(88)99806-0421;;;026.746.433-90;;;;;
RACOES MOTA;;;VILA CENTENARIO;;;;AV. CARLOS ROBERTO COSTA, 121;;;;;;;;;;;

;;;;;;;;;;;;;;;;;;;;;;;;

7419;FELIPPE GONCALVES LIMA;;;CEDRO;;;;CE;63.400-000;;(88)99294-2736;;;50.007.942/0001-70;;071205020;;;
VERDES VALLES CASA DE RACAO;;;CENTRO;;;;AV VEREADOR PEDRO LOPES VIEIRA, 304;;;;;;;;;;;

;;;;;;;;;;;;;;;;;;;;;;;;

6524;FRANCICLENIO PEREIRA DE ALMEIDA;;;IGUATU;;;;CE;63.502-800;;(  )99285-8599;;;036.060.843-40;;00;;;
CASA DO CLENIO;;;PREMIER;;;;AVENIDA TERTULINO VIEIRA BARBOSA, 187;;;;;;;;;;;

;;;;;;;;;;;;;;;;;;;;;;;;

5434;FRANCIRIO FERREIRA BATISTA;;;ICO;;;;CE;63.430-000;;(  ) 3561-1238;;;569.304.963-91;;;;;
MERCANTIL NOSSA SENHORA DE FATIMA ;;;CENTRO;;;;RUA BENJAMIM COSTANT, 327;;;;;;;;;;;

;;;;;;;;;;;;;;;;;;;;;;;;

8209;FRANCISCA ALVES DE OLIVEIRA ;;;CARIUS;;;;CE;63.530-000;;(88)99678-9372;;;67.189.901/0001-44;;073416924;;;
CASA DO CAMPO ELSHADAY ;;;CAIPU;;;;RUA JOAO FRANCELINO, 71;;;;;;;;;;;

;;;;;;;;;;;;;;;;;;;;;;;;

6620;FRANCISCA BERLANDIA DA SILVA ALMEIDA;;;CEDRO;;;;CE;63.400-000;;(  )99909-8290;;;496.004.193-53;;00;;;
CICERO SALES;;;ASSUNCAO DISTRITO DE CEDRO;;;;FAZENDA ASSUNCAO, 0;;;;;;;;;;;

;;;;;;;;;;;;;;;;;;;;;;;;

6129;FRANCISCA ERILANIA LOPES NOBRE;;;JUCAS;;;;CE;63.580-000;;(88)99832-1473;;;058.366.373-77;;00;;;
MERCANTIL DO PAIN;;;ALTO DO TO;;;;RUA TRAVESSA JOAO CAVALCANTE, 0;;;;;;;;;;;

;;;;;;;;;;;;;;;;;;;;;;;;

;;;;;;;;;;;;;;;;;;;;;;;;

ERES Informática LTDA.;;;;;PAG: 98;;;20/08/2026 - 09:44:21;;;025;

;;;;;;;;;;;;;;;;;;;;;;;;
;;;;;;;;;;;;;;;;;;;;;;;;

;;
;;;FRANCISCO LUCIANO ALVES HONORIO ME;;;;;;;
;;;Clientes por Vendedor  ;;;;;
;;

;;;;;;;;;;;;;;;;;;;;;;;;

Código;Nome Cliente;;;Cidade;;;;UF;CEP;;FONE;;;C.P.F./C.N.P.J;;R.G./C.G.F.;;;
Nome Fantasia;;;Bairro;;;;Endereço;;;;;

7391;FRANCISCA LEIDIANE LIMA SOUZA RIOS ;;;IGUATU;;;;CE;63.502-035;;(88)99245-4801;;;48.478.100/0001-54;; 07.095733-9;;;
PALACIOS DAS RACOES;;;VILA CIDAO;;;;R CORONEL JOSE ADOLFO OLIVEIRA, 10;;;;;;;;;;;

;;;;;;;;;;;;;;;;;;;;;;;;

6806;FRANCISCA MARIA LIMA DE ALMEIDA;;;MOMBACA;;;;CE;63.610-000;;(88)99633-6281;;;40.251.097/0001-20;;067779352;;;
MERCADINHO JP E FAMILIA;;;VILA IRACEMA;;;;RUA ANTONIO JAIME BENEVIDES FILHO, 1194;;;;;;;;;;;

;;;;;;;;;;;;;;;;;;;;;;;;

7737;FRANCISCA MIRNA CORREIA LIMA;;;CEDRO;;;;CE;63.400-000;;( 8)88143-9714;;;027.234.673-09;;;;;
PROXIMO MERCADINHO ERIDON ;;;ALTO DO PADEIRO;;;;RUA FRANCISCO CHAGAS DE ALCANTARA, 20;;;;;;;;;;;

;;;;;;;;;;;;;;;;;;;;;;;;

8135;FRANCISCA ODELIENE DE ALMEIDA CHAGAS;;;IGUATU;;;;CE;63.505-518;;(88)99671-4703;;;025.474.663-25;;;;;
SOS PET SHOP;;;ALTIPLANO;;;;RUA ADEMAR GOMES PEREIRA, 806;;;;;;;;;;;

;;;;;;;;;;;;;;;;;;;;;;;;

8139;FRANCISCA SILVA BEZERRA;;;CEDRO;;;;CE;63.400-000;;(  )99223-0321;;;46.280.844/0001-34;;073162027;;;
MERCANTIL DONA FRANCISCA;;;JARDIM AFONSO CELSO;;;;RUA VILKA ALBUQUERQUE, 113;;;;;;;;;;;

;;;;;;;;;;;;;;;;;;;;;;;;

7115;FRANCISCA STEFANNY SIDRONIO DUTRA;;;IGUATU;;;;CE;63.500-494;;(88)99328-0158;;;46.757.842/0001-93;;07.068153-8;;;
IMPERIO RACOES;;;FLORES;;;;R JULIO CAVALCANTE, 403;;;;;;;;;;;

;;;;;;;;;;;;;;;;;;;;;;;;

6619;FRANCISCA SULENY CARLOS CARNEIRO SOUSA;;;IGUATU;;;;CE;63.503-255;;(  )99691-7869;;;775.068.203-15;;20077664919;;;
MERCANTIL FAMILIAR DO HORACIO;;;VILA NEUMA;;;;RUA SOUZA ALEXANDRE, 125;;;;;;;;;;;

;;;;;;;;;;;;;;;;;;;;;;;;

5071;FRANCISCO AIRTON BEZERRA DE MATOS;;;CEDRO;;;;CE;63.400-000;;(88) 9239-2470;;;18.594.797/0001-68;;065216520;;;
;;;JARDIM AFONSO CELSO;;;;R. VICAK ALBUQUERQUE, 113;;;;;;;;;;;

;;;;;;;;;;;;;;;;;;;;;;;;

5582;FRANCISCO ALCIOMAR DUARTE DE OLIVEIRA;;;AURORA;;;;CE;63.360-000;;(  )99963-1147;;;02.867.772/0001-50;;062859960;;;
ELETRO DUARTE;;;CENTRO ;;;;RUA CORONEL XAVIER, 287;;;;;;;;;;;

;;;;;;;;;;;;;;;;;;;;;;;;

6512;FRANCISCO ANDERSON DUTRA RIBEIRO;;;LAVRAS DA MANGABEIRA;;;;CE;63.300-000;;(  )99225-8339;;;36.191.410/0001-04;;06.226015-4;;;
ABR RACOES;;;CENTRO;;;;RUA ELISBAO DE ALMEIDA CRISPIM, 331;;;;;;;;;;;

;;;;;;;;;;;;;;;;;;;;;;;;

6990;FRANCISCO ANTONIO DOS SANTOS CAMPOS 08241150318;;;MOMBACA;;;;CE;63.610-000;;(88)99961-4820;;;39.719.671/0001-42;;;;;
;;;TEJUBANA;;;;AVENIDA ANTONIO NONATO DE CARVALHO, 52;;;;;;;;;;;

;;;;;;;;;;;;;;;;;;;;;;;;

;;;;;;;;;;;;;;;;;;;;;;;;

ERES Informática LTDA.;;;;;PAG: 99;;;20/08/2026 - 09:44:21;;;025;

;;;;;;;;;;;;;;;;;;;;;;;;
;;;;;;;;;;;;;;;;;;;;;;;;

;;
;;;FRANCISCO LUCIANO ALVES HONORIO ME;;;;;;;
;;;Clientes por Vendedor  ;;;;;
;;

;;;;;;;;;;;;;;;;;;;;;;;;

Código;Nome Cliente;;;Cidade;;;;UF;CEP;;FONE;;;C.P.F./C.N.P.J;;R.G./C.G.F.;;;
Nome Fantasia;;;Bairro;;;;Endereço;;;;;

584;FRANCISCO BARBOSA DA CUNHA NETO ME;;;JUCAS;;;;CE;63.580-000;;(88)3517 -1745;;;07.907.730/0001-10;;061945595;;;
CASA DA VARIEDADE;;;CENTRO;;;;RUA JOAQUIM VIEIRA NOBRE, 135;;;;;;;;;;;

;;;;;;;;;;;;;;;;;;;;;;;;

6967;FRANCISCO BATISTA NETO;;;AURORA;;;;CE;63.360-000;;(  )99679-7632;;;44.544.570/0001-18;;;;;
MERCADINHO PRECO JUSTO;;;CENTRO;;;;R SEBASTIAO ALVES PEREIRA, 398;;;;;;;;;;;

;;;;;;;;;;;;;;;;;;;;;;;;

7636;FRANCISCO BRUNO DE ARAUJO MUNIZ;;;AURORA;;;;CE;63.360-000;;(88)99326-0762;;;076.920.393-05;;;;;
IMPERIO DA RACAO ;;;CENTRO;;;;RUA CORONEL XAVIER , 103;;;;;;;;;;;

;;;;;;;;;;;;;;;;;;;;;;;;

2697;FRANCISCO CICERO TAVEIRA BEZERRA;;;AURORA;;;;CE;63.360-000;;(88)99801-9582;;;07.311.515/0001-51;;061793302;;;
MERCADINHO BOM JESUS;;;ARACA;;;;RUA CICERO JOSE DO NASCIMENTO , 210;;;;;;;;;;;

;;;;;;;;;;;;;;;;;;;;;;;;

2128;FRANCISCO CLAUDIO FERNANDES DUARTE;;;JUCAS;;;;CE;63.580-000;;(88)99717-6263;;;01.022.746/0001-69;;060627204;;;
SUPERMARBEM;;;CENTRO;;;;RUA PADRE PIO, 174;;;;;;;;;;;

;;;;;;;;;;;;;;;;;;;;;;;;

6235;FRANCISCO DAS CHAGAS DE FREITAS;;;IGUATU;;;;CE;63.502-323;;(88)99933-1414;;;326.162.953-34;;;;;
TITIU RACOES;;;ALTO DO JUCA;;;;AV. JOAQUIM AILTON ALEXANDRE, 449;;;;;;;;;;;

;;;;;;;;;;;;;;;;;;;;;;;;

8078;FRANCISCO DAS CHAGAS TAVEIRA BEZERRA;;;AURORA;;;;CE;63.630-000;;( 8)89716-1789;;;246.666.963-34;;;;;
MERCANTIL CASA GRANDE;;;ARACA;;;;TRV CEL JOSE LEITE , 131;;;;;;;;;;;

;;;;;;;;;;;;;;;;;;;;;;;;

575;FRANCISCO DE ARAUJO RIBEIRO;;;LAVRAS DA MANGABEIRA;;;;CE;63.300-000;;(  ) 3536-1448;;;01.127.591/0001-25;;069702365;;;
MERCADINHO RIBEIRO;;;CRUZEIRO;;;;RUA VICENTE FAVELA, 175;;;;;;;;;;;

;;;;;;;;;;;;;;;;;;;;;;;;

6136;FRANCISCO DYRLLEY ANDRADE DA SILVA;;;IGUATU;;;;CE;63.500-522;;(88)99868-4013;;;037.135.593-17;;2002029116195;;;
IGUAVET - CASA DE DYRLLEY;;;FLORES;;;;RUA JOSE MARCIO NOGUEIRA, 200;;;;;;;;;;;

;;;;;;;;;;;;;;;;;;;;;;;;

4736;FRANCISCO ERASMO PINHEIRO FEITOSA EPP;;;ACOPIARA;;;;CE;63.560-000;;(88)99904-8682;;;05.008.144/0001-08;;066645956;;;
MERCADINHO PAGUE MENOS;;;MOREIRA DE BAIXO;;;;RUA  JOAO MOREIRA BAORRO, 50;;;;;;;;;;;

;;;;;;;;;;;;;;;;;;;;;;;;

4580;FRANCISCO G DE LIMA;;;QUIXELO;;;;CE;63.515-000;;(88)99631-7598;;;14.672.548/0001-92;;065842820;;;
MERCANTIL MESSI;;;CENTRO;;;;R. LUIZ GOMES DE ARAUJO, 105;;;;;;;;;;;

;;;;;;;;;;;;;;;;;;;;;;;;

2280;FRANCISCO GILIARD SANTANA DE SOUZA;;;JUCAS;;;;CE;63.580-000;;(88) 3517-1352;;;002.033.263-77;;;;;
MURIAGRO;;;CENTRO;;;;RUA JOAQUIM VIEIRA NOBRE, 380;;;;;;;;;;;

;;;;;;;;;;;;;;;;;;;;;;;;

;;;;;;;;;;;;;;;;;;;;;;;;

ERES Informática LTDA.;;;;;PAG: 100;;;20/08/2026 - 09:44:21;;;025;

;;;;;;;;;;;;;;;;;;;;;;;;
;;;;;;;;;;;;;;;;;;;;;;;;

;;
;;;FRANCISCO LUCIANO ALVES HONORIO ME;;;;;;;
;;;Clientes por Vendedor  ;;;;;
;;

;;;;;;;;;;;;;;;;;;;;;;;;

Código;Nome Cliente;;;Cidade;;;;UF;CEP;;FONE;;;C.P.F./C.N.P.J;;R.G./C.G.F.;;;
Nome Fantasia;;;Bairro;;;;Endereço;;;;;

6721;FRANCISCO GILVAN ESTEVAO DE OLIVEIRA;;;ACOPIARA;;;;CE;63.560-000;;(  )99951-4590;;;41.591.326/0001-18;;062045830;;;
AGROMAIS RACOES;;;AROEIRA;;;;VL AROEIRA, 422;;;;;;;;;;;

;;;;;;;;;;;;;;;;;;;;;;;;

6616;FRANCISCO GILVAN ESTEVAO DE OLIVEIRA ;;;ACOPIARA;;;;CE;63.560-000;;(  ) 9951-4590;;;41.591.326/0001-18;;062045830;;;
AGROMAIS RACOES;;;VILA AROEIRA;;;;VILA AROEIRA, 0;;;;;;;;;;;

;;;;;;;;;;;;;;;;;;;;;;;;

5968;FRANCISCO JOSE LEITE SARAIVA - ME;;;AURORA;;;;CE;63.360-000;;(  )99935-7521;;;26.893.751/0001-78;;066625068;;;
AUROVET;;;CENTRO;;;;RUA CORONEL  XAVIER, 180;;;;;;;;;;;

;;;;;;;;;;;;;;;;;;;;;;;;

7968;FRANCISCO LUIZ HENRIQUE ;;;IGUATU;;;;CE;  .   -   ;;(88)99836-9674;;;013.720.273-35;;;;;
PET SHOP RH RACOES ;;;BRASÍLIA ;;;;RUA AGENOR ARAUJO , 153;;;;;;;;;;;

;;;;;;;;;;;;;;;;;;;;;;;;

5450;FRANCISCO MARROQUE FEITOSA;;;ACOPIARA;;;;CE;63.560-000;;(88)99677-2805;;;031.528.853-18;;;;;
MERCADINHO FEITOSA;;;MOREIRA;;;;R JOAO MOREIRA BARROS, 61;;;;;;;;;;;

;;;;;;;;;;;;;;;;;;;;;;;;

7026;FRANCISCO MONTEIRO ARAUJO  FILHO ;;;IGUATU;;;;CE;63.500-119;;(88)99374-8539;;;035.080.743-40;;;;;
CASA DA FAZENDA ;;;CENTRO ;;;;RUA DEOCLÉCIANO BEZERRA, 690;;;;;;;;;;;

;;;;;;;;;;;;;;;;;;;;;;;;

6304;FRANCISCO PEREIRA MONTEIRO;;;ICO;;;;CE;63.430-000;;(  )99619-2175;;;32.039.508/0001-90;;067889336;;;
LEANDRO VETERINARIO;;;CENTRO;;;;RUA BEIJAMIM COSTATE, 412;;;;;;;;;;;

;;;;;;;;;;;;;;;;;;;;;;;;

4210;FRANCISCO PESSOA DE MOURA;;;LAVRAS DA MANGABEIRA;;;;CE;63.300-000;;(88)99297-9109;;;780.839.583-87;;;;;
COMERCIAL  MOURA;;;DISTRITO DE LAVRAS DA MANGABEIRA;;;;JOSE BERNARDO MOURA, 73;;;;;;;;;;;

;;;;;;;;;;;;;;;;;;;;;;;;

4741;FRANCISCO RAFAEL BERNALDINO;;;JUCAS;;;;CE;63.580-000;;(88)99620-5981;;;040.077.923-48;;;;;
MERCANTIL PADRE CICERO;;;CENTRO;;;;AVENIDA  JOAQUIM VIEIRA, 372;;;;;;;;;;;

;;;;;;;;;;;;;;;;;;;;;;;;

6379;FRANCISCO ROBERTO BATISTA;;;IGUATU;;;;CE;63.500-970;;(88)98192-0518;;;33.915.247/0001-97;;069553629;;;
IGUACAMPO;;;JOSE DE ALENCAR;;;;RUA FRANCISCO HOLANDA MONTENEGRO, 500;;;;;;;;;;;

;;;;;;;;;;;;;;;;;;;;;;;;

6496;FRANCISCO RODRIGO SALES BRITO;;;CEDRO;;;;CE;63.400-000;;(  )99910-2464;;;37.096.412/0001-87;;062558889;;;
MERCADINHO DE AUGUSTINHO SALES;;;PEGA AVUANTE;;;;RUA SAO JOSE, 1100;;;;;;;;;;;

;;;;;;;;;;;;;;;;;;;;;;;;

7860;FRANCISCO RONALDO DE SENA BEZERRA;;;JUCAS;;;;CE;63.580-000;;(  )99962-1271;;;045.053.213-55;;;;;
CHICO VIOLA;;;;;;;RUA JOAQUIM VIEIRA NOBRE, 294;;;;;;;;;;;

;;;;;;;;;;;;;;;;;;;;;;;;

;;;;;;;;;;;;;;;;;;;;;;;;

ERES Informática LTDA.;;;;;PAG: 101;;;20/08/2026 - 09:44:21;;;025;

;;;;;;;;;;;;;;;;;;;;;;;;
;;;;;;;;;;;;;;;;;;;;;;;;

;;
;;;FRANCISCO LUCIANO ALVES HONORIO ME;;;;;;;
;;;Clientes por Vendedor  ;;;;;
;;

;;;;;;;;;;;;;;;;;;;;;;;;

Código;Nome Cliente;;;Cidade;;;;UF;CEP;;FONE;;;C.P.F./C.N.P.J;;R.G./C.G.F.;;;
Nome Fantasia;;;Bairro;;;;Endereço;;;;;

4550;FRANCISCO SALATIEL AZEVEDO SOUZA;;;ACOPIARA;;;;CE;63.560-000;;(88)99917-2385;;;14.360.159/0001-21;;065768779;;;
FK RACOES;;;CENTRO;;;;RUA EMÍDIO ALVES DE ALMEIDA, 392;;;;;;;;;;;

;;;;;;;;;;;;;;;;;;;;;;;;

2292;FRANCISCO SAMUEL ALVES DE OLIVEIRA;;;ACOPIARA;;;;CE;63.560-000;;(88)98807-6682;;;06.047.461/0001-04;;06.687.011-9;;;
MERC.ALVES;;;CENTRO;;;;R.MAL.DEODORO, , 419;;;;;;;;;;;

;;;;;;;;;;;;;;;;;;;;;;;;

7377;FRANCISCO SILVINO DE OLIVEIRA NETO;;;ACOPIARA;;;;CE;63.560-000;;( 8)88148-2039;;;838.602.073-34;;;;;
ENTREGAR NA LOJA DE EDUARDO GASPAR;;;CENTRO;;;;RUA MARECHAL DEODORO , 221;;;;;;;;;;;

;;;;;;;;;;;;;;;;;;;;;;;;

4078;FRANCISCO VIEIRA LIMA ME;;;LAVRAS DA MANGABEIRA;;;;CE;63.300-000;;(88)99491-1625;;;11.849.827/0001-90;;064006387;;;
MERC N. SRA APARECIDA;;;MANGABEIRA;;;;R.CEL. PEDRO MANGUEIRA, 103;;;;;;;;;;;

;;;;;;;;;;;;;;;;;;;;;;;;

5375;FRANCISCO ZILIER ALVES ME;;;IGUATU;;;;CE;63.500-023;;(88) 9611-6168;;;22.219.715/0001-72;;064477720;;;
BICHO FORTE;;;CENTRO;;;;RUA DR. JOAO PESSOA, 741;;;;;;;;;;;

;;;;;;;;;;;;;;;;;;;;;;;;

7519;Francisco Leonardo Medeiros de Freitas;;;IGUATU;;;;CE;63.500-005;;(85)99960-2050;;;037.390.173-92;;;;;
HORTIFRUTI GAMELEIRA;;;BARREIRAS IGUATU;;;;SETOR GAMELEIRA, 0;;;;;;;;;;;

;;;;;;;;;;;;;;;;;;;;;;;;

5000;G G MOTA MERCEARIA ME;;;MOMBACA;;;;CE;63.610-000;;(88)99614-4805;;;17.947.616/0001-77;;065080610;;;
SUPERMECADO TERRA DO SOL;;;TEJUBANA;;;;AV ANT NONATO DE CARVALHO, 384;;;;;;;;;;;

;;;;;;;;;;;;;;;;;;;;;;;;

7948;GEAN RUBEN FERREIRA BEZERRA ;;;DEPUTADO IRAPUAN PINHEIRO;;;;CE;63.545-000;;(88)98872-0557;;;709.452.843-49;;061923133;;;
AGROMAIS RACOES ;;;CENTRO ;;;;AV. ANTONIO CLADIO PINHEIRO , 120;;;;;;;;;;;

;;;;;;;;;;;;;;;;;;;;;;;;

7730;GEANE SILVA GUEDES;;;IGUATU;;;;CE;63.500-292;;(88)99915-6445;;;31.745.890/0001-94;;;;;
VIZINHO AO BA DA ASA;;;TABOLEIRO;;;;RUA JULIO CAVALCANTE, 637;;;;;;;;;;;

;;;;;;;;;;;;;;;;;;;;;;;;

7748;GEOVACI GOMES VIEIRA;;;ICO;;;;CE;63.430-000;;(88)99307-8253;;;35.017.922/0001-96;;;;;
CAT DOG;;;DISTRITO LIMA CAMPOS;;;;RUA DA BR, 760;;;;;;;;;;;

;;;;;;;;;;;;;;;;;;;;;;;;

;;;;;;;;;;;;;;;;;;;;;;;;

ERES Informática LTDA.;;;;;PAG: 102;;;20/08/2026 - 09:44:21;;;025;

;;;;;;;;;;;;;;;;;;;;;;;;
;;;;;;;;;;;;;;;;;;;;;;;;

;;
;;;FRANCISCO LUCIANO ALVES HONORIO ME;;;;;;;
;;;Clientes por Vendedor  ;;;;;
;;

;;;;;;;;;;;;;;;;;;;;;;;;

Código;Nome Cliente;;;Cidade;;;;UF;CEP;;FONE;;;C.P.F./C.N.P.J;;R.G./C.G.F.;;;
Nome Fantasia;;;Bairro;;;;Endereço;;;;;

2394;GESSIMA VENUTO DA SILVA;;;QUIXELO;;;;CE;63.515-000;;(88) 3579-1271;;;41.566.043/0001-16;;06.879.474-6;;;
SUPERMERCADO HIPER BOM PRECO;;;CENTRO;;;;RUA  LUIZ GOMES DE ARAUJO, 95;;;;;;;;;;;

;;;;;;;;;;;;;;;;;;;;;;;;

6912;GILSON ALVES DE OLIVEIRA ;;;CEDRO;;;;CE;63.400-000;;(  )98143-9714;;;480.926.223-53;;215718991;;;
CASA DE RACAO TEIXEIRA;;;CENTRO;;;;RUA ZE PAJE, 169;;;;;;;;;;;

;;;;;;;;;;;;;;;;;;;;;;;;

2883;GILVAN ALVES DE ARAUJO;;;ACOPIARA;;;;CE;63.560-000;;(88)99977-1408;;;02.847.319/0001-82;;062733834;;;
COMERCIO DO GILVAN DO FRANGO;;;CENTRO;;;;RUA MARECHAL DEODORO , 426;;;;;;;;;;;

;;;;;;;;;;;;;;;;;;;;;;;;

3830;GIZELE A. DA SILVA PROD.AGROPECUARIOS;;;IGUATU;;;;CE;63.500-137;;(88)99267-4699;;;14.518.994/0001-47;;065823753;;;
CAMPO VIVO;;;CENTRO;;;;RUA CORONEL JOSE MENDONCA, 375;;;;;;;;;;;

;;;;;;;;;;;;;;;;;;;;;;;;

6974;GLOBAL MIX INDUSTRIA E COMERCIO DE RACAO LTDA;;;IGUATU;;;;CE;63.504-435;;(85)99692-3456;;;37.098.128/0002-20;;06.328281-0;;;
TERRA NOVA DISTRIBUIDORA;;;VENEZA;;;;AV CARLOS ROBERTO COSTA, 614;;;;;;;;;;;

;;;;;;;;;;;;;;;;;;;;;;;;

6837;GUSTAVO DE CARVALHO LEANDRO;;;QUIXELO;;;;CE;63.515-000;;(88)99939-5067;;;069.772.673-80;;;;;
CASA DO CRIADOR ;;;CENTRO;;;;RUA PEDRO GOMES DE ARAUJO, 69;;;;;;;;;;;

;;;;;;;;;;;;;;;;;;;;;;;;

8162;HEITOR TAVARES DE SOUSA MACHADO ;;;JUAZEIRO DO NORTE;;;;CE;63.010-000;;(  )99400-2788;;;059.025.673-43;;;;;
;;;FREI DAMIÃO ;;;;RUA MARIA ANTONIA DE MORAIS , 301;;;;;;;;;;;

;;;;;;;;;;;;;;;;;;;;;;;;

6404;HILDECARLOS DIAS BEZERRA ME;;;JUCAS;;;;CE;63.588-000;;(  )99626-6917;;;24.537.462/0001-00;;064942163;;;
KAKA;;;SAO PEDRO;;;;RUA ANASTACIO FERREIRA DA CUNHA, 107;;;;;;;;;;;

;;;;;;;;;;;;;;;;;;;;;;;;

7269;HILDERLANDIO FERREIRA LIMA;;;JUCAS;;;;CE;63.580-000;;(88)99963-9672;;;014.550.643-60;;;;;
;;;PLANALTO;;;;RUA ORMICINDA CORREIA LEITE , 105;;;;;;;;;;;

;;;;;;;;;;;;;;;;;;;;;;;;

6054;I. VITOR NOBRE - ME;;;JUCAS;;;;CE;63.580-000;;(88)99988-5373;;;13.662.789/0001-98;;065625072;;;
AGRO LEITE;;;CENTRO;;;;RUA JOAQUIM VIEIRA NOBRE, 250;;;;;;;;;;;

;;;;;;;;;;;;;;;;;;;;;;;;

7349;IARA MONICA DO CARMO BATISTA;;;IGUATU;;;;CE;63.505-430;;(88)99926-4705;;;32.418.513/0001-03;;067952097;;;
BIOFAUNA;;;ALTIPLANO;;;;R VALDEMIRO JOSE OLIVEIRA, 84;;;;;;;;;;;

;;;;;;;;;;;;;;;;;;;;;;;;

6941;IGOR DE LIMA ALVES ;;;IGUATU;;;;CE;63.508-450;;(88)98154-0048;;;37.845.233/0001-03;;;;;
LA CASA DE RACOES LIMA;;;CAJUEIRO ;;;;RUA PRESBÍTERO JOÃO GOMES PINHEIRO, 96;;;;;;;;;;;

;;;;;;;;;;;;;;;;;;;;;;;;

;;;;;;;;;;;;;;;;;;;;;;;;

ERES Informática LTDA.;;;;;PAG: 103;;;20/08/2026 - 09:44:21;;;025;

;;;;;;;;;;;;;;;;;;;;;;;;
;;;;;;;;;;;;;;;;;;;;;;;;

;;
;;;FRANCISCO LUCIANO ALVES HONORIO ME;;;;;;;
;;;Clientes por Vendedor  ;;;;;
;;

;;;;;;;;;;;;;;;;;;;;;;;;

Código;Nome Cliente;;;Cidade;;;;UF;CEP;;FONE;;;C.P.F./C.N.P.J;;R.G./C.G.F.;;;
Nome Fantasia;;;Bairro;;;;Endereço;;;;;

8115;IONE GOMES DE OLIVEIRA ;;;IGUATU;;;;CE;63.502-705;;(88)99714-4116;;;62.979.053/0001-53;;073066621;;;
FOMENTO AGROPET;;;FOMENTO;;;;RODOVIA ANTONIO ADIL DE MENDONÇA , 916;;;;;;;;;;;

;;;;;;;;;;;;;;;;;;;;;;;;

4040;IRISNALDO NOGUEIRA LIRA;;;OROS;;;;CE;63.430-000;;(  ) 3584-1850;;;266.335.998-03;;;;;
 FRUTAO;;;CENTRO;;;;RUA JOSE GABRIEL, 16;;;;;;;;;;;

;;;;;;;;;;;;;;;;;;;;;;;;

839;J DA SILVA ALVES ME;;;AURORA;;;;CE;63.360-000;;(88) 9965-0786;;;05.964.284/0001-50;;066867274;;;
MERCADINHO JACINTO;;;CENTRO;;;;RUA SAO VICENTE, 88;;;;;;;;;;;

;;;;;;;;;;;;;;;;;;;;;;;;

7396;J E ARAUJO DUARTE JUNIOR;;;IGUATU;;;;CE;63.500-119;;(88)99702-7446;;;49.363.635/0001-42;;07.113826-9;;;
AGROSOLO;;;CENTRO;;;;R DEOCLECIANO BEZERRA, 712;;;;;;;;;;;

;;;;;;;;;;;;;;;;;;;;;;;;

3057;J I MENDES FACUNDO LEITE - ME;;;JUCAS;;;;CE;63.580-000;;(88) 3517-1188;;;18.175.793/0001-45;;065168178;;;
EM FRENTE A LOTERICA;;;CENTRO;;;;R.NELSINHO LEAL, 21;;;;;;;;;;;

;;;;;;;;;;;;;;;;;;;;;;;;

6084;J L DA COSTA;;;ICO;;;;CE;63.430-000;;(88)99993-7979;;;17.907.118/0001-09;;065131711;;;
CASA DA VACA/SUPER VALE;;;CENTRO;;;;AVENIDA JOSEFA NOGUEIRA MONTEIRO, 1347;;;;;;;;;;;

;;;;;;;;;;;;;;;;;;;;;;;;

508;J. CLEANTO FEITOSA ARRAIS;;;ACOPIARA;;;;CE;63.560-000;;(88) 3565-0375;;;07.009.673/0001-51;;06.426.589-7;;;
J. CLEANTO SUPERMERCADO;;;CENTRO;;;;R. MARECHAL DEODORO, 445;;;;;;;;;;;

;;;;;;;;;;;;;;;;;;;;;;;;

7859;J. LUCAS QUEIROZ;;;ACOPIARA;;;;CE;63.560-000;;(  )99713-9932;;;27.946.004/0001-13;;066558948;;;
BICHOS E CAPRICHOS;;;CENTRO;;;;PRACA TABELIAO JOSE MARQUES FILHO, 247;;;;;;;;;;;

;;;;;;;;;;;;;;;;;;;;;;;;

6714;JANDERSON ALVES DE LIMA;;;CEDRO;;;;CE;63.400-000;;(  )99837-2520;;;044.817.133-30;;2006015076113;;;
AGROPEGUARIA ALVES;;;LAJEDO DISTRITO DO CEDRO ;;;;FAZENDA CAPRIL ALVES, 0;;;;;;;;;;;

;;;;;;;;;;;;;;;;;;;;;;;;

6852;JANIELLY DINIZ SILVA;;;CARIUS;;;;CE;63.530-000;;(  )99637-2672;;;43.896.985/0001-98;;07.023821-9;;;
PEREIRA AGROPET;;;CENTRO;;;;RUA 15 DE NOVEMBRO, 0;;;;;;;;;;;

;;;;;;;;;;;;;;;;;;;;;;;;

5683;JAYAN ALVES DE ANDRADE;;;ACOPIARA;;;;CE;63.560-000;;(88)99742-8582;;;052.087.123-50;;;;;
SERTÃO RACOES;;;CENTRO;;;;LINDIVAL JOSE DE LIMA, 516;;;;;;;;;;;

;;;;;;;;;;;;;;;;;;;;;;;;

7371;JERYSON DUARTE PINTO;;;IGUATU;;;;CE;63.503-880;;(88)99302-5537;;;48.444.973/0001-46;;07.094924-7;;;
TOP SERTAO;;;VILA CAJAZEIRAS ;;;;AV PREFEITO ARY ALEXANDRE BRASIL , 378;;;;;;;;;;;

;;;;;;;;;;;;;;;;;;;;;;;;

;;;;;;;;;;;;;;;;;;;;;;;;

ERES Informática LTDA.;;;;;PAG: 104;;;20/08/2026 - 09:44:21;;;025;

;;;;;;;;;;;;;;;;;;;;;;;;
;;;;;;;;;;;;;;;;;;;;;;;;

;;
;;;FRANCISCO LUCIANO ALVES HONORIO ME;;;;;;;
;;;Clientes por Vendedor  ;;;;;
;;

;;;;;;;;;;;;;;;;;;;;;;;;

Código;Nome Cliente;;;Cidade;;;;UF;CEP;;FONE;;;C.P.F./C.N.P.J;;R.G./C.G.F.;;;
Nome Fantasia;;;Bairro;;;;Endereço;;;;;

6593;JOAO ALVES BEZERRA;;;JUCAS;;;;CE;63.580-000;;(88)99818-1902;;;37.455.544/0001-58;;06.299517-0;;;
CASA DA RACAO ;;;COCO VERDE;;;;RUA RAIMUNDO MENESES, 34;;;;;;;;;;;

;;;;;;;;;;;;;;;;;;;;;;;;

4286;JOAO BOSCO DA COSTA;;;CEDRO;;;;CE;63.400-000;;(88)99426-9138;;;07.767.882/0001-64;;061981249;;;
;;;CENTRO;;;;RUA SALUSTIANO MOURA, 501;;;;;;;;;;;

;;;;;;;;;;;;;;;;;;;;;;;;

2246;JOAO EDUARDO DE OLIVEIRA;;;IGUATU;;;;CE;63.500-146;;(88)99800-4319;;;07.812.563/0001-23;;068061439;;;
CASA SAO JOAO;;;CENTRO;;;;RUA SANTOS DUMONT, 238;;;;;;;;;;;

;;;;;;;;;;;;;;;;;;;;;;;;

5235;JOAO NILTON BARBOSA DA SILVA MICROEMPRESA;;;CARIUS;;;;CE;63.530-000;;(88)99643-6450;;;06.304.492/0001-95;;066930340;;;
;;;CENTRO;;;;RUA 7 DE SETEMBRO, 26;;;;;;;;;;;

;;;;;;;;;;;;;;;;;;;;;;;;

5912;JOAQUIM DE CARVALHO NETO;;;ACOPIARA;;;;CE;63.560-000;;(88)99727-9143;;;26.662.464/0001-57;;065584155;;;
JOAQUIM;;;MOREIRAS;;;;RUA COLLOR , 120;;;;;;;;;;;

;;;;;;;;;;;;;;;;;;;;;;;;

7657;JOAQUIM VIRGULINO OLIVEIRA NETO;;;QUIXELO;;;;CE;63.515-000;;(88)99967-0912;;;209.979.063-91;;;;;
CASA DO PRODUTOR RURAL;;;CENTRO;;;;TV PEDRO GOMES DE ARAUJO, 18;;;;;;;;;;;

;;;;;;;;;;;;;;;;;;;;;;;;

3405;JOEL LEITE NETO;;;AURORA;;;;CE;63.360-000;;(88)99964-0178;;;05.572.314/0001-82;;060871024;;;
MERCANTIL DO JOEL;;;CENTRO;;;;RUA SEBASTIAO ALVES, 399;;;;;;;;;;;

;;;;;;;;;;;;;;;;;;;;;;;;

7765;JOHNATHAN SATURNINO DA SILVA;;;IGUATU;;;;CE;63.500-068;;(88)99644-1218;;;54.363.243/0001-13;;;;;
CASA DO SITIO JKA;;;CENTRO;;;;RUA EDUARDO LAVOR, 352;;;;;;;;;;;

;;;;;;;;;;;;;;;;;;;;;;;;

6117;JONAS DA SILVA LEANDRO - MERCADINHO;;;CEDRO;;;;CE;63.400-000;;(88)99283-2163;;;18.915.052/0001-53;;067058620;;;
MERCANTIL E FRIGORIFICO RECANTO DAS FRUTAS;;;CENTRO;;;;RUA VEREADOR SALUSTIANO MOURA, 511;;;;;;;;;;;

;;;;;;;;;;;;;;;;;;;;;;;;

8083;JONAS LIMA DIAS;;;ICO;;;;CE;63.430-000;;( 8)89639-7792;;;44.133.394/0001-21;;070275920;;;
MERCANTIL PAULO DIAS;;;BNH;;;;RUA GENTIL VILAROUCA, 23;;;;;;;;;;;

;;;;;;;;;;;;;;;;;;;;;;;;

;;;;;;;;;;;;;;;;;;;;;;;;

ERES Informática LTDA.;;;;;PAG: 105;;;20/08/2026 - 09:44:21;;;025;

;;;;;;;;;;;;;;;;;;;;;;;;
;;;;;;;;;;;;;;;;;;;;;;;;

;;
;;;FRANCISCO LUCIANO ALVES HONORIO ME;;;;;;;
;;;Clientes por Vendedor  ;;;;;
;;

;;;;;;;;;;;;;;;;;;;;;;;;

Código;Nome Cliente;;;Cidade;;;;UF;CEP;;FONE;;;C.P.F./C.N.P.J;;R.G./C.G.F.;;;
Nome Fantasia;;;Bairro;;;;Endereço;;;;;

5106;JORGE LUIZ PORFIRIO NUNES ME;;;ICO;;;;CE;63.430-000;;(88)99431-6044;;;18.084.548/0001-22;;065129547;;;
MERCANTIL SAO JORGE;;;CENTRO;;;;AV PREFEITO . ANISIO PEQUENO . SAMPAIO, 164;;;;;;;;;;;

;;;;;;;;;;;;;;;;;;;;;;;;

4305;JOSE ADRIANO DE A. SILVA;;;CEDRO;;;;CE;63.400-000;;(88)99952-0476;;;06.178.618/0001-22;;066905583;;;
REI DO FEIJAO;;;CENTRO;;;;R SENADOR JOAO TOME, 16;;;;;;;;;;;

;;;;;;;;;;;;;;;;;;;;;;;;

2839;JOSE AFONSO BENEVIDES QUEIROGA;;;MOMBACA;;;;CE;63.610-000;;(88) 3583-1538;;;41.428.434/0001-74;;06.873.543-0;;;
;;;CENTRO;;;;R.AUGUSTO VIEIRA, 290;;;;;;;;;;;

;;;;;;;;;;;;;;;;;;;;;;;;

7922;JOSE ANDRE DE SOUSA;;;CEDRO;;;;CE;63.400-000;;(88)99243-9254;;;116.154.943-91;;;;;
CASA DO AGRICULTOR - MARCELO;;;ZONA RURAL ;;;;SITIO MARRECA, 100;;;;;;;;;;;

;;;;;;;;;;;;;;;;;;;;;;;;

6945;JOSE BEZERRA DE OLIVEIRA ;;;IGUATU;;;;CE;63.500-000;;(88)99814-8523;;;035.331.763-20;;;;;
MERCANTIL GARCIA;;;DESTRITO DO BARRO ALTO;;;;SITIO QUIXOA DOS LOPES, 0;;;;;;;;;;;

;;;;;;;;;;;;;;;;;;;;;;;;

3880;JOSE CANDIDO MARTINS ME;;;OROS;;;;CE;63.520-000;;(88) 9952-0043;;;01.993.794/0001-02;;06.990.894-0;;;
MERCANTIL DO ZEZIM;;;CENTRO;;;;RUA  EPITACIO PESSOA, 181;;;;;;;;;;;

;;;;;;;;;;;;;;;;;;;;;;;;

7097;JOSE CARLOS DE SOUSA SANTOS;;;IGUATU;;;;CE;63.502-253;;(88)98825-0544;;;46.359.322/0001-22;;07.061799-6;;;
ALFAS RACOES E VARIEDADES;;;SANTO ANTONIO;;;;AV DARIO RABELO, 548;;;;;;;;;;;

;;;;;;;;;;;;;;;;;;;;;;;;

6657;JOSE CRISTIANO CHAVES DIAS;;;ICO;;;;CE;63.430-000;;(88)99652-9502;;;40.044.488/0001-73;;061283258;;;
MERCANTIL 3 IRMAO ;;;DNER;;;;RUA DO CRUZEIRO, 702;;;;;;;;;;;

;;;;;;;;;;;;;;;;;;;;;;;;

6730;JOSE DJALMA BORGES ;;;AURORA;;;;CE;63.360-000;;(88)99913-5254;;;21.903.459/0001-75;;064382168;;;
MERCADINHO SAO PEDRO;;;ARAÇA;;;;RUA CORONEL JOSE LEITE, 261;;;;;;;;;;;

;;;;;;;;;;;;;;;;;;;;;;;;

7681;JOSE EDIMAR GOMES DE OLIVEIRA;;;PIQUET CARNEIRO;;;;CE;63.605-000;;(  )99643-5708;;;29.388.307/0001-93;;067431003;;;
;;;IBICUA;;;;RUA CHICO TOME, 14;;;;;;;;;;;

;;;;;;;;;;;;;;;;;;;;;;;;

7409;JOSE EDSON AMORIM SA;;;ICO;;;;CE;63.430-000;;(11)95385-4140;;;42.717.671/0001-18;;07.110439-9;;;
PET SHOP MUNDO ANIMAL;;;CENTRO;;;;AV PERITO ANIZIO SAMPAIO, 50;;;;;;;;;;;

;;;;;;;;;;;;;;;;;;;;;;;;

2137;JOSE EUDES DA SILVA LUNA MICROEMPRESA;;;IGUATU;;;;CE;63.502-365;;(88)99213-6310;;;03.289.320/0001-00;;062842463;;;
MERCANTIL LUNA;;;ALTO DO JUCA;;;;RUA CORONEL JOSE JUCA, 158;;;;;;;;;;;

;;;;;;;;;;;;;;;;;;;;;;;;

;;;;;;;;;;;;;;;;;;;;;;;;

ERES Informática LTDA.;;;;;PAG: 106;;;20/08/2026 - 09:44:21;;;025;

;;;;;;;;;;;;;;;;;;;;;;;;
;;;;;;;;;;;;;;;;;;;;;;;;

;;
;;;FRANCISCO LUCIANO ALVES HONORIO ME;;;;;;;
;;;Clientes por Vendedor  ;;;;;
;;

;;;;;;;;;;;;;;;;;;;;;;;;

Código;Nome Cliente;;;Cidade;;;;UF;CEP;;FONE;;;C.P.F./C.N.P.J;;R.G./C.G.F.;;;
Nome Fantasia;;;Bairro;;;;Endereço;;;;;

6638;JOSE FELIPE MARCELINO PINHEIRO;;;ICO;;;;CE;63.430-000;;(  )99652-1484;;;604.450.353-40;;20072431703;;;
MERCATIL DARLA;;;CENTRO;;;;RUA MONSENHOR FRORA, 529;;;;;;;;;;;

;;;;;;;;;;;;;;;;;;;;;;;;

6848;JOSE FRANCISCO ARAUJO DOCARMO;;;IGUATU;;;;CE;63.500-000;;(  )99668-4520;;;327.195.743-68;;0;;;
AGROFET RACOES ;;;CENTRO;;;;RUA DIOCLECIANO BEZERRA, 599;;;;;;;;;;;

;;;;;;;;;;;;;;;;;;;;;;;;

7001;JOSE GENIVAL DE OLIVEIRA 02178126944;;;IGUATU;;;;CE;63.510-500;;( 4)89172-7605;;;45.773.699/0001-60;;;;;
MERCADINHO DA VILMA;;;BARREIRAS;;;;VL BARREIRAS DOS PARAIBANOS, 181;;;;;;;;;;;

;;;;;;;;;;;;;;;;;;;;;;;;

7767;JOSE IVAN GONCALVES LUCENA;;;AURORA;;;;CE;63.360-000;;(88)99635-2288;;;063.912.278-70;;;;;
ZE DA RACAO;;;CENTRO;;;;RUA CORONEL XAVIER , 140;;;;;;;;;;;

;;;;;;;;;;;;;;;;;;;;;;;;

6516;JOSE JOCIANE SEBASTIAO DA SILVA;;;ICO;;;;CE;63.430-000;;(  )99731-2958;;;012.380.123-02;;;;;
CASA PET;;;CENTRO;;;;AVENIDA JOSEFA NOGUEIRA MONTEIRO, 1633;;;;;;;;;;;

;;;;;;;;;;;;;;;;;;;;;;;;

6418;JOSE JONATHA LACERDA FERREIRA;;;IGUATU;;;;CE;63.502-330;;(88)99910-1618;;;646.789.113-91;;;;;
;;;ALTO DO JUCA;;;;RUA JOAQUIM AILTON ALEXANDRE, 32;;;;;;;;;;;

;;;;;;;;;;;;;;;;;;;;;;;;

1436;JOSE LUCAS BEZERRA - EPP;;;JUCAS;;;;CE;63.580-000;;(88) 3517-1766;;;73.953.879/0001-60;;06.043.263-2;;;
MERCANTIL UNIAO;;;CENTRO;;;;RUA ANTONIO RODRIGUES, 10;;;;;;;;;;;

;;;;;;;;;;;;;;;;;;;;;;;;

5841;JOSE RILDONIS NOBREGA DA SILVA;;;ICO;;;;CE;63.430-000;;(88)99420-6051;;;456.470.203-30;;;;;
MERCANTIL CLAUDINOS;;;CENTRO;;;;RUA NOGUEIRA ACIOLI, 1202;;;;;;;;;;;

;;;;;;;;;;;;;;;;;;;;;;;;

6710;JOSE ROBERIO FERNANDES DE OLIVEIRA;;;IGUATU;;;;CE;63.514-976;;(  )98857-0592;;;741.234.243-68;;296883195;;;
TOP RACOES;;;VILA GADELHA;;;;RUA LUIZ EDUARDO DE SOUZA, 0;;;;;;;;;;;

;;;;;;;;;;;;;;;;;;;;;;;;

5494;JOSE ROBERIO PEQUENO VIDAL;;;ICO;;;;CE;63.430-000;;(  )     -    ;;;11.670.734/0001-02;;060424982;;;
DAMON;;;CENTRO;;;;RUA GAL PIRAGIBE, 2107;;;;;;;;;;;

;;;;;;;;;;;;;;;;;;;;;;;;

6932;JOSE RONILSON SILVA SALES;;;LAVRAS DA MANGABEIRA;;;;CE;63.300-000;;(88)99405-6930;;;40.991.193/0001-04;;06.122250-0;;;
PONTO DA RACAO;;;MANGABEIRA;;;;AVENIDA SAO SEBASTIÃO, 317;;;;;;;;;;;

;;;;;;;;;;;;;;;;;;;;;;;;

;;;;;;;;;;;;;;;;;;;;;;;;

ERES Informática LTDA.;;;;;PAG: 107;;;20/08/2026 - 09:44:21;;;025;

;;;;;;;;;;;;;;;;;;;;;;;;
;;;;;;;;;;;;;;;;;;;;;;;;

;;
;;;FRANCISCO LUCIANO ALVES HONORIO ME;;;;;;;
;;;Clientes por Vendedor  ;;;;;
;;

;;;;;;;;;;;;;;;;;;;;;;;;

Código;Nome Cliente;;;Cidade;;;;UF;CEP;;FONE;;;C.P.F./C.N.P.J;;R.G./C.G.F.;;;
Nome Fantasia;;;Bairro;;;;Endereço;;;;;

562;JOSE UILSON CANDIDO ME;;;ICO;;;;CE;63.430-000;;(  )     -    ;;;04.934.820/0001-01;;063211548;;;
SUPERMERCADO SAO PAULO;;;CENTRO;;;;RUA  PIQUET CARNEIRO, 192;;;;;;;;;;;

;;;;;;;;;;;;;;;;;;;;;;;;

5252;JOSE VALDO GONCALVES DE SOUSA;;;LAVRAS DA MANGABEIRA;;;;CE;63.300-000;;( 8)83534-2024;;;17.657.407/0001-99;;065020502;;;
POR TRAZ DA MATRIZ;;;CENTRO;;;;RUA ANTONIO LOBO, 85;;;;;;;;;;;

;;;;;;;;;;;;;;;;;;;;;;;;

7690;JOSEFA ALVES PINHEIRO;;;IGUATU;;;;CE;63.500-005;;(88)99834-8479;;;08.937.654/0001-58;;062106430;;;
;;;FLORES;;;;R JULIO CAVALCANTE, 348;;;;;;;;;;;

;;;;;;;;;;;;;;;;;;;;;;;;

3242;JOSEFA HONORATO RODRIGUES ME;;;IGUATU;;;;CE;63.504-440;;(88)99998-2060;;;10.956.508/0001-11;;063813114;;;
CAMPO FERTIL/JAIR;;;VENESA;;;;AVENIDA  CARLOS ROBERTO COSTA, 942;;;;;;;;;;;

;;;;;;;;;;;;;;;;;;;;;;;;

4995;JOSUE G FERREIRA ARTIGOS DE MERCEARIA ME;;;MOMBACA;;;;CE;63.610-000;;(88) 9605-6838;;;08.573.579/0001-93;;062038826;;;
;;;RECREIO;;;;RUA ALTO ALEGRE, 164;;;;;;;;;;;

;;;;;;;;;;;;;;;;;;;;;;;;

6672;JUESCY ALVES ARRAIS;;;IGUATU;;;;CE;63.500-494;;(  )99980-9648;;;28.291.646/0001-94;;066612500;;;
CASA DA RACAO PET MAIS ;;;FLORES ;;;;RUA JULIO CAVALCANTE, 326;;;;;;;;;;;

;;;;;;;;;;;;;;;;;;;;;;;;

4998;JULIANA PEDROSA CARVALHO;;;MOMBACA;;;;CE;63.610-000;;(88)99703-3636;;;18.791.247/0001-39;;065272048;;;
MERCADINHO VOU DOMINGO;;;FELICIDADE;;;;VILA FELICIDDAE, 34;;;;;;;;;;;

;;;;;;;;;;;;;;;;;;;;;;;;

2368;JUSCILEUDO BESERRA DE ALMEIDA;;;LAVRAS DA MANGABEIRA;;;;CE;63.307-000;;( 8)83536-2350;;;06.126.740/0001-55;;06.689.337-2;;;
MERCANTIL MENEZES ;;;MANGABEIRA;;;;RUA JOSE BERNADO , 12;;;;;;;;;;;

;;;;;;;;;;;;;;;;;;;;;;;;

1448;L ALCIMARIO COSTA PIRES ME;;;CEDRO;;;;CE;63.400-000;;(88)99701-3100;;;07.126.151/0001-30;;06.700.287-0;;;
MERCADINHO SAO LUIZ;;;CENTRO;;;;RUA SENADOR JOAO TOME, 34;;;;;;;;;;;

;;;;;;;;;;;;;;;;;;;;;;;;

8062;L N DE SOUZA AMIGO BICHO;;;ACOPIARA;;;;CE;63.560-000;;(  )99986-4064;;;47.399.252/0001-07;;070783403;;;
AMIGO BICHO;;;CENTRO;;;;AVENIDA PEDRO ALVES DE OLIVEIRA, 422;;;;;;;;;;;

;;;;;;;;;;;;;;;;;;;;;;;;

7715;L. A. RODRIGUES SOUSA;;;AURORA;;;;CE;63.360-000;;(88)99238-1938;;;54.461.758/0001-56;;071826475;;;
AGROSOUSA;;;DISTRITO DE INGAZEIRAS;;;;R DO COMERCIO, 177;;;;;;;;;;;

;;;;;;;;;;;;;;;;;;;;;;;;

7938;LAERCIO DIAS SILVA;;;CEDRO;;;;CE;63.000-400;;(88)99711-6270;;;757.705.553-00;;;;;
MERCADINHO DIAS;;;JARDIM AFONSO CELSO;;;;RUA ROSITA AFONSO , 35;;;;;;;;;;;

;;;;;;;;;;;;;;;;;;;;;;;;

;;;;;;;;;;;;;;;;;;;;;;;;

ERES Informática LTDA.;;;;;PAG: 108;;;20/08/2026 - 09:44:21;;;025;

;;;;;;;;;;;;;;;;;;;;;;;;
;;;;;;;;;;;;;;;;;;;;;;;;

;;
;;;FRANCISCO LUCIANO ALVES HONORIO ME;;;;;;;
;;;Clientes por Vendedor  ;;;;;
;;

;;;;;;;;;;;;;;;;;;;;;;;;

Código;Nome Cliente;;;Cidade;;;;UF;CEP;;FONE;;;C.P.F./C.N.P.J;;R.G./C.G.F.;;;
Nome Fantasia;;;Bairro;;;;Endereço;;;;;

6407;LAURA MARIA GARCIA BITU PINTO;;;LAVRAS DA MANGABEIRA;;;;CE;63.300-000;;(  )99637-8644;;;191.431.253-87;;;;;
DOUTOR PET;;;CENTRO;;;;RUA MONSENHOR MECENO, 154;;;;;;;;;;;

;;;;;;;;;;;;;;;;;;;;;;;;

3379;LAURO TAVARES BATISTA;;;AURORA;;;;CE;63.360-000;;(88)99402-3925;;;53.413.409/0001-04;;071686134;;;
MERCADINHO DO LAURO;;;SAO BENEDITO;;;;AV. JOAO JOAQUIM DOS SANTOS, 264;;;;;;;;;;;

;;;;;;;;;;;;;;;;;;;;;;;;

4784;LAVOR COMERCIO DE RACOES EIRELI;;;IGUATU;;;;CE;63.502-330;;(88) 3581-4204;;;16.667.802/0001-90;;066120470;;;
CASA DA RACAO;;;ALTO DO JUCA;;;;RUA JOAQUIM AILTON DOS SANTOS, 250;;;;;;;;;;;

;;;;;;;;;;;;;;;;;;;;;;;;

6108;LAZARO LOPES DA SILVA;;;ICO;;;;CE;63.430-000;;(88)3563 -4161;;;631.559.903-68;;20002912934;;;
MERCATIL DO LAZARO;;;LIMA CAMPOS;;;;RUA DO COMERCIO, 212;;;;;;;;;;;

;;;;;;;;;;;;;;;;;;;;;;;;

5072;LENICIO MOURA FILHO ME;;;CARIUS;;;;CE;63.530-000;;(88)99746-7891;;;35.000.868/0001-76;;060702150;;;
AGRO PET;;;CENTRO;;;;RUA RAUL NOGUEIRA, 135;;;;;;;;;;;

;;;;;;;;;;;;;;;;;;;;;;;;

7487;LEONARDO HENRIQUE NOGUEIRA LIMA DA SILVA;;;MOMBACA;;;;CE;63.610-000;;(88)99680-8043;;;50.820.030/0001-12;;071321705;;;
CASA AGROPECUARIA SERTAO FORTE;;;RECREIO;;;;RUA JOSE DE SA AZEVEDO, 160;;;;;;;;;;;

;;;;;;;;;;;;;;;;;;;;;;;;

6477;LIDIA G RANGEL BANDEIRA;;;CEDRO;;;;CE;63.400-000;;(88)99872-4122;;;34.573.711/0001-77;;061465496;;;
AGROFARMA RANGEL;;;CENTRO;;;;RUA ANTONIO VALDER VIANA, 243;;;;;;;;;;;

;;;;;;;;;;;;;;;;;;;;;;;;

6405;LUCAS CARVALHO DA SILVA;;;ICO;;;;CE;63.430-000;;(  )99804-4180;;;604.462.643-18;;ISENTO;;;
MERCANTIL DOM VITAL;;;DNER;;;;RUA TRAVESSA DO CRUZEIRO, 116;;;;;;;;;;;

;;;;;;;;;;;;;;;;;;;;;;;;

7073;LUCAS MOURA BATISTA ;;;CEDRO;;;;CE;63.400-000;;(88)99279-4109;;;066.138.553-16;;;;;
PROXIMO A SECRETARIA DE SAUDE;;;FATIMA ;;;;RUA VERIADOR JOSE GONCALVES VIANA, 139;;;;;;;;;;;

;;;;;;;;;;;;;;;;;;;;;;;;

5050;LUCIANO GOMES FERREIRA;;;IGUATU;;;;CE;63.502-705;;(88)99745-5231;;;18.905.368/0001-64;;067030530;;;
MERCADINHO LIRIA;;;FOMENTO;;;;R. PLANALTO IGUATUENSE, 174;;;;;;;;;;;

;;;;;;;;;;;;;;;;;;;;;;;;

;;;;;;;;;;;;;;;;;;;;;;;;

ERES Informática LTDA.;;;;;PAG: 109;;;20/08/2026 - 09:44:21;;;025;

;;;;;;;;;;;;;;;;;;;;;;;;
;;;;;;;;;;;;;;;;;;;;;;;;

;;
;;;FRANCISCO LUCIANO ALVES HONORIO ME;;;;;;;
;;;Clientes por Vendedor  ;;;;;
;;

;;;;;;;;;;;;;;;;;;;;;;;;

Código;Nome Cliente;;;Cidade;;;;UF;CEP;;FONE;;;C.P.F./C.N.P.J;;R.G./C.G.F.;;;
Nome Fantasia;;;Bairro;;;;Endereço;;;;;

1438;LUCINEUDO RODRIGUES DE LIMA ME;;;ICO;;;;CE;63.430-000;;(88)99694-5073;;;04.389.917/0001-80;;06.070.536-1;;;
MERCADINHO DARLA;;;CENTRO;;;;R.MONSENHOR FROTA, 529;;;;;;;;;;;

;;;;;;;;;;;;;;;;;;;;;;;;

3477;LUCRECIO CHAVES LEITE ME;;;JUCAS;;;;CE;63.580-000;;(  )     -    ;;;07.637.535/0001-17;;061870137;;;
MERCANTIL CHAVES;;;CENTRO;;;;R. PADRE JOSE DE SOUZA, 49;;;;;;;;;;;

;;;;;;;;;;;;;;;;;;;;;;;;

1041;LUIZ ALBERTO LEITE GRANGEIRO;;;AURORA;;;;CE;63.360-000;;(88)99977-1226;;;262.003.413-20;;;;;
MERCEARIA GRANGEIRO;;;CENTRO;;;; RUA SANTOS DUMONT, 205;;;;;;;;;;;

;;;;;;;;;;;;;;;;;;;;;;;;

5614;LUIZ ANTONIO DIAS DE MELO;;;IGUATU;;;;CE;63.500-058;;(88)98807-0510;;;23.922.760/0001-51;;064807720;;;
TUDO DO SERTAO;;;CENTRO;;;;AGENOR ARAUJO, 1138;;;;;;;;;;;

;;;;;;;;;;;;;;;;;;;;;;;;

2406;LUIZ NETO DA COSTA;;;ICO;;;;CE;63.430-000;;(88)99202-0393;;;03.995.642/0001-66;;06.049.371-2;;;
NETO;;;CENTRO;;;;MERCADO PUBLICO, 31;;;;;;;;;;;

;;;;;;;;;;;;;;;;;;;;;;;;

6881;LUIZA LUZINETE ALVES LEITE;;;AURORA;;;;CE;63.360-000;;(88)99463-4404;;;010.474.544-40;;;;;
MERCADO BRITO;;;ARAÇA;;;;RUA DR QUEDES MARTINS , 44;;;;;;;;;;;

;;;;;;;;;;;;;;;;;;;;;;;;

4287;M A PEREIRA DE SOUSA;;;CEDRO;;;;CE;63.400-000;;(88) 9958-4059;;;14.891.488/0001-07;;;;;
CASA DO AGRICULTOR;;;CENTRO;;;;RUA CEL JOSE DE ALBUQUERQUE, 604;;;;;;;;;;;

;;;;;;;;;;;;;;;;;;;;;;;;

8182;M. L. LUCENA DA SILVA;;;IGUATU;;;;CE;63.504-435;;(88)99674-1118;;;04.154.397/0001-27;;;;;
SHOPPING DO CAVALO;;;VENEZA;;;;AVENIDA CARLOS ROBERTO COSTA, 977;;;;;;;;;;;

;;;;;;;;;;;;;;;;;;;;;;;;

4046;M. W. ALENCAR DE OLIVEIRA;;;IGUATU;;;;CE;63.500-113;;(88)99996-2551;;;07.530.909/0001-09;;061842192;;;
CASA DO ARTESANATO;;;CENTRO;;;;AVENIDA AGENOR ARAUJO, 941;;;;;;;;;;;

;;;;;;;;;;;;;;;;;;;;;;;;

7869;MANOEL ACIOLE DE FREITAS;;;ICO;;;;CE;63.530-000;;(88)99282-8808;;;445.648.643-00;;;;;
MERCANTIL ACIOLE;;;DNER;;;;RUA DO CRUZEIRO, 807;;;;;;;;;;;

;;;;;;;;;;;;;;;;;;;;;;;;

6544;MANOEL CARNEIRO DE ALMEIDA;;;CARIUS;;;;CE;63.530-000;;(  )99851-4779;;;422.050.343-91;;221924692;;;
CASA DE RACAO NOSSA SRA APARECIDA;;;CAIPU DISTRITO DE CARIUS;;;;RUA JOAO FRANCELINO, 79;;;;;;;;;;;

;;;;;;;;;;;;;;;;;;;;;;;;

6053;MANOEL DE SOUZA CIRIACO-ME;;;IGUATU;;;;CE;63.502-298;;(88)99965-5201;;;08.751.522/0001-37;;065024036;;;
PETSHODOCLIENTE;;;VILA CENTENARIO;;;;AVENIDA CARLOS ROBERTO COSTA, 115;;;;;;;;;;;

;;;;;;;;;;;;;;;;;;;;;;;;

;;;;;;;;;;;;;;;;;;;;;;;;

ERES Informática LTDA.;;;;;PAG: 110;;;20/08/2026 - 09:44:21;;;025;

;;;;;;;;;;;;;;;;;;;;;;;;
;;;;;;;;;;;;;;;;;;;;;;;;

;;
;;;FRANCISCO LUCIANO ALVES HONORIO ME;;;;;;;
;;;Clientes por Vendedor  ;;;;;
;;

;;;;;;;;;;;;;;;;;;;;;;;;

Código;Nome Cliente;;;Cidade;;;;UF;CEP;;FONE;;;C.P.F./C.N.P.J;;R.G./C.G.F.;;;
Nome Fantasia;;;Bairro;;;;Endereço;;;;;

7942;MANOEL LUCAS LINO FERREIRA ;;;CARIUS;;;;CE;63.530-000;;(  )99785-1994;;;057.152.233-50;;;;;
DEPOSITO DE BEBIDAS DE MARCIUS ;;;CENTRO;;;;RUA AGOSTINHO DE PAULA BRITO, 39;;;;;;;;;;;

;;;;;;;;;;;;;;;;;;;;;;;;

7090;MANOEL PINHEIRO NETO;;;LAVRAS DA MANGABEIRA;;;;CE;63.230-000;;(88)99807-1222;;;260.794.698-04;;;;;
MERCERIA SAO JOSE;;;CENTRO;;;;RUA SETE DE ABRIL, 398;;;;;;;;;;;

;;;;;;;;;;;;;;;;;;;;;;;;

5082;MARCELINO ALVES CAMPOS;;;DEPUTADO IRAPUAN PINHEIRO;;;;CE;63.645-000;;(88) 9652-5495;;;19.533.347/0001-28;;067176704;;;
AGROMAV/;;;CENTRO;;;;AV FILOMENA VIEIRA, 236;;;;;;;;;;;

;;;;;;;;;;;;;;;;;;;;;;;;

6902;MARCIA REGINA LOPES TEIXEIRA;;;IGUATU;;;;CE;63.505-430;;(  )99636-8610;;;44.136.352/0001-44;;070276374;;;
WM RACOES;;;ALTIPLANO;;;;R VALDEMIRO JOSE OLIVEIRA, 298;;;;;;;;;;;

;;;;;;;;;;;;;;;;;;;;;;;;

1487;MARCILIO ROBERTO MACEDO TAVARES;;;AURORA;;;;CE;63.360-000;;(  )     -    ;;;102.319.513-53;;;;;
CASA DO CAMPO;;;CENTRO;;;;TRAVESSA MONSENHOR VICENTE PINTO, 58;;;;;;;;;;;

;;;;;;;;;;;;;;;;;;;;;;;;

7915;MARCOS ANTONIO DE SOUZA;;;OROS;;;;CE;63.520-000;;(88)99728-9841;;;124.834.078-70;;;;;
CASA PET;;;CENTRO;;;;RUA PRIMEIRO DE SETEMBRO , 46;;;;;;;;;;;

;;;;;;;;;;;;;;;;;;;;;;;;

7728;MARCOS CAVALHEIRO DOMINGUES;;;IGUATU;;;;CE;63.500-284;;(88)99668-4520;;;43.750.800/0001-32;;;;;
AGROPET RACOES;;;TABOLEIRO;;;;RUA PEDRO GOMES ARAUJO, 339;;;;;;;;;;;

;;;;;;;;;;;;;;;;;;;;;;;;

7639;MARCOS SEVERIANO DE FARIAS;;;MOMBACA;;;;CE;63.610-000;;(  )99982-5211;;;41.334.004/0001-93;;060941758;;;
MERCADINHO DA NENE DO MARCOS ;;;RECREIO;;;;RUA JOSE DE SA AZEVEDO, 11;;;;;;;;;;;

;;;;;;;;;;;;;;;;;;;;;;;;

8222;MARIA ALAIDE BARRETO NETA;;;CEDRO;;;;CE;63.400-000;;(88)99635-9699;;;283.437.603-44;;;;;
RECANTO DO CRIADOR;;;CENTRO;;;;RUA SALUSTIANO DE MOURA, 565;;;;;;;;;;;

;;;;;;;;;;;;;;;;;;;;;;;;

3942;MARIA ALICE CORREIA DE OLIVEIRA;;;LAVRAS DA MANGABEIRA;;;;CE;63.300-000;;(  )99469-9764;;;12.381.590/0001-29;;06.407.212-6;;;
MERC.E FRIGORIFICO S.SEBASTIAO;;;MANGABEIRA;;;;R.DO COMERCIO, 9217, 302;;;;;;;;;;;

;;;;;;;;;;;;;;;;;;;;;;;;

7155;MARIA DE LUNA LOURO;;;IGUATU;;;;CE;63.504-275;;(88)99414-6977;;;36.033.471/0001-43;;06.165422-1;;;
MERCEARIA DO SEU ANTONIO;;;VILA CENTENARIO;;;;TRAVESSA AMELIA CAVALCANTE, 411;;;;;;;;;;;

;;;;;;;;;;;;;;;;;;;;;;;;

;;;;;;;;;;;;;;;;;;;;;;;;

ERES Informática LTDA.;;;;;PAG: 111;;;20/08/2026 - 09:44:21;;;025;

;;;;;;;;;;;;;;;;;;;;;;;;
;;;;;;;;;;;;;;;;;;;;;;;;

;;
;;;FRANCISCO LUCIANO ALVES HONORIO ME;;;;;;;
;;;Clientes por Vendedor  ;;;;;
;;

;;;;;;;;;;;;;;;;;;;;;;;;

Código;Nome Cliente;;;Cidade;;;;UF;CEP;;FONE;;;C.P.F./C.N.P.J;;R.G./C.G.F.;;;
Nome Fantasia;;;Bairro;;;;Endereço;;;;;

5255;MARIA DO CARMO DE SOUZA BEZERRA;;;JUCAS;;;;CE;63.580-000;;(88)99913-0483;;;045.337.993-10;;;;;
MERCANTIL SAO FRANCISCO;;;CENTRO;;;;RUA PADRE JOSE DE SOUSA, 59;;;;;;;;;;;

;;;;;;;;;;;;;;;;;;;;;;;;

6403;MARIA DO CARMO RODRIGUES - ME;;;IGUATU;;;;CE;63.500-119;;(  )98877-2518;;;34.207.182/0001-98;;061439002;;;
JTL RACOES;;;CENTRO;;;;RUA DECLECIANO BEZERRA, 714;;;;;;;;;;;

;;;;;;;;;;;;;;;;;;;;;;;;

7950;MARIA DO SOCORRO DA SILVA ;;;DEPUTADO IRAPUAN PINHEIRO;;;;CE;63.645-000;;(  ) 3569-1213;;;030.192.903-33;;;;;
;;;CENTRO ;;;; RUA RAQUEL MAGALHÃES S , 0;;;;;;;;;;;

;;;;;;;;;;;;;;;;;;;;;;;;

7522;MARIA EDUARDA BRAGA ARAUJO;;;IGUATU;;;;CE;63.502-298;;(88)99302-5537;;;076.236.103-41;;20088130228;;;
TOP SERTAO;;;SANTO ANTONIO;;;;AV JOAQUIM AILTON ALEXANDRE, 32;;;;;;;;;;;

;;;;;;;;;;;;;;;;;;;;;;;;

535;MARIA ELIONETE VIEIRA VIANA;;;IGUATU;;;;CE;63.502-365;;(88) 3581-2887;;;01.439.374/0001-70;;069774170;;;
MERC TRIGO;;;ALTO DO JUCA;;;;RUA CORONEL JOSE JUCA, 16;;;;;;;;;;;

;;;;;;;;;;;;;;;;;;;;;;;;

546;MARIA EVANICE ALEXANDRE VIANA;;;IGUATU;;;;CE;63.502-705;;(88)98819-3591;;;743.459.403-97;;293236694;;;
VIANA MIX;;;FOMENTO;;;;RODOVIA ANTÔNIO ADIL MENDONÇA, 132;;;;;;;;;;;

;;;;;;;;;;;;;;;;;;;;;;;;

6807;MARIA FERREIRA LIMA;;;ACOPIARA;;;;CE;63.560-000;;(88)99901-0202;;;188.722.228-69;;20074611954;;;
RESTAURANTE KI DELICIA;;;CENTRO ;;;;RUA LINDOVAL JOSE DE LIMA, 425;;;;;;;;;;;

;;;;;;;;;;;;;;;;;;;;;;;;

5395;MARIA FRANCELI DOS SANTOS;;;AURORA;;;;CE;63.360-000;;(  )99913-5254;;;544.786.423-20;;;;;
MERCADINHO SAO PEDRO;;;ARACA;;;;RUA CORONEL JOSE LEITE, 261;;;;;;;;;;;

;;;;;;;;;;;;;;;;;;;;;;;;

4424;MARIA IDELZUITE VITAL MOREIA ME;;;CEDRO;;;;CE;63.400-000;;(88) 9618-1447;;;07.776.486/0001-01;;062104349;;;
;;;CENTRO;;;;R. SALUSTIANO MOURA, 565;;;;;;;;;;;

;;;;;;;;;;;;;;;;;;;;;;;;

5443;MARIA KATIA VICENTE RODRIGUES;;;OROS;;;;CE;63.520-000;;(88)98147-7523;;;19.221.656/0001-62;;067097707;;;
MERCANTIL SAO GERALDO;;;SAO GERALDO;;;;FRANCISCO DO MONTE , 186;;;;;;;;;;;

;;;;;;;;;;;;;;;;;;;;;;;;

6705;MARIA REGILANDIA ALVES FERREIRA;;;JUCAS;;;;CE;63.580-000;;(  )99612-5685;;;924.592.853-53;;331403378;;;
AGROTEM;;;PLANALTO;;;;ORMECINDA CORREIA LEITE, 373;;;;;;;;;;;

;;;;;;;;;;;;;;;;;;;;;;;;

6099;MARIA ROZIANA DE LIMA;;;MOMBACA;;;;CE;63.610-000;;(88)99690-9264;;;029.108.393-54;;;;;
MERCANTIL BOM GOSTO;;;VILA IRACEMA;;;;AVENIDA ANTONIO JAIME BENEVIDES FILHO, 1090;;;;;;;;;;;

;;;;;;;;;;;;;;;;;;;;;;;;

;;;;;;;;;;;;;;;;;;;;;;;;

ERES Informática LTDA.;;;;;PAG: 112;;;20/08/2026 - 09:44:21;;;025;

;;;;;;;;;;;;;;;;;;;;;;;;
;;;;;;;;;;;;;;;;;;;;;;;;

;;
;;;FRANCISCO LUCIANO ALVES HONORIO ME;;;;;;;
;;;Clientes por Vendedor  ;;;;;
;;

;;;;;;;;;;;;;;;;;;;;;;;;

Código;Nome Cliente;;;Cidade;;;;UF;CEP;;FONE;;;C.P.F./C.N.P.J;;R.G./C.G.F.;;;
Nome Fantasia;;;Bairro;;;;Endereço;;;;;

5409;MARIA VIEIRA BARROS ME;;;QUIXELO;;;;CE;63.515-000;;(88)99967-0912;;;03.118.927/0001-19;;06.279566-0;;;
CASA DO PRODUTO RURAL;;;CENTRO;;;;TV PEDRO GOMES DE ARAUJO, 18;;;;;;;;;;;

;;;;;;;;;;;;;;;;;;;;;;;;

2570;MARIANO BARBOSA DA SILVA;;;CARIUS;;;;CE;63.530-000;;(88)99753-6130;;;07.642.456/0001-02;;060702770;;;
MERCANTIL MARIANO;;;CENTRO;;;;R 07 DE SETEMBRO, 25;;;;;;;;;;;

;;;;;;;;;;;;;;;;;;;;;;;;

6986;MARILUCIA DE SOUSA RIBEIRO PEREIRA;;;IGUATU;;;;CE;63.504-734;;(88)99916-7346;;;020.540.103-16;;;;;
CASA DE RACAO FORT PET;;;COHABS;;;;R GUILHARDO GOMES DE ARAUJO, 1532;;;;;;;;;;;

;;;;;;;;;;;;;;;;;;;;;;;;

8045;MARINO VIEIRA DE OLIVEIRA;;;IGUATU;;;;CE;63.508-160;;(88)99992-5682;;;902.568.833-00;;;;;
CASA DO PET - RACOES E VARIEDADES;;;AREIAS II;;;;RUA JOSE CAEIRAS DE ARAUJO, 9;;;;;;;;;;;

;;;;;;;;;;;;;;;;;;;;;;;;

;;;;;;;;;;;;;;;;;;;;;;;;

ERES Informática LTDA.;;;;;PAG: 113;;;20/08/2026 - 09:44:21;;;025;

;;;;;;;;;;;;;;;;;;;;;;;;
;;;;;;;;;;;;;;;;;;;;;;;;

;;
;;;FRANCISCO LUCIANO ALVES HONORIO ME;;;;;;;
;;;Clientes por Vendedor  ;;;;;
;;

;;;;;;;;;;;;;;;;;;;;;;;;

Código;Nome Cliente;;;Cidade;;;;UF;CEP;;FONE;;;C.P.F./C.N.P.J;;R.G./C.G.F.;;;
Nome Fantasia;;;Bairro;;;;Endereço;;;;;

1311;MARLINETE DE CASTRO AMORIM MICROEMPRESA;;;ICO;;;;CE;63.430-000;;(88)99678-2536;;;05.778.800/0001-51;;066812712;;;
MERCANTIL CASTRO AMORIM;;;CENTRO;;;;RUA DO CRUZEIRO, 1148;;;;;;;;;;;

;;;;;;;;;;;;;;;;;;;;;;;;

4042;MAROIZA BEZERRA CANDIDO ME;;;OROS;;;;CE;63.520-000;;(88)99994-7779;;;05.727.051/0001-33;;066800170;;;
CASA CANDIDO;;;CENTRO;;;;RUA EPITACIO PESSOA, 190;;;;;;;;;;;

;;;;;;;;;;;;;;;;;;;;;;;;

7188;MAURICIO LINARES JUNIOR 01120040329;;;IGUATU;;;;CE;63.500-056;;(88)99785-2161;;;47.427.502/0001-67;;07.078767-0;;;
CAMPO VIVO;;;CENTRO;;;;R CORONEL MENDONCA, 364;;;;;;;;;;;

;;;;;;;;;;;;;;;;;;;;;;;;

6499;MELQUIZEDEQE PINHEIRO DE ALENCAR;;;JUCAS;;;;CE;63.580-000;;(  )98135-0660;;;044.616.663-44;;023189;;;
LOJA DE NIVARDO;;;CENTRO;;;;RUA JOAQUIM VIEIRA NOBRE, 401;;;;;;;;;;;

;;;;;;;;;;;;;;;;;;;;;;;;

2845;MERCADINHO BOA ESPERANCA LTDA MICROEMPRESA;;;MOMBACA;;;;CE;63.610-000;;(88) 3583-2074;;;02.020.801/0001-44;;069931860;;;
PROX AO SINAL;;;CENTRO;;;;RUA LAURENTINO BRAGA, 43;;;;;;;;;;;

;;;;;;;;;;;;;;;;;;;;;;;;

6361;MERCADINHO COELHO LTDA;;;CEDRO;;;;CE;63.400-000;;(88)99679-8395;;;32.929.767/0001-96;;069406383;;;
MERCADINHO COELHO;;;CENTRO;;;;RUA CEL JOSE DE ALBUQUERQUE, 395;;;;;;;;;;;

;;;;;;;;;;;;;;;;;;;;;;;;

511;MERCANTIL COMETA LTDA;;;ACOPIARA;;;;CE;63.560-000;;(88)3565 -0351;;;07.771.223/0001-00;;06.005.595-2;;;
MERCANTIL COMETA;;;CENTRO;;;;R. DEP TIBURCIO SOARES, 113;;;;;;;;;;;

;;;;;;;;;;;;;;;;;;;;;;;;

7999;MERCANTIL EFATA LTDA;;;CEDRO;;;;CE;63.400-000;;(88)99325-5801;;;59.937.919/0001-59;;072495111;;;
MERCANTIL EFATA;;;CENTRO;;;;RUA SAO JOSE, 700;;;;;;;;;;;

;;;;;;;;;;;;;;;;;;;;;;;;

6122;MERCANTIL LEANDRO LTDA EPP;;;IGUATU;;;;CE;63.500-110;;(88) 3581-1405;;;07.448.777/0001-62;;061823465;;;
MERCANTIL LEANDRO;;;CENTRO;;;;AV. AGENOR ARAÚJO, 852;;;;;;;;;;;

;;;;;;;;;;;;;;;;;;;;;;;;

4491;MERCANTIL MOISES;;;QUIXELO;;;;CE;63.515-100;;(88)99920-1613;;;000.000.000-00;;;;;
MERCANTIL MOISES;;;CENTRO;;;;R. LUIZ GOMES ARAUJO, 119;;;;;;;;;;;

;;;;;;;;;;;;;;;;;;;;;;;;

3991;MERCANTIL PESSOA;;;ICO;;;;CE;  .   -   ;;(  )     -    ;;;000.000.000-00;;;;;
MERCANTIL PESSOA;;;CENTRO;;;;RUA BENJAMIN CONSTANTE, 183;;;;;;;;;;;

;;;;;;;;;;;;;;;;;;;;;;;;

4575;MESQUITA CAETANO COM. DE RACOES LTDA ME;;;QUIXELO;;;;CE;65.515-000;;(88)99770-6578;;;14.164.833/0001-00;;065724054;;;
FARMACIA VETERINARIA SERTAO NOSSO;;;CENTRO;;;;R. PEDRO GOMES ARAUJO, 278;;;;;;;;;;;

;;;;;;;;;;;;;;;;;;;;;;;;

;;;;;;;;;;;;;;;;;;;;;;;;

ERES Informática LTDA.;;;;;PAG: 114;;;20/08/2026 - 09:44:21;;;025;

;;;;;;;;;;;;;;;;;;;;;;;;
;;;;;;;;;;;;;;;;;;;;;;;;

;;
;;;FRANCISCO LUCIANO ALVES HONORIO ME;;;;;;;
;;;Clientes por Vendedor  ;;;;;
;;

;;;;;;;;;;;;;;;;;;;;;;;;

Código;Nome Cliente;;;Cidade;;;;UF;CEP;;FONE;;;C.P.F./C.N.P.J;;R.G./C.G.F.;;;
Nome Fantasia;;;Bairro;;;;Endereço;;;;;

509;MIGUEL GURGEL JACOME;;;ACOPIARA;;;;CE;63.560-000;;(88) 3565-0486;;;07.812.589/0002-52;;06.091.017-8;;;
;;;CENTRO;;;;R.LINDOVAL JOSE DE LIMA, 383;;;;;;;;;;;

;;;;;;;;;;;;;;;;;;;;;;;;

6584;MILENE LUCENA GOMES;;;IGUATU;;;;CE;63.508-010;;(  )99637-8452;;;37.958.768/0001-82;;061445177;;;
DIGAO RACOES ;;;AREIAS I;;;;AV DEOCLECIO LIMA VERDE, 102;;;;;;;;;;;

;;;;;;;;;;;;;;;;;;;;;;;;

7900;MOAB MARINHO CHAVES;;;IGUATU;;;;CE;63.504-045;;(88)99861-5281;;;50.716.938/0001-80;;;;;
EMPORIO RACOES;;;7 DE SETEMBRO;;;;RUA DONA LUZIA MOREIRA, 684;;;;;;;;;;;

;;;;;;;;;;;;;;;;;;;;;;;;

6487;MONALIZA RODRIGUES ALVES;;;ICO;;;;CE;63.430-000;;(88)99695-5888;;;29.372.153/0001-41;;067415814;;;
MERCANTIL DA MONALIZA;;;CONJUNTO BNH;;;;RUA ANTONIO BARBOSA, 186;;;;;;;;;;;

;;;;;;;;;;;;;;;;;;;;;;;;

6700;MONICA MARIA DA SILVA;;;JUCAS;;;;CE;63.580-000;;(  )99641-9153;;;28.569.680/0001-88;;066789826;;;
MERCADINHO ELIELSON;;;PLANALTO;;;;RUA CANDIDO BARBOSA, 142;;;;;;;;;;;

;;;;;;;;;;;;;;;;;;;;;;;;

7932;N. B. ALIMENTOS LTDA;;;JUCAS;;;;CE;63.580-000;;(88)99817-7037;;;53.092.012/0001-50;;071646825;;;
NB ATACAREJO;;;PLANALTO;;;;AVENIDA ORMECINDA CORREIA LEITE, 327;;;;;;;;;;;

;;;;;;;;;;;;;;;;;;;;;;;;

7949;NADIA GOMES LEMOS;;;QUIXELO;;;;CE;63.515-000;;(74)99940-2930;;;46.256.002/0001-47;;070686530;;;
AGRO FAE;;;CENTRO;;;;TRAVESSA PEDRO GOMES ARAUJO, 6;;;;;;;;;;;

;;;;;;;;;;;;;;;;;;;;;;;;

6859;NARA RAQUEL FERREIRA LIMA;;;IGUATU;;;;CE;63.502-705;;(  )99622-0778;;;30.164.562/0001-31;;06.756877-7;;;
LIMA PRODUTOS E SERVICOS ;;;FOMENTO;;;;RODOVIA ANTONIO ADAIL MENDONÇA , 951;;;;;;;;;;;

;;;;;;;;;;;;;;;;;;;;;;;;

7236;NEILTON RANGEL ROLIM TAVARES;;;AURORA;;;;CE;63.360-000;;(88)99932-4309;;;34.422.068/0001-80;;060542870;;;
SUPER RANGEL;;;ARACA;;;;RUA CICERO JOSE DO NASCIMENTO  , 215;;;;;;;;;;;

;;;;;;;;;;;;;;;;;;;;;;;;

;;;;;;;;;;;;;;;;;;;;;;;;

ERES Informática LTDA.;;;;;PAG: 115;;;20/08/2026 - 09:44:21;;;025;

;;;;;;;;;;;;;;;;;;;;;;;;
;;;;;;;;;;;;;;;;;;;;;;;;

;;
;;;FRANCISCO LUCIANO ALVES HONORIO ME;;;;;;;
;;;Clientes por Vendedor  ;;;;;
;;

;;;;;;;;;;;;;;;;;;;;;;;;

Código;Nome Cliente;;;Cidade;;;;UF;CEP;;FONE;;;C.P.F./C.N.P.J;;R.G./C.G.F.;;;
Nome Fantasia;;;Bairro;;;;Endereço;;;;;

2351;NIDNEY DINIZ FERREIRA ME;;;CEDRO;;;;CE;63.400-000;;(88) 3564-1377;;;02.980.610/0001-24;;062805576;;;
CASA DO VETERINARIO BARGADA;;;CENTRO;;;;RUA  CORONEL JOSE DE ALBUQUERQUE, 478;;;;;;;;;;;

;;;;;;;;;;;;;;;;;;;;;;;;

6466;NILSON BARBOSA DA SILVA;;;CARIUS;;;;CE;63.530-000;;(  )99694-8608;;;18.329.495/0001-62;;065156382;;;
SUPER ECONOMICO;;;CENTRO;;;;RUA PRACA DA REPUBLICA, 8;;;;;;;;;;;

;;;;;;;;;;;;;;;;;;;;;;;;

3079;NIVARDO GONCALVES  LEITE  ME;;;JUCAS;;;;CE;63.580-000;;(88)99725-5051;;;07.830.896/0001-85;;06.206.025-2;;;
CASA DO FAZENDEIRO;;;CENTRO;;;;RUA JOAQUIM VIEIRA NOBRE, 401;;;;;;;;;;;

;;;;;;;;;;;;;;;;;;;;;;;;

7249;NIVEA MARIA CORDEIRO SILVA LIMA;;;LAVRAS DA MANGABEIRA;;;;CE;63.300-000;;(85)99961-8193;;;46.722.683/0001-91;;07.068705-6;;;
AGRIPEC PRODUTOS AGROPECUARIOS;;;CENTRO;;;;R CEL. RAIMUNDO AUGUSTO, 39;;;;;;;;;;;

;;;;;;;;;;;;;;;;;;;;;;;;

7161;NOELIA PEREIRA DA COSTA SILVA;;;ICO;;;;CE;63.430-000;;(  )99429-2524;;;023.417.733-03;;;;;
COMERCIAL FRANCO ;;;CENTRO;;;;MERCADO PUBLICO , 31;;;;;;;;;;;

;;;;;;;;;;;;;;;;;;;;;;;;

5373;OCELIO FIRMO MORAIS;;;LAVRAS DA MANGABEIRA;;;;CE;63.300-000;;(88)99218-6664;;;425.632.323-68;;;;;
MERCADINHO FIRMO;;;CENTRO;;;;FAZENDA FLORES, 121;;;;;;;;;;;

;;;;;;;;;;;;;;;;;;;;;;;;

6934;OZEAS ALMEIDA DE PAULA;;;ICO;;;;CE;63.430-000;;(  )99915-7773;;;548.910.513-53;;;;;
COMERCIAL DE BEBIDAS IRMAOS ALMEIDA ;;;CENTRO;;;;RUA 7 DE SETEMBRO , 329;;;;;;;;;;;

;;;;;;;;;;;;;;;;;;;;;;;;

4282;PATRICIA A DE SOUZA ME;;;JUCAS;;;;CE;63.580-000;;(88) 9737-0271;;;08.738.146/0001-40;;06.207147-5;;;
;;;DISTRITO SAO PEDRO;;;;R. ANTONIO PEREIRA SILVA, 416;;;;;;;;;;;

;;;;;;;;;;;;;;;;;;;;;;;;

5067;PATRICIA ALVES SOARES;;;IGUATU;;;;CE;63.500-000;;(88)99699-5415;;;902.630.143-04;;;;;
MERCANTIL LIDER;;;JARDIM OASIS;;;;RUA SILVIO AMARO, 514;;;;;;;;;;;

;;;;;;;;;;;;;;;;;;;;;;;;

2505;PAULO CEZAR DIAS ME;;;ICO;;;;CE;63.430-000;;(88)99800-4385;;;41.641.424/0001-12;;068666420;;;
ANTIGA RUA 107/ MERCADINHO PAULO DIAS;;;COHAB;;;;R. GENTIL V ROCHA, 23;;;;;;;;;;;

;;;;;;;;;;;;;;;;;;;;;;;;

7400;PAULO HENRIQUE RODRIGUES SILVA;;;ICO;;;;CE;63.435-000;;(88)99307-8253;;;48.685.121/0001-40;;070991413;;;
CAT DOG RACOES E ACESSORIOS;;;LIMA CAMPOS;;;;10 R ILIDIO SAMPAIO, 63;;;;;;;;;;;

;;;;;;;;;;;;;;;;;;;;;;;;

;;;;;;;;;;;;;;;;;;;;;;;;

ERES Informática LTDA.;;;;;PAG: 116;;;20/08/2026 - 09:44:21;;;025;

;;;;;;;;;;;;;;;;;;;;;;;;
;;;;;;;;;;;;;;;;;;;;;;;;

;;
;;;FRANCISCO LUCIANO ALVES HONORIO ME;;;;;;;
;;;Clientes por Vendedor  ;;;;;
;;

;;;;;;;;;;;;;;;;;;;;;;;;

Código;Nome Cliente;;;Cidade;;;;UF;CEP;;FONE;;;C.P.F./C.N.P.J;;R.G./C.G.F.;;;
Nome Fantasia;;;Bairro;;;;Endereço;;;;;

7216;PAULO ROBERTO DE SOUZA SA;;;LAVRAS DA MANGABEIRA;;;;CE;63.300-000;;(88)99278-6425;;;400.438.943-72;;;;;
CASA DE RACAO SA;;;CENTRO;;;;MERCADO PUBLICO, 101;;;;;;;;;;;

;;;;;;;;;;;;;;;;;;;;;;;;

1184;PEDRO ALMEIDA DE AQUINO EPP;;;ICO;;;;CE;63.430-000;;(88) 3561-1362;;;35.006.162/0001-11;;06.046.180-2;;;
SUPERMECADO ALMEIDA;;;CENTRO;;;;AV  NOGUEIRA ACILOLE, 1699;;;;;;;;;;;

;;;;;;;;;;;;;;;;;;;;;;;;

5279;PEDRO ARAUJO CITO - MICROEMPRESA;;;MOMBACA;;;;CE;63.610-000;;(88) 9773-2400;;;11.747.706/0001-38;;060389176;;;
;;;VILA IRACEMA;;;;AV ANT JAIME BENEVIDES FILHO, 1062;;;;;;;;;;;

;;;;;;;;;;;;;;;;;;;;;;;;

5249;PEDRO EDUARDO MARTINS PEDROSA;;;MOMBACA;;;;CE;63.610-000;;(88)99603-1343;;;15.750.061/0001-43;;066063540;;;
AGROMIX MOMBACA;;;CENTRO;;;;RUA . CORONEL L. JOSE ADERALDO, 177;;;;;;;;;;;

;;;;;;;;;;;;;;;;;;;;;;;;

5280;PEDRO HENRIQUE NEVES MARINHO;;;ACOPIARA;;;;CE;63.560-000;;(88)99998-8328;;;063.074.113-17;;;;;
CASA DE RACOES CICERO MARINHO ;;;CENTRO;;;;RUA CAZUZINHA MARQUES, 112;;;;;;;;;;;

;;;;;;;;;;;;;;;;;;;;;;;;

7684;PETTRUS SALES DINIZ OLIVEIRA;;;LAVRAS DA MANGABEIRA;;;;CE;63.300-000;;(88)98184-8059;;;53.285.237/0001-22;;071668551;;;
;;;DISTRITO/CENTRO MANGABEIRA;;;;RUA CORONEL JOAQUIM GONCALVES, 332;;;;;;;;;;;

;;;;;;;;;;;;;;;;;;;;;;;;

3101;PROAPEC PRODUTOS PEC E AGROPECUARIOS EIRELI;;;OROS;;;;CE;63.520-000;;(88) 3584-1421;;;11.061.702/0001-00;;060819901;;;
CASA VETERINARIA PROAPEC;;;CENTRO;;;;RUA  EPITACIO PESSOA, 53;;;;;;;;;;;

;;;;;;;;;;;;;;;;;;;;;;;;

8191;QUEIROZ DISTRIBUIDORA LTDA;;;ACOPIARA;;;;CE;63.560-000;;(  )92148-8398;;;09.305.029/0006-60;;067496652;;;
SUPER QUEIROS ACOPIARA;;;CENTRO;;;;AV JOSE MARQUES FILHO, 54;;;;;;;;;;;

;;;;;;;;;;;;;;;;;;;;;;;;

8192;QUEIROZ DISTRIBUIDORA LTDA;;;VARZEA ALEGRE;;;;CE;63.540-000;;(  )92148-8398;;;09.305.029/0007-41;;067956629;;;
SUPER QUEIROS VARZEA ALEGRE;;;JUREMAL;;;;R ANTONIO ALVES DE LIMA, 329;;;;;;;;;;;

;;;;;;;;;;;;;;;;;;;;;;;;

8193;QUEIROZ DISTRIBUIDORA LTDA;;;IGUATU;;;;CE;63.502-375;;(  )92148-8398;;;09.305.029/0009-03;;070795045;;;
SUPER QUEIROZ IGUATU;;;ALTO DO JUCA;;;;R APULCRO LIMA VERDE, 77;;;;;;;;;;;

;;;;;;;;;;;;;;;;;;;;;;;;

;;;;;;;;;;;;;;;;;;;;;;;;

ERES Informática LTDA.;;;;;PAG: 117;;;20/08/2026 - 09:44:21;;;025;

;;;;;;;;;;;;;;;;;;;;;;;;
;;;;;;;;;;;;;;;;;;;;;;;;

;;
;;;FRANCISCO LUCIANO ALVES HONORIO ME;;;;;;;
;;;Clientes por Vendedor  ;;;;;
;;

;;;;;;;;;;;;;;;;;;;;;;;;

Código;Nome Cliente;;;Cidade;;;;UF;CEP;;FONE;;;C.P.F./C.N.P.J;;R.G./C.G.F.;;;
Nome Fantasia;;;Bairro;;;;Endereço;;;;;

6530;QUEIROZ DISTRIBUIDORA LTDA;;;CEDRO;;;;CE;63.400-000;;(  ) 3561-2931;;;09.305.029/0008-22;;061447064;;;
SUPERQUEIROZ;;;CENTRO;;;;RUA CEL JOSE ALBUQUERQUE, 397;;;;;;;;;;;

;;;;;;;;;;;;;;;;;;;;;;;;

5499;QUEIROZ DISTRIBUIDORA LTDA EPP;;;ICO;;;;CE;63.430-000;;(  ) 3561-2931;;;09.305.029/0002-37;;065786467;;;
SUPERQUEIROZ;;;CENTRO;;;;RUA PREFEITO JAIME ALENCAR, 684;;;;;;;;;;;

;;;;;;;;;;;;;;;;;;;;;;;;

6502;R C ALVES VETERINARIA LTDA;;;OROS;;;;CE;63.520-000;;(  )99710-7319;;;30.294.824/0001-82;;067594778;;;
;;;CENTRO;;;;AV GABRIEL BEZERRA , 1;;;;;;;;;;;

;;;;;;;;;;;;;;;;;;;;;;;;

8030;R LIMA COMERCIO VAREJISTA;;;DEPUTADO IRAPUAN PINHEIRO;;;;CE;63.645-000;;(  )98823-6519;;;22.077.698/0002-67;;06956843;;;
SUPERCADO LIMA;;;CENTRO;;;;RAQUEL MAGALHÃES ARAÚJO , 0;;;;;;;;;;;

;;;;;;;;;;;;;;;;;;;;;;;;

8031;R LIMA COMERCIO VAREJISTA E SERVICOS LTDA;;;DEPUTADO IRAPUAN PINHEIRO;;;;CE;63.645-000;;(  )     -    ;;;22.077.698/0003-48;;072217561;;;
SUPERMERCADOS LIMA;;;BETÂNIA ;;;;JOAQUIM DANTAS PINHEIRO , 15;;;;;;;;;;;

;;;;;;;;;;;;;;;;;;;;;;;;

6631;RAFAEL BARROS DE ARAUJO;;;AURORA;;;;CE;63.360-000;;(  )99730-9183;;;32.546.181/0001-42;;067975135;;;
MERCADINHO ARACA;;;ARAÇA;;;;RUA JOSE LEITE, 42;;;;;;;;;;;

;;;;;;;;;;;;;;;;;;;;;;;;

5417;RAIMUNDO ALVES FERREIRA;;;IGUATU;;;;CE;63.500-119;;(88)99998-8500;;;248.853.553-20;;;;;
AGRO TERRA ;;;CENTRO;;;;RUA JOSE SEL MENDONCA , 365;;;;;;;;;;;

;;;;;;;;;;;;;;;;;;;;;;;;

3855;RAIMUNDO LEITE DE AQUINO;;;AURORA;;;;CE;63.360-000;;(88)99838-4981;;;03.800.867/0001-10;;06.296250-7;;;
MERCEARIA DO RAIMUNDO;;;CENTRO;;;;RUA CORONEL TIBURCIO, 60;;;;;;;;;;;

;;;;;;;;;;;;;;;;;;;;;;;;

6782;RAIMUNDO PEREIRA DA SILVA;;;IGUATU;;;;CE;63.500-068;;(  )98191-5212;;;761.483.513-15;;;;;
RAIMUNDO DO FEIJAO;;;CENTRO;;;;RUA EDUARDO LAVOR , 200;;;;;;;;;;;

;;;;;;;;;;;;;;;;;;;;;;;;

6778;REGINA CLAUDIA GUEDES FREITAS;;;IGUATU;;;;CE;63.500-152;;(85)99960-2050;;;40.401.220/0001-41;;06.139917-5;;;
MOTO CENTRO ESTACIONAMENTO ;;;CENTRO ;;;;RUA VIRGILIO CORREIA, 334;;;;;;;;;;;

;;;;;;;;;;;;;;;;;;;;;;;;

6592;RENATA TEIXEIRA SILVA;;;CEDRO;;;;CE;63.400-000;;(  )99729-6158;;;31.088.539/0001-78;;067730817;;;
CASA DE RACAO TEIXEIRA;;;CENTRO;;;;RUA ZE PAJE, 169;;;;;;;;;;;

;;;;;;;;;;;;;;;;;;;;;;;;

2866;RITA DE CASSIA DIAS PINHEIRO ME;;;ICO;;;;CE;63.430-000;;(88)99231-4735;;;06.985.748/0001-77;;066963869;;;
MERCANTIL MORIÁ;;;BNH;;;;AVENIDA ILÍDIO SAMPAIO, 820;;;;;;;;;;;

;;;;;;;;;;;;;;;;;;;;;;;;

;;;;;;;;;;;;;;;;;;;;;;;;

ERES Informática LTDA.;;;;;PAG: 118;;;20/08/2026 - 09:44:21;;;025;

;;;;;;;;;;;;;;;;;;;;;;;;
;;;;;;;;;;;;;;;;;;;;;;;;

;;
;;;FRANCISCO LUCIANO ALVES HONORIO ME;;;;;;;
;;;Clientes por Vendedor  ;;;;;
;;

;;;;;;;;;;;;;;;;;;;;;;;;

Código;Nome Cliente;;;Cidade;;;;UF;CEP;;FONE;;;C.P.F./C.N.P.J;;R.G./C.G.F.;;;
Nome Fantasia;;;Bairro;;;;Endereço;;;;;

7199;RITA DE CASSIA LIMA LELIS;;;ICO;;;;CE;63.430-000;;(88)99208-0364;;;45.186.263/0001-75;;;;;
AGRO MINEIRENSE;;;CONJUNTO GAMA;;;;ROD CE 282, 1247;;;;;;;;;;;

;;;;;;;;;;;;;;;;;;;;;;;;

7916;ROBERLANIO ALCANTARA DUARTE;;;CEDRO;;;;CE;63.400-000;;(88)99658-3939;;;42.146.676/0001-38;;;;;
AGRO VAREJO ;;;CENTRO;;;;RUA CEL JOSE ALBUQUERQUE, 517;;;;;;;;;;;

;;;;;;;;;;;;;;;;;;;;;;;;

7104;ROGERIO DA SILVA;;;ICO;;;;CE;63.430-000;;(88)98821-2245;;;45.042.714/0001-09;;07.042054-8;;;
ROGERIO DA SILVA;;;CENTRO;;;;RUA ROBERTO CORREIA LIMA, 255;;;;;;;;;;;

;;;;;;;;;;;;;;;;;;;;;;;;

6523;RONALDO PEREIRA DA SILVA;;;QUIXELO;;;;CE;63.515-000;;(  )99857-1144;;;328.101.348-12;;2006029291321;;;
MERCANTIL DA CREUZA;;;CENTRO;;;;RUA PEDRO GOMES ARAUJO, 397;;;;;;;;;;;

;;;;;;;;;;;;;;;;;;;;;;;;

6095;ROPSON FRUTUOSO BEZERRA ME;;;CEDRO;;;;CE;63.400-000;;(88)99640-0881;;;07.993.613/0001-16;;06.194171-9;;;
;;;CENTRO;;;;TRAVESSA 15 DE NOVEMBRO, 30;;;;;;;;;;;

;;;;;;;;;;;;;;;;;;;;;;;;

527;ROSEO BANDEIRA NETO EPP;;;IGUATU;;;;CE;63.500-000;;(88) 3581-0757;;;35.243.872/0001-65;;068726910;;;
MERCANTIL BANDEIRA;;;CENTRO;;;;PRACA DUQUE DE CAXIAS, 100;;;;;;;;;;;

;;;;;;;;;;;;;;;;;;;;;;;;

4997;ROSILDA ALVES PEDROSA ME;;;MOMBACA;;;;CE;63.610-000;;(88)99955-5627;;;04.883.361/0001-84;;061901415;;;
ROSILDA E HECILIO;;;TEJUABANA;;;;AVENIDA  ANT NONATO DE CARVALHO, 906;;;;;;;;;;;

;;;;;;;;;;;;;;;;;;;;;;;;

6777;SEBASTIAO EDICARLOS NETO;;;ACOPIARA;;;;CE;63.560-000;;(  )98114-7438;;;33.847.887/0001-07;;06.950172-6;;;
AGRO SERRA DO MAIA;;;VILA ESPERANCA ;;;;11A AVENIDA JOSE MORAIS PINHO, 790;;;;;;;;;;;

;;;;;;;;;;;;;;;;;;;;;;;;

8158;SERTAO PET LTDA;;;ICO;;;;CE;63.430-000;;(88)99487-8502;;;66.100.845/0001-67;;073270881;;;
SERTAO PET;;;CENTRO;;;;AV JOSEFA NOGUEIRA MONTEIRO, 1892;;;;;;;;;;;

;;;;;;;;;;;;;;;;;;;;;;;;

5412;SILVIO CHAGAS TEIXEIRA ME;;;OROS;;;;CE;63.520-000;;(88)99919-6595;;;69.354.876/0001-32;;068954492;;;
MERCANTIL PETRZIL ;;;CENTRO;;;;TRAV ELIBA , 133;;;;;;;;;;;

;;;;;;;;;;;;;;;;;;;;;;;;

518;SOILES FERREIRA UCHOA DE ALBUQUERQUE;;;ACOPIARA;;;;CE;63.560-000;;(88) 3565-0602;;;05.999.148/0001-03;;066863775;;;
SOILES;;;CENTRO;;;;AV CAZUZINHA MARQUES, 154;;;;;;;;;;;

;;;;;;;;;;;;;;;;;;;;;;;;

6315;SOLANDIA VICTOR DE SOUZA BEZERRA;;;IGUATU;;;;CE;63.500-000;;(  )99663-1349;;;442.823.383-34;;99029247020;;;
SOLANDI VICTOR;;;VENEZA;;;;RUA ZOZIMO BEZERRA, 26;;;;;;;;;;;

;;;;;;;;;;;;;;;;;;;;;;;;

;;;;;;;;;;;;;;;;;;;;;;;;

ERES Informática LTDA.;;;;;PAG: 119;;;20/08/2026 - 09:44:21;;;025;

;;;;;;;;;;;;;;;;;;;;;;;;
;;;;;;;;;;;;;;;;;;;;;;;;

;;
;;;FRANCISCO LUCIANO ALVES HONORIO ME;;;;;;;
;;;Clientes por Vendedor  ;;;;;
;;

;;;;;;;;;;;;;;;;;;;;;;;;

Código;Nome Cliente;;;Cidade;;;;UF;CEP;;FONE;;;C.P.F./C.N.P.J;;R.G./C.G.F.;;;
Nome Fantasia;;;Bairro;;;;Endereço;;;;;

7378;STEFANY OLIVEIRA PARNAIBA;;;ICO;;;;CE;63.430-000;;(88)99706-6749;;;51.766.621/0001-11;;071458654;;;
PARNAIBA VARIEDADES ;;;ALTO DO CRUZEIRO ;;;;AV DO CRUZEIRO , 856;;;;;;;;;;;

;;;;;;;;;;;;;;;;;;;;;;;;

6728;STEFANY SOUZA DE JESUS ;;;IGUATU;;;;CE;63.500-068;;(  )99320-4962;;;42.261.702/0001-79;;;;;
RAIMUNDO DO FEIJAO;;;CENTRO;;;;RUA EDUARDO LAVOR, 200;;;;;;;;;;;

;;;;;;;;;;;;;;;;;;;;;;;;

552;SUPER BASTIAO LTDA;;;ICO;;;;CE;63.430-000;;(88) 3561-4023;;;23.551.914/0001-46;;060705027;;;
MERCANTIL SAO SEBASTIAO;;;CENTRO;;;;AVENIDA NOGUEIRA ACIOLY, 1136;;;;;;;;;;;

;;;;;;;;;;;;;;;;;;;;;;;;

6116;SUPERMERCADO LEANDRO LTDA;;;IGUATU;;;;CE;63.500-000;;(88)99668-7273;;;05.491.836/0001-50;;066753929;;;
SUPERMERCADO LEANDRO;;;PRADO;;;;RUA ENGENHEIRO WILSON CORREIA LIMA, 149;;;;;;;;;;;

;;;;;;;;;;;;;;;;;;;;;;;;

8227;SUPERMERCADO SEVERO LTDA;;;LAVRAS DA MANGABEIRA;;;;CE;63.300-000;;(88)99924-3232;;;02.934.769/0003-74;;071453903;;;
SUPERMERCADO SEVERO;;;NOVA CIDADE;;;;RODOVIA BR 230, 22;;;;;;;;;;;

;;;;;;;;;;;;;;;;;;;;;;;;

5848;TANIA MARIA PINHEIRO;;;CEDRO;;;;CE;63.400-000;;(  )     -    ;;;723.258.363-04;;;;;
MERCADINHO PACIFICO;;;CENTRO;;;;RUA VEREADOR SALUTIANO , 444;;;;;;;;;;;

;;;;;;;;;;;;;;;;;;;;;;;;

6654;TELLYA DE OLIVEIRA PALACIO ;;;JUCAS;;;;CE;63.580-000;;(88)99614-1651;;;40.062.301/0001-64;;061470678;;;
AGROFORTE;;;ALTO DO TO;;;;RUA ALTO DO TO, 0;;;;;;;;;;;

;;;;;;;;;;;;;;;;;;;;;;;;

7824;THAINNE CAMPOS NASCIMENTO NUNES;;;IGUATU;;;;CE;63.504-115;;(  )98861-8066;;;52.880.131/0001-04;;;;;
MAIS CENTRO DE ATENDIMENTO VETERINARIO;;;7 DE SETEMBRO;;;;RUA SILVINO FILGUEIRAS, 390;;;;;;;;;;;

;;;;;;;;;;;;;;;;;;;;;;;;

7577;THIAGO ALVES DE ARAUJO;;;IGUATU;;;;CE;63.500-005;;(88)99360-5494;;;064.751.653-52;;20079973005;;;
IMPERIO RACAO ;;;FLORES;;;;RUA JULIO CAVALCANTE, 403;;;;;;;;;;;

;;;;;;;;;;;;;;;;;;;;;;;;

8147;TIAGO PATRICIO BENTO ;;;OROS;;;;CE;63.520-000;;(88)99797-4301;;;018.380.013-36;;;;;
TCL RACOES ;;;VILA GUASSUSSE;;;;RUA 21 DE ABRIL , 344;;;;;;;;;;;

;;;;;;;;;;;;;;;;;;;;;;;;

;;;;;;;;;;;;;;;;;;;;;;;;

ERES Informática LTDA.;;;;;PAG: 120;;;20/08/2026 - 09:44:21;;;025;

;;;;;;;;;;;;;;;;;;;;;;;;
;;;;;;;;;;;;;;;;;;;;;;;;

;;
;;;FRANCISCO LUCIANO ALVES HONORIO ME;;;;;;;
;;;Clientes por Vendedor  ;;;;;
;;

;;;;;;;;;;;;;;;;;;;;;;;;

Código;Nome Cliente;;;Cidade;;;;UF;CEP;;FONE;;;C.P.F./C.N.P.J;;R.G./C.G.F.;;;
Nome Fantasia;;;Bairro;;;;Endereço;;;;;

6263;UBIRATAN SOBREIRA DA CRUZ;;;IGUATU;;;;CE;63.500-102;;(88)35812-321 ;;;001.308.773-87;;20180809037;;;
CASA DO BIRA;;;CENTRO;;;;RUA JOSE DE ALENCAR, 572;;;;;;;;;;;

;;;;;;;;;;;;;;;;;;;;;;;;

6664;UNIAGRO COMERCIO DE RACOES LTDA;;;JUCAS;;;;CE;63.580-000;;(  )99944-1417;;;37.336.668/0001-14;;062720813;;;
UNIAGRO RACOES;;;CENTRO;;;;RUA VEREADOR FRANCISCO ANDRE DE SOUZA, 43;;;;;;;;;;;

;;;;;;;;;;;;;;;;;;;;;;;;

541;V P MOURAO LEANDRO;;;IGUATU;;;;CE;63.500-020;;(88) 3581-3066;;;01.120.741/0001-79;;069694044;;;
SUPERMERCADO LEANDRO;;;CENTRO;;;;Praça José Airton Jucá, 30;;;;;;;;;;;

;;;;;;;;;;;;;;;;;;;;;;;;

7411;V P PEREIRA NETO RACOES;;;LAVRAS DA MANGABEIRA;;;;CE;63.300-000;;(88)98106-5701;;;49.574.602/0001-41;;07.115043-9;;;
CASA DA RACAO;;;AMANIUTUBA;;;;R DO COMERCIO, 39;;;;;;;;;;;

;;;;;;;;;;;;;;;;;;;;;;;;

5411;VALDEMIRO JOSE DE OLIVEIRA NETO ;;;IGUATU;;;;CE;63.500-032;;(88)99712-7594;;;635.227.723-34;;;;;
CASA DO BOIADEIRO;;;CENTRO;;;;R SANTOS DUMONT , 206;;;;;;;;;;;

;;;;;;;;;;;;;;;;;;;;;;;;

5734;VALDIR JOAO ALEXANDRE II;;;IGUATU;;;;CE;63.500-000;;(  ) 3581-0000;;;04.632.374/0002-61;;063492873;;;
SUPEMERCADO ALEXANDRE;;;SANTO ANTONIO;;;;CEL JOSE ADOLFO OLIVEIRA, 97;;;;;;;;;;;

;;;;;;;;;;;;;;;;;;;;;;;;

6132;VALDIR JOAO ALEXANDRE ME;;;JUCAS;;;;CE;63.580-000;;(88)99724-4277;;;04.632.374/0004-23;;067408591;;;
SUPEMERCADO ALEXANDRE;;;VILA SAO PEDRO;;;;RUA ANTONIO PEREIRA DA SILVA, 80;;;;;;;;;;;

;;;;;;;;;;;;;;;;;;;;;;;;

534;VALDIR JOAO ALEXANDRE ME;;;IGUATU;;;;CE;63.500-000;;(88)99724-4277;;;04.632.374/0001-80;;063144034;;;
SUPERMERCADO ALEXANDRE;;;VILA CENTENARIA;;;;AV CARLOS ROBERTO COSTA, 360;;;;;;;;;;;

;;;;;;;;;;;;;;;;;;;;;;;;

1585;VALDIVINO LEITE NETO MICROEMPRESA;;;AURORA;;;;CE;63.360-000;;(88)99627-2484;;;01.714.686/0001-45;;069849129;;;
VALDIVINO;;;CENTRO;;;;TRV GENERAL TRIBURCIO, 104;;;;;;;;;;;

;;;;;;;;;;;;;;;;;;;;;;;;

703;VASCONCELOS E GURGEL LTDA - MICROEMPRESA;;;ACOPIARA;;;;CE;63.560-000;;(88)99677-0551;;;35.019.801/0001-83;;06.091.026-7;;;
;;;CENTRO;;;;R. MARECHAL DEODORO,, 221;;;;;;;;;;;

;;;;;;;;;;;;;;;;;;;;;;;;

5863;VICENTE G FILHO ME;;;MOMBACA;;;;CE;63.610-000;;(88)99730-7494;;;25.533.418/0001-95;;065413407;;;
CIA DO SERTAO;;;CENTRO;;;;RUA ANTONIO PEDRO BNEVIDES, 212;;;;;;;;;;;

;;;;;;;;;;;;;;;;;;;;;;;;

7299;VICENTE PAULINO PEREIRA NETO ;;;LAVRAS DA MANGABEIRA;;;;CE;63.300-000;;(88)98106-5701;;;48.165.838/0001-61;;07.094883-6;;;
CASA DA RACAO;;;AMANIUTUBA;;;;R COMERCIO, 39;;;;;;;;;;;

;;;;;;;;;;;;;;;;;;;;;;;;

;;;;;;;;;;;;;;;;;;;;;;;;

ERES Informática LTDA.;;;;;PAG: 121;;;20/08/2026 - 09:44:21;;;025;

;;;;;;;;;;;;;;;;;;;;;;;;
;;;;;;;;;;;;;;;;;;;;;;;;;;

;;
;;;FRANCISCO LUCIANO ALVES HONORIO ME;;;;;;;
;;;Clientes por Vendedor  ;;;;;
;;

;;;;;;;;;;;;;;;;;;;;;;;;;;

Código;Nome Cliente;;;;;Cidade;;;;UF;CEP;;FONE;;;C.P.F./C.N.P.J;;R.G./C.G.F.;;;
Nome Fantasia;;;;;Bairro;;;;Endereço;;;;;

6533;VICENTE PAULINO PEREIRA NETO;;;;;LAVRAS DA MANGABEIRA;;;;CE;63.300-000;;(  )98106-5701;;;34.680.960/0001-61;;061493899;;;
CASA DA RACAO;;;;;AMANIUTUBA DISTRITO DE LAVRAS;;;;RUA DO COMERCIO, 39;;;;;;;;;;;

;;;;;;;;;;;;;;;;;;;;;;;;;;

6706;VICENTE TIAGO SILVA DE OLIVEIRA ;;;;;JUCAS;;;;CE;63.580-000;;(  )99683-3151;;;604.468.373-77;;;;;
MERCADINHO OLIVEIRA ;;;;;CENTRO;;;;RUA HONOR LIMA, 0;;;;;;;;;;;

;;;;;;;;;;;;;;;;;;;;;;;;;;

7436;WEIYLANIA MARIA ARAUJO LINARES;;;;;IGUATU;;;;CE;63.500-137;;(88)99250-2861;;;44.188.213/0001-64;;070284580;;;
CAMPO VIVO;;;;;CENTRO;;;;R CORONEL MENDONCA - DE 361/362 AO FIM, 364;;;;;;;;;;;

;;;;;;;;;;;;;;;;;;;;;;;;;;

7849;WENIS NEY ALMEIDA LEMOS;;;;;IGUATU;;;;CE;63.508-450;;(  )98105-7280;;;413.311.148-61;;;;;
CEARA DA AGUA ;;;;;AREIAS 2;;;;RUA PRESB. JOAO G. PINHEIRO, 111;;;;;;;;;;;

;;;;;;;;;;;;;;;;;;;;;;;;;;

712;WILLIANS DE SOUZA SA;;;;;LAVRAS DA MANGABEIRA;;;;CE;63.300-000;;(88)99954-0300;;;229.199.103-53;;;;;
MERCANTIL FUÁ;;;;;CENTRO;;;;R. JOSE LINHARES, 93;;;;;;;;;;;

;;;;;;;;;;;;;;;;;;;;;;;;;;

6685;YANE ADILA SANTANA DE SOUSA;;;;;LAVRAS DA MANGABEIRA;;;;CE;63.300-000;;(  )99996-6448;;;41.121.998/0001-60;;00;;;
AL RACOES;;;;;QUITAIUS;;;;RUA JOAQUIM LEITE, 267;;;;;;;;;;;

;;;;;;;;;;;;;;;;;;;;;;;;;;

7899;YASMIN DO CARMO BATISTA;;;;;IGUATU;;;;CE;63.505-430;;(88)99926-4705;;;58.471.043/0001-35;;072282410;;;
BIOFAUNA;;;;;ALTIPLANO;;;;RUA VALDEMIRO JOSE OLIVEIRA, 84;;;;;;;;;;;

;;;;;;;;;;;;;;;;;;;;;;;;;;

Clientes listados Vendedor:;;;;;;;384;;;;;;;;;;;;;;;;;;;

;;;;;;;;;;;;;;;;;;;;;;;;;;

ERES Informática LTDA.;;;;;PAG: 122;;;20/08/2026 - 09:44:21;;;025;

;;;;;;;;;;;;;;;;;;;;;;;;;;
;;;;;;;;;;;;;;;;;;;;;;;;;;;

;;
;;;FRANCISCO LUCIANO ALVES HONORIO ME;;;;;;;
;;;Clientes por Vendedor  ;;;;;
;;

;;;;;;;;;;;;;;;;;;;;;;;;;;;

Código;Nome Cliente;;;;;;Cidade;;;;UF;CEP;;FONE;;;C.P.F./C.N.P.J;;R.G./C.G.F.;;;
Nome Fantasia;;;;;;Bairro;;;;Endereço;;;;;

Vendedor:;6130;;RODRIGO FERNANDO ARAUJO DE SOUZA;;;;;;;;;;;;;;;;;;;
6172;CICERO HENRIQUE DE LIMA SILVA;;;;;;CRATO;;;;CE; 6.310-000;;(  )99209-2175;;;059.511.013-44;;;;;
MERCIARA SAO CAMILO;;;;;;VILA LOBO;;;;RUA ANTÔNIO ESMERALDO LEITE, 280;;;;;;;;;;;

;;;;;;;;;;;;;;;;;;;;;;;;;;;

6225;EDIMAR ALVES FEITOSA;;;;;;CRATO;;;;CE;63.114-100;;(  ) 9751-8707;;;29.364.721/0001-62;;067417396;;;
MERCADINHO SERTAOZINHO;;;;;;FRANCA ALENCAR (SERTAOZINHO);;;;RUA ANTONIO DE ALENCAR ARARIPE, 1;;;;;;;;;;;

;;;;;;;;;;;;;;;;;;;;;;;;;;;

6207;FRANCISCO MELO CARLOS;;;;;;CRATO;;;;CE;63.180-000;;(  ) 3521-3300;;;10.158.977/0001-95;;063706679;;;
YANE LANCHES;;;;;;CENTRO;;;;PRAÇA DA SÉ, 57;;;;;;;;;;;

;;;;;;;;;;;;;;;;;;;;;;;;;;;

4565;MARCIO FERREIRA DOS ANJOS;;;;;;CRATO;;;;CE;63.114-100;;(88)99751-5707;;;17.508.509/0001-42;;066301696;;;
MERC. FERREIRA, SERTAOZINHO, POR TRAS GRENDENE;;;;;;FRANCA ALENCAR;;;;R. ANTONIO DE ALENCAR ARARIPE, 1;;;;;;;;;;;

;;;;;;;;;;;;;;;;;;;;;;;;;;;

6219;YNGRID YANE NEVES DA SILVA;;;;;;MISSAO VELHA;;;;CE;63.200-000;;(  ) 9915-9885;;;070.804.643-66;;;;;
MERCADINHO DEUSIMAR;;;;;;DISTRITO DE JAMACARU;;;;SÍTIO PINHEIRA, 0;;;;;;;;;;;

;;;;;;;;;;;;;;;;;;;;;;;;;;;

Clientes listados Vendedor:;;;;;;;;5;;;;;;;;;;;;;;;;;;;

;;;;;;;;;;;;;;;;;;;;;;;;;;;

ERES Informática LTDA.;;;;;;PAG: 123;;;20/08/2026 - 09:44:21;;;025;

;;;;;;;;;;;;;;;;;;;;;;;;;;;
;;;;;;;;;;;;;;;;;;;;;;;;;

;;
;;;FRANCISCO LUCIANO ALVES HONORIO ME;;;;;;;
;;;Clientes por Vendedor  ;;;;;
;;

;;;;;;;;;;;;;;;;;;;;;;;;;

Código;Nome Cliente;;;;Cidade;;;;UF;CEP;;FONE;;;C.P.F./C.N.P.J;;R.G./C.G.F.;;;
Nome Fantasia;;;;Bairro;;;;Endereço;;;;;

Vendedor:;6228;;DÁRIO GLEDSON DA ROCHA PEREIRA NETO;;;;;;;;;;;;;;;;;
6571;CICERO RICARDO FULGENCIO RODRIGUES;;;;CRATO;;;;CE;63.100-555;;(88)99282-8355;;;46.2.1.98./463--20;;isento;;;
;;;;PALMEIRAL;;;;RUA ANDRE CARTAXO, 547;;;;;;;;;;;

;;;;;;;;;;;;;;;;;;;;;;;;;

6543;CÁSSIA CARVALHO;;;;JUAZEIRO DO NORTE;;;;CE;  .   -   ;;(  )     -    ;;;  .   .   /    -  ;;;;;
CÁSSIA;;;;SÃO JOSÉ;;;;R. ASSIS DE MELO, BAIRRO SÃO JOSÉ, 363;;;;;;;;;;;

;;;;;;;;;;;;;;;;;;;;;;;;;

6228;DÁRIO GLEDSON DA ROCHA PEREIRA NETO;;;;CRATO;;;;CE;63.125-040;;(  )     -    ;;;005.886.233-18;;2002034023469;;;
DARIO;;;;MIRANDÃO;;;;R. SEN. CARLOS JEREISSTI, 175;;;;;;;;;;;

;;;;;;;;;;;;;;;;;;;;;;;;;

6564;EDINARLA CHAIANE SILVINO DA SILVA;;;;CRATO;;;;CE;63.113-665;;(  )     -    ;;;01.5.3.22./323--57;;ISENTO;;;
;;;;SEMINÁRIO;;;;RU CTE MARCELO TEIXEIRA, 195;;;;;;;;;;;

;;;;;;;;;;;;;;;;;;;;;;;;;

6576;EMERSON SOUSA DE MELO;;;;CRATO;;;;CE;63.100-000;;(  )     -    ;;;03.639.484/304 -  ;;ISENTO;;;
;;;;SEMINÁRIO;;;;AV JOAO ALVES ROCHA, 10;;;;;;;;;;;

;;;;;;;;;;;;;;;;;;;;;;;;;

6541;EUDIANE FULGÊNCIO PINHEIRO;;;;CRATO;;;;CE;63.100-000;;(88)99650-9646;;;048..32.9.6-73-20;;;;;
;;;;LAMEIRO;;;;RUA ISABEL GOMES DUARTE, 40;;;;;;;;;;;

;;;;;;;;;;;;;;;;;;;;;;;;;

6545;GEORGE FERREIRA;;;;CRATO;;;;CE;63.100-000;;(88)99852-0031;;;   .   .   -  ;;;;;
;;;;MURITI;;;;SEMINÁRIO BATISTA DO CARIRI, 0;;;;;;;;;;;

;;;;;;;;;;;;;;;;;;;;;;;;;

6546;JAMILTON JUNIOR SARAIVA CORDEIRO;;;;JUAZEIRO DO NORTE;;;;CE;63.041-100;;(88)98849-5781;;;07.250.883/3-80-  ;;;;;
JAMILTON JUNIOR;;;;TRIANGULO;;;;RUA MARIA AURORA DA CONCEIÇÃO, 690;;;;;;;;;;;

;;;;;;;;;;;;;;;;;;;;;;;;;

6557;LUIZ HENRIQUE DE AGUIAR;;;;CRATO;;;;CE;63.100-000;;(  )     -    ;;;  .   .   /    -  ;;;;;
;;;;SÃO MIGUEL;;;;TRAVESSA JARDIM, 13;;;;;;;;;;;

;;;;;;;;;;;;;;;;;;;;;;;;;

6547;MÁRCIO PEREIRA GONÇALVES;;;;CRATO;;;;CE;63.100-000;;(88)99711-0162;;;003..90.5.6-33-31;;;;;
;;;;GRANJEIRO;;;;RUA ALDA ALENCAR PEREIRA , 105;;;;;;;;;;;

;;;;;;;;;;;;;;;;;;;;;;;;;

6572;PEDRO GULHIERME FULGENCIO SILVESTRE;;;;CRATO;;;;CE;63.100-000;;(  )     -    ;;;03.520.316/382 -  ;;ISENTO;;;
;;;;MIRANDÃO;;;;RUA PEDRO MORAIS DE BRITO, 266;;;;;;;;;;;

;;;;;;;;;;;;;;;;;;;;;;;;;

;;;;;;;;;;;;;;;;;;;;;;;;;

ERES Informática LTDA.;;;;;;PAG: 124;;;20/08/2026 - 09:44:21;;;025;

;;;;;;;;;;;;;;;;;;;;;;;;;
;;;;;;;;;;;;;;;;;;;;;;;;;;;

;;
;;;FRANCISCO LUCIANO ALVES HONORIO ME;;;;;;;
;;;Clientes por Vendedor  ;;;;;
;;

;;;;;;;;;;;;;;;;;;;;;;;;;;;

Código;Nome Cliente;;;;;;Cidade;;;;UF;CEP;;FONE;;;C.P.F./C.N.P.J;;R.G./C.G.F.;;;
Nome Fantasia;;;;;;Bairro;;;;Endereço;;;;;

6581;RAFAELA DE ALCANTARA PEREIRA;;;;;;IGUATU;;;;CE;63.508-160;;(88)99677-6515;;;38.2.4.40./468--05;;isento;;;
SUPERMERCADO ALCANTARA;;;;;;BAIRRO AREIAS;;;;RUA JOSE CAIEIRAS, 20;;;;;;;;;;;

;;;;;;;;;;;;;;;;;;;;;;;;;;;

6382;RODRIGO LEITE MACEDO;;;;;;CRATO;;;;CE;63.125-060;;(88)99669-0899;;;24.975.481/0001-19;;065315766;;;
RODRIGO;;;;;;MIRANDAO;;;;PROFESSOR FILGUEIRA SAMPAIO, 342;;;;;;;;;;;

;;;;;;;;;;;;;;;;;;;;;;;;;;;

Clientes listados Vendedor:;;;;;;;;13;;;;;;;;;;;;;;;;;;;

Vendedor:;6242;;ITALO HENRIQUE SIEBRA HONORIO;;;;;;;;;;;;;;;;;;;
7454;ITALO H.S. HONORIO;;;;;;CRATO;;;;CE;63.100-040;;(88)98171-6145;;;49.595.546/0001-21;;071154710;;;
MIX CRATO ;;;;;;CENTRO;;;;RUA SANTOS DUMONT , 67;;;;;;;;;;;

;;;;;;;;;;;;;;;;;;;;;;;;;;;

6243;M & V5 SOLUÇÕES;;;;;;JUAZEIRO DO NORTE;;;;CE;63.021-358;;(  )     -    ;;;374.236.770-00142;;;;;
M & V5 SOLUÇÕES;;;;;;AEROPORTO;;;;R JOSE ALVES RIBEIRO, 118;;;;;;;;;;;

;;;;;;;;;;;;;;;;;;;;;;;;;;;

6241;MIX RACOES EIRELI;;;;;;JUAZEIRO DO NORTE;;;;CE;63.050-262;;(88)35124-934 ;;;31.862.868/0001-24;;067867936;;;
MIX RACOES;;;;;;SALESIANOS;;;;RUA SAO PAULO, 1216;;;;;;;;;;;

;;;;;;;;;;;;;;;;;;;;;;;;;;;

Clientes listados Vendedor:;;;;;;;;3;;;;;;;;;;;;;;;;;;;

Vendedor:;6372;;GEIZIANE ALVES DA SILVA;;;;;;;;;;;;;;;;;;;
6383;ANTONIO TRIGUEIRO DOS SANTOS;;;;;;CRATO;;;;CE;60.100-000;;(88)99841-8670;;;07.535.586/0002-19;;;;;
MARCADINHO TRIGUEIRO;;;;;;CENTRO;;;;RUA CORONEL LUIZ TEXEIRO, 1129;;;;;;;;;;;

;;;;;;;;;;;;;;;;;;;;;;;;;;;

6378;LEANDRO RODRIGUES DE ALBUQUERQUE;;;;;;CRATO;;;;CE;63.100-000;;(88)99247-223 ;;;995.499.483-15;;;;;
LEANDRO RODRIGUES;;;;;;VILA ALTA;;;;RUA PRESIDENTE KENEDY , 690;;;;;;;;;;;

;;;;;;;;;;;;;;;;;;;;;;;;;;;

6375;MARIA DE FATIMA SOARES TAVARES DE MARCEDO;;;;;;CRATO;;;;CE;63.107-205;;(88)99280-8964;;;569.131.173-53;;;;;
FAFA ;;;;;;SOSSEGO;;;;RUA HELENA NOGUEIRA DE LIMA, 720;;;;;;;;;;;

;;;;;;;;;;;;;;;;;;;;;;;;;;;

Clientes listados Vendedor:;;;;;;;;3;;;;;;;;;;;;;;;;;;;

;;;;;;;;;;;;;;;;;;;;;;;;;;;

ERES Informática LTDA.;;;;;;PAG: 125;;;20/08/2026 - 09:44:21;;;025;

;;;;;;;;;;;;;;;;;;;;;;;;;;;
;;;;;;;;;;;;;;;;;;;;;;;;;;;

;;
;;;FRANCISCO LUCIANO ALVES HONORIO ME;;;;;;;
;;;Clientes por Vendedor  ;;;;;
;;

;;;;;;;;;;;;;;;;;;;;;;;;;;;

Código;Nome Cliente;;;;;;Cidade;;;;UF;CEP;;FONE;;;C.P.F./C.N.P.J;;R.G./C.G.F.;;;
Nome Fantasia;;;;;;Bairro;;;;Endereço;;;;;

Vendedor:;6694;;JOAO PAULO ARRAIS;;;;;;;;;;;;;;;;;;;
6419;CARLOS ALBERTO DA SILVA;;;;;;CAMPOS SALES;;;;CE;63.150-000;;(88)99808-3910;;;34.401.931/0001-13;;069982651;;;
CASA DE RACAO CAMPOS SALES;;;;;;CENTRO;;;;RUA FRANCISCO DE CHAGAS ARRAES, 309;;;;;;;;;;;

;;;;;;;;;;;;;;;;;;;;;;;;;;;

Clientes listados Vendedor:;;;;;;;;1;;;;;;;;;;;;;;;;;;;

Vendedor:;6748;;HELIO GOMES PEREIRA;;;;;;;;;;;;;;;;;;;
6017;GESCA LUANA DIAS DA SILVA SOUSA;;;;;;CRATO;;;;CE;63.122-415;;(  )99842-6064;;;035.879.073-58;;;;;
RACOES;;;;;;SÃO MIGUEL;;;;RUA MINISTRO JOÃO GONÇALVES, 380;;;;;;;;;;;

;;;;;;;;;;;;;;;;;;;;;;;;;;;

Clientes listados Vendedor:;;;;;;;;1;;;;;;;;;;;;;;;;;;;

;;;;;;;;;;;;;;;;;;;;;;;;;;;

ERES Informática LTDA.;;;;;;PAG: 126;;;20/08/2026 - 09:44:21;;;025;

;;;;;;;;;;;;;;;;;;;;;;;;;;;
;;;;;;;;;;;;;;;;;;;;;;;;;

;;
;;;FRANCISCO LUCIANO ALVES HONORIO ME;;;;;;;
;;;Clientes por Vendedor  ;;;;;
;;

;;;;;;;;;;;;;;;;;;;;;;;;;

Código;Nome Cliente;;;;Cidade;;;;UF;CEP;;FONE;;;C.P.F./C.N.P.J;;R.G./C.G.F.;;;
Nome Fantasia;;;;Bairro;;;;Endereço;;;;;

Vendedor:;6804;;FERNANDO ALENCAR DE OLIVEIRA;;;;;;;;;;;;;;;;;
5256;ADAILTON LOURENCO DE FREITAS;;;;CRATO;;;;CE;63.113-750;;(88) 9911-6575;;;884.716.403-68;;;;;
BOM BIFE/ VIZINHO AO POINT DO HAMBURGUER;;;;SEMINARIO;;;;RUA DIOGENES FRAZAO, 975;;;;;;;;;;;

;;;;;;;;;;;;;;;;;;;;;;;;;

4180;ADALBERTO PAULINO DE SOUZA;;;;CRATO;;;;CE;63.100-000;;(88) 9905-0883;;;048.971.443-96;;;;;
;;;;CENTRO;;;;RUA HERMENEGILDO FIRMESA, 329;;;;;;;;;;;

;;;;;;;;;;;;;;;;;;;;;;;;;

711;ADALGISA MARIA DE BRITO PEREIRA;;;;CRATO;;;;CE;  .   -   ;;( 8)8 521-4122;;;905.951.903-59;;;;;
ADALGISA;;;;SEMINARIO;;;;R. DUARTE JUNIOR, 20;;;;;;;;;;;

;;;;;;;;;;;;;;;;;;;;;;;;;

6186;ADRIANA MARIA DE MELO ROCHA FELIX;;;;CRATO;;;;CE;63.122-365;;(  )98817-3630;;;29.657.015/0001-09;;23803281764;;;
MINI BOX ZERO HORA;;;;SÃO MIGUEL HOSPITAL SÃO MIGUEL;;;;RUA JOSE PINHEIRO ESMERALDO, 39;;;;;;;;;;;

;;;;;;;;;;;;;;;;;;;;;;;;;

3235;AFONSO JOAO DA SILVA;;;;BARBALHA;;;;CE;63.180-000;;(  )     -    ;;;092.144.023-53;;;;;
;;;;ALTO DA ALEGRIA;;;;R. JOSE DE NOCA, 309;;;;;;;;;;;

;;;;;;;;;;;;;;;;;;;;;;;;;

5250;AILA MARIA CARDOSO DA ROCHA ME;;;;JUAZEIRO DO NORTE;;;;CE;63.010-125;;( 8)89998-1600;;;23.587.512/0001-00;;063536757;;;
MARIO/ MUNDO PET BIRDS;;;;CENTRO;;;;RUA SAO PAULO, 1081;;;;;;;;;;;

;;;;;;;;;;;;;;;;;;;;;;;;;

2167;ALDEMIR DE LIMA LOIOLA ME;;;;CRATO;;;;CE;63.101-070;;(88) 3521-5434;;;09.357.679/0001-45;;063588340;;;
COMERCIAL GORDINHO;;;;PINTO MADEIRA;;;;RUA DOM MELO, 988;;;;;;;;;;;

;;;;;;;;;;;;;;;;;;;;;;;;;

364;ALDEZIRO LOPES MOURA;;;;JUAZEIRO DO NORTE;;;;CE;63.100-180;;(88) 8833-4072;;;326.810.463-00;;;;;
ALDEZIRO LOPES;;;;PIO XII;;;;MERCADO PIO XII, 42;;;;;;;;;;;

;;;;;;;;;;;;;;;;;;;;;;;;;

6802;ALEXANDRE FEITOSA SILVA;;;;JUAZEIRO DO NORTE;;;;CE;  .   -   ;;(88)98868-9490;;;33.086.255/0001-78;;;;;
MERCANTIL FEITOSA;;;;TIRADENTES;;;;RUA JOSE ANTÔNIO DE ARAÚJO, 4;;;;;;;;;;;

;;;;;;;;;;;;;;;;;;;;;;;;;

714;ALEXANDRE XAVIER DE SA EPP;;;;BARBALHA;;;;CE;63.186-000;;( 8)83532-2159;;;03.604.594/0001-38;;06.291.608-4;;;
EDMAR DE SA;;;;CENTRO;;;;R.DOS CARIRIS, 189;;;;;;;;;;;

;;;;;;;;;;;;;;;;;;;;;;;;;

4089;ALEXSANDRA REINALDO DIAS;;;;JUAZEIRO DO NORTE;;;;CE;63.050-115;;( 8)83587-1575;;;15.166.179/0001-29;;065940857;;;
PATAS E PELOS;;;;CENTRO;;;;R. PIO IX, 981;;;;;;;;;;;

;;;;;;;;;;;;;;;;;;;;;;;;;

;;;;;;;;;;;;;;;;;;;;;;;;;

ERES Informática LTDA.;;;;;;PAG: 127;;;20/08/2026 - 09:44:21;;;025;

;;;;;;;;;;;;;;;;;;;;;;;;;
;;;;;;;;;;;;;;;;;;;;;;;;

;;
;;;FRANCISCO LUCIANO ALVES HONORIO ME;;;;;;;
;;;Clientes por Vendedor  ;;;;;
;;

;;;;;;;;;;;;;;;;;;;;;;;;

Código;Nome Cliente;;;Cidade;;;;UF;CEP;;FONE;;;C.P.F./C.N.P.J;;R.G./C.G.F.;;;
Nome Fantasia;;;Bairro;;;;Endereço;;;;;

6121;ALEXSANDRO PATRICIO MESQUITA DE OLIVEIRA;;;JUAZEIRO DO NORTE;;;;CE;63.036-060;;(  )99780-1876;;;24.068.291/0001-18;;064839826;;;
COMERCIAL OLIVEIRA LOBO;;;BETOLANDIA;;;;ANA PEREIRA DA SILVA, 887;;;;;;;;;;;

;;;;;;;;;;;;;;;;;;;;;;;;

167;ALUISIO ALVES DE MATOS & CIA LTDA ME;;;CRATO;;;;CE;63.100-050;;(88) 3521-3893;;;01.697.974/0001-39;;069844798;;;
MARIA ADIE/ MERCADINHO MATOS;;;CENTRO;;;;RUA DOUTOR JOAO PESSOA, 73;;;;;;;;;;;

;;;;;;;;;;;;;;;;;;;;;;;;

3674;ALZIRENE DUARTE DIAS;;;JUAZEIRO DO NORTE;;;;CE;  .   -   ;;( 8)83511-1400;;;005.413.193-61;;;;;
;;;TIMBAUBA;;;;R.ANTONIA MARIA DA CONCEIÇAO, 372;;;;;;;;;;;

;;;;;;;;;;;;;;;;;;;;;;;;

2477;ALZIRENE DUARTE DIAS;;;JUAZEIRO DO NORTE;;;;CE;  .   -   ;;(88) 8807-7611;;;005.413.193-61;;;;;
;;;TIMBAUBAS;;;;R.ANTONIA MARIA DA CONCEICAO , 372;;;;;;;;;;;

;;;;;;;;;;;;;;;;;;;;;;;;

4135;ANA CAROLINE SILVA DE OLIVEIRA;;;BARBALHA;;;;CE;63.180-000;;( 8)83532-2017;;;12.317.015/0001-67;;064062953;;;
;;;SANTO ANTONIO;;;;AV PAULO MAURICIO, 432;;;;;;;;;;;

;;;;;;;;;;;;;;;;;;;;;;;;

5158;ANA GONCALVES BARBOSA;;;CRATO;;;;CE;63.100-000;;(88) 9482-0875;;;955.364.773-15;;;;;
VILA DO PAU EM PE;;;GRANJEIRO;;;;RUA ANGELO FIGUEIREDO, 174;;;;;;;;;;;

;;;;;;;;;;;;;;;;;;;;;;;;

6162;ANDRE FELIPE DE SA BARRETO;;;BARBALHA;;;;CE;63.180-000;;(  )99419-3828;;;31.051.371/0001-26;;00066156351;;;
CASA DA RACAO;;;ROSARINHO;;;;RUA MESTRE CECENTE, 125;;;;;;;;;;;

;;;;;;;;;;;;;;;;;;;;;;;;

5510;ANTEMAR DE MACEDO MOTA;;;CRATO;;;;CE;63.122-000;;(  )99204-2727;;;798.203.103-00;;96029509500;;;
MERCADINHO DO BAIRRO;;;VILA ALTA;;;;RUA JOAO FILIPE, 75;;;;;;;;;;;

;;;;;;;;;;;;;;;;;;;;;;;;

1265;ANTONIO ALVES SOBRINHO MERCEARIA ME;;;JUAZEIRO DO NORTE;;;;CE;63.020-150;;(  ) 3512-8982;;;00.420.151/0001-07;;069479437;;;
ANTONIO;;;FRANCISCANOS;;;;RUA CAMPOS ELISEO, 870;;;;;;;;;;;

;;;;;;;;;;;;;;;;;;;;;;;;

135;ANTONIO CESAR LANDIM ME;;;CRATO;;;;CE;63.101-020;;(88) 3521-4873;;;10.175.259/0001-27;;060008571;;;
;;;ALTO DA PENHA;;;;RUA PADRE IBIAPINA, 804;;;;;;;;;;;

;;;;;;;;;;;;;;;;;;;;;;;;

2004;ANTONIO DE SOUZA BRITO;;;JUAZEIRO DO NORTE;;;;CE;  .   -   ;;( 8)83571-6887;;;387.383.503-78;;;;;
ANTONIO;;;JOAO CABRAL;;;;R. SENHOR DO BONFIM, 616;;;;;;;;;;;

;;;;;;;;;;;;;;;;;;;;;;;;

1993;ANTONIO DOS SANTOS ME;;;BARBALHA;;;;CE;63.180-000;;( 8)83532-3131;;;174.895.393-15;;06.022.145-31;;;
;;;ALTO DA ALEGRIA;;;;R.ANTONIO DUARTE, 229, 0;;;;;;;;;;;

;;;;;;;;;;;;;;;;;;;;;;;;

;;;;;;;;;;;;;;;;;;;;;;;;

ERES Informática LTDA.;;;;;PAG: 128;;;20/08/2026 - 09:44:21;;;025;

;;;;;;;;;;;;;;;;;;;;;;;;
;;;;;;;;;;;;;;;;;;;;;;;;

;;
;;;FRANCISCO LUCIANO ALVES HONORIO ME;;;;;;;
;;;Clientes por Vendedor  ;;;;;
;;

;;;;;;;;;;;;;;;;;;;;;;;;

Código;Nome Cliente;;;Cidade;;;;UF;CEP;;FONE;;;C.P.F./C.N.P.J;;R.G./C.G.F.;;;
Nome Fantasia;;;Bairro;;;;Endereço;;;;;

6808;ANTONIO EDINELDO IZIDORO ALVES;;;CRATO;;;;CE;63.113-643;;(88)99970-0684;;;963.613.953-91;;97029041891;;;
MERCADINHO NL;;;NOVO CRATO;;;;RUA LAVRAS DA MANGABEIRA, 1300;;;;;;;;;;;

;;;;;;;;;;;;;;;;;;;;;;;;

1980;ANTONIO FERNANDES PINTO;;;BARBALHA;;;;CE;63.180-000;;(  )99808-7526;;;00.796.272/0001-40;;069629730;;;
MERCEARIA DE NETA;;;MALVINAS;;;;RUA P-07, 20;;;;;;;;;;;

;;;;;;;;;;;;;;;;;;;;;;;;

1776;ANTONIO FERREIRA LIMA GEN. ALIMENT-ME;;;JUAZEIRO DO NORTE;;;;CE;63.020-020;;(  )     -    ;;;07.118.268/0001-71;;068484356;;;
ANTONIO FERREIRA;;;FRANCISCANOS;;;;R. MONSENHOR ESMERALDO, 700;;;;;;;;;;;

;;;;;;;;;;;;;;;;;;;;;;;;

125;ANTONIO FURTADO DA CRUZ;;;BARBALHA;;;;CE;  .   -   ;;( 8)89231-0454;;;140.617.083-68;;;;;
;;;CENTRO;;;;AV. JULIS RIMET, 578;;;;;;;;;;;

;;;;;;;;;;;;;;;;;;;;;;;;

6199;ANTONIO LUCIANO NUNES DA SILVA;;;BARBALHA;;;;CE;63.180-000;;(88)99646-5661;;;25.146.437/0001-69;;065344049;;;
SACOLAO DO NINHA;;;MALVINAS;;;;RUA P 9, 4;;;;;;;;;;;

;;;;;;;;;;;;;;;;;;;;;;;;

815;ANTONIO NILDEVA GOMES ALENCAR;;;CRATO;;;;CE;  .   -   ;;( 8)83521-7779;;;00.437.037/0001-81;;06.268.632-1;;;
;;;VILA ALTA;;;;R. GETULIO VARGAS, 750, 0;;;;;;;;;;;

;;;;;;;;;;;;;;;;;;;;;;;;

3317;ANTONIO NUNES DA SILVA;;;BARBALHA;;;;CE;63.180-000;;(88) 3532-3669;;;02.623.839/0001-01;;062686704;;;
;;;CIROLANDIA;;;;R. LIDIO DE FREITAS, 625;;;;;;;;;;;

;;;;;;;;;;;;;;;;;;;;;;;;

4725;ANTONIO PATRICIO SOUSA MICROEMPRESA;;;CRATO;;;;CE;63.102-090;;( 8)83523-6102;;;10.486.947/0001-08;;06.372466-9;;;
;;;VILA LOBO;;;;R. ANTONIO ANTUERPIO G., 192;;;;;;;;;;;

;;;;;;;;;;;;;;;;;;;;;;;;

723;ANTONIO PAULO GOMES;;;BARBALHA;;;;CE;  .   -   ;;(  )     -    ;;;07.333.156/0001-33;;06.848.047-4;;;
;;;VILA STO.ANTONI;;;;AV. PAULO MAURICIO SAMPAIO, 314;;;;;;;;;;;

;;;;;;;;;;;;;;;;;;;;;;;;

4454;ANTONIO PEREIRA PATRICIO;;;BARBALHA;;;;CE;63.180-000;;(  )     -    ;;;540.584.653-87;;;;;
;;;CIROLANDIA;;;;R. L 10, 181;;;;;;;;;;;

;;;;;;;;;;;;;;;;;;;;;;;;

3392;ANTONIO REIS SILVA;;;JUAZEIRO DO NORTE;;;;CE;63.050-640;;(88) 3571-1741;;;10.339.549/0001-69;;063691566;;;
;;;ROMEIRAO;;;;RUA JOSE PARACAMPOS, 260;;;;;;;;;;;

;;;;;;;;;;;;;;;;;;;;;;;;

5415;ANTONIO ROBERIO CRUZ RIBEIRO;;;CRATO;;;;CE;63.000-100;;(  ) 3523-3708;;;214.519.153-49;;;;;
DOG LAR;;;CENTRO;;;;RUA TRISTAO GONCALVES, 447;;;;;;;;;;;

;;;;;;;;;;;;;;;;;;;;;;;;

;;;;;;;;;;;;;;;;;;;;;;;;

ERES Informática LTDA.;;;;;PAG: 129;;;20/08/2026 - 09:44:21;;;025;

;;;;;;;;;;;;;;;;;;;;;;;;
;;;;;;;;;;;;;;;;;;;;;;;;

;;
;;;FRANCISCO LUCIANO ALVES HONORIO ME;;;;;;;
;;;Clientes por Vendedor  ;;;;;
;;

;;;;;;;;;;;;;;;;;;;;;;;;

Código;Nome Cliente;;;Cidade;;;;UF;CEP;;FONE;;;C.P.F./C.N.P.J;;R.G./C.G.F.;;;
Nome Fantasia;;;Bairro;;;;Endereço;;;;;

3310;ANTONIO RONALDO DA S. GONCALVES;;;BARBALHA;;;;CE;63.180-000;;( 8)83532-1303;;;004.718.963-06;;;;;
;;;ROSARIO;;;;R. ANTONIO FIDELIS DE ARAUJO, 49;;;;;;;;;;;

;;;;;;;;;;;;;;;;;;;;;;;;

5162;ANTONIO SOUZA DA COSTA;;;BARBALHA;;;;CE;63.180-000;;(88)99220-3725;;;831.291.893-00;;;;;
MERCADINHO SANTO ANTONIO;;;SANTA TEREZINHA;;;;RUA T 12, 5;;;;;;;;;;;

;;;;;;;;;;;;;;;;;;;;;;;;

2704;APARECIDA CARLOS DA SILVA DE MACEDO;;;BARBALHA;;;;CE;63.180-000;;( 8)83532-0411;;;07.903.242/0001-34;;061923133;;;
;;;MALVINAS;;;;RUA T 03  SANTA TEREZINHA II, 644;;;;;;;;;;;

;;;;;;;;;;;;;;;;;;;;;;;;

3309;ATILIO BEZERRA GOMES;;;BARBALHA;;;;CE;63.180-000;;(88) 8828-9276;;;004.062.853-14;;;;;
MERCEARIA SAO JOAQUIM;;;CIROLANDIA;;;;RUA NOVA CIROLANDIA L 6, 64;;;;;;;;;;;

;;;;;;;;;;;;;;;;;;;;;;;;

3636;AURINETE BEZERRA LIMA;;;JUAZEIRO DO NORTE;;;;CE;63.000-000;;(88) 9657-5986;;;943.595.474-04;;;;;
PROX.A CRECHE;;;AEROPORTO;;;;R. JOAQUIM DA CRUZ, 767;;;;;;;;;;;

;;;;;;;;;;;;;;;;;;;;;;;;

425;BATISTA FERREIRA DA SILVA;;;JUAZEIRO DO NORTE;;;;CE;63.018-030;;(88) 3572-1102;;;69.710.697/0001-90;;069195994;;;
BATISTA;;;AEROPORTO;;;;RUA FRANCISCA PEREIRA LOPES, 286;;;;;;;;;;;

;;;;;;;;;;;;;;;;;;;;;;;;

256;C.G.DA COSTA MERCADINHO;;;JUAZEIRO DO NORTE;;;;CE;63.010-000;;( 8)8 512-4157;;;00.087.096/0001-77;;069324980;;;
BIAO;;;CENTRO;;;;RUA SAO PAULO, 491;;;;;;;;;;;

;;;;;;;;;;;;;;;;;;;;;;;;

2701;CARLA NILYANE DA SILVA;;;BARBALHA;;;;CE;  .   -   ;;( 8)83532-2114;;;09.462.842/0001-30;;06.360.607-0;;;
;;;CIROLANDIA;;;;AV JULIS  RIMET , 673;;;;;;;;;;;

;;;;;;;;;;;;;;;;;;;;;;;;

2014;CHIRLIANE OLIVEIRA DA SILVA ME;;;CRATO;;;;CE;63.100-150;;(  )     -    ;;;11.267.413/0001-53;;063880687;;;
ROBERIO;;;CENTRO;;;;R.MADRE ANA COUTO, 368;;;;;;;;;;;

;;;;;;;;;;;;;;;;;;;;;;;;

5566;CICERA CRISTINA V DOS SANTOS ;;;CRATO;;;;CE;63.104-130;;(  ) 9468-2839;;;07.196.033/0021-41;;5048756;;;
MERCANTIL DE LUCIANO DA D20;;;ALHO DA PEHHA;;;;RUA SATURNINO CADEIA , 60;;;;;;;;;;;

;;;;;;;;;;;;;;;;;;;;;;;;

1583;CICERA DA SILVA BARBOSA;;;JUAZEIRO DO NORTE;;;;CE;63.020-330;;(88) 9966-8355;;;792.405.773-00;;96029019766 SSP/CE;;;
CICERA;;;PIO XII;;;;R. CEL. NERY, 213;;;;;;;;;;;

;;;;;;;;;;;;;;;;;;;;;;;;

3206;CICERA GOMES CORDEIRO;;;JUAZEIRO DO NORTE;;;;CE;63.050-300;;(88) 8821-7570;;;466.235.743-87;;99029119072 ;;;
PROX.AO DERA BAR;;;SANTA TEREZA;;;;R. TODOS OS SANTOS, 1384;;;;;;;;;;;

;;;;;;;;;;;;;;;;;;;;;;;;

;;;;;;;;;;;;;;;;;;;;;;;;

ERES Informática LTDA.;;;;;PAG: 130;;;20/08/2026 - 09:44:21;;;025;

;;;;;;;;;;;;;;;;;;;;;;;;
;;;;;;;;;;;;;;;;;;;;;;;;

;;
;;;FRANCISCO LUCIANO ALVES HONORIO ME;;;;;;;
;;;Clientes por Vendedor  ;;;;;
;;

;;;;;;;;;;;;;;;;;;;;;;;;

Código;Nome Cliente;;;Cidade;;;;UF;CEP;;FONE;;;C.P.F./C.N.P.J;;R.G./C.G.F.;;;
Nome Fantasia;;;Bairro;;;;Endereço;;;;;

424;CICERA OLIVEIRA SILVA;;;JUAZEIRO DO NORTE;;;;CE;63.018-030;;( 8)83572-2299;;;326.278.823-68;;;;;
EVERARDO;;;AEROPORTO;;;;RUA FRANCISCA PEREIRA LOPES, 679;;;;;;;;;;;

;;;;;;;;;;;;;;;;;;;;;;;;

1862;CICERA PATRICIA DE SOUZA LIMA;;;BARBALHA;;;;CE;63.180-000;;(88) 9201-5913;;;012.932.253-98;;;;;
MERCEARIA PATRICIA;;;MALVINAS;;;;R. P.17, 4;;;;;;;;;;;

;;;;;;;;;;;;;;;;;;;;;;;;

4636;CICERA PEREIRA DA SILVA;;;CRATO;;;;CE;63.114-100;;(88) 9792-1037;;;05.133.065/0001-29;;066677580;;;
POR TRAS DA GREENDENE;;;SERTAOZINHO;;;;AV. ANTONIO ALENCAR ARARIPE, 442;;;;;;;;;;;

;;;;;;;;;;;;;;;;;;;;;;;;

5531;CICERO AGOSTINHO DA SILVA ME;;;CRATO;;;;CE;63.100-970;;(  )99340-9152;;;22.463.623/0001-33;;064519805;;;
ARMAZEM NEFRITA/ CONJUNTO CONVIVER;;;MIRANDAO;;;;RUA SAO NICOLAU, 244;;;;;;;;;;;

;;;;;;;;;;;;;;;;;;;;;;;;

3521;CICERO ARRUDA DE SOUSA;;;JUAZEIRO DO NORTE;;;;CE;63.000-000;;( 8)88825-2646;;;883.374.304-78;;;;;
ALDENICE;;;MUTIRAO;;;;R. JOAO PEDRO DE BARROS, 54;;;;;;;;;;;

;;;;;;;;;;;;;;;;;;;;;;;;

6065;CICERO DE OLIVEIRA HONORIO;;;CRATO;;;;CE;  .   -   ;;(  )99227-4256;;;000.000.000-00;;;;;
;;;PINTO MADEIRA;;;;RUA CEL LUDGERO, 175;;;;;;;;;;;

;;;;;;;;;;;;;;;;;;;;;;;;

5493;CICERO FRANCIVALDO SEMIAO VITORINO;;;CRATO;;;;CE;63.122-000;;(  )99659-5631;;;549.199.163-53;;99029035847;;;
MERCADINHO VITORINO;;;MURITI;;;;RUA SANTA HELENA, 33;;;;;;;;;;;

;;;;;;;;;;;;;;;;;;;;;;;;

2881;CICERO INALDO FERNANDES;;;BARBALHA;;;;CE;63.180-000;;(  )     -    ;;;09.163.135/0001-42;;062167367;;;
;;;CIROLANDIA;;;;RUA DO VISQUEIRO L10 , 168;;;;;;;;;;;

;;;;;;;;;;;;;;;;;;;;;;;;

5847;CICERO JEAN LEITE;;;CRATO;;;;CE;00.000-000;;(  )99933-0870;;;705.651.203-87;;;;;
PADRE CICERO MERCERIA;;;BRANCO MINHA CASA MINHA VIDA;;;;RUA. 8 , 28;;;;;;;;;;;

;;;;;;;;;;;;;;;;;;;;;;;;

3227;CICERO PAULO DA SILVA;;;BARBALHA;;;;CE;63.180-000;;( 8)83532-2568;;;415.244.893-87;;;;;
;;;MALVINAS;;;;RUA P 13, 144;;;;;;;;;;;

;;;;;;;;;;;;;;;;;;;;;;;;

380;CICERO PAULO DE OLIVEIRA;;;JUAZEIRO DO NORTE;;;;CE;63.020-000;;(  )98823-2932;;;928.321.133-20;;;;;
MERCADINHO SANTA EDVIRGEM;;;SALESIANOS;;;;RUA. PIO X, 869;;;;;;;;;;;

;;;;;;;;;;;;;;;;;;;;;;;;

722;CICERO PEDRO DE OLIVEIRA;;;BARBALHA;;;;CE;  .   -   ;;(  )     -    ;;;06.130.719/0001-23;;06.688.729-1;;;
;;;CIROLANDIA;;;;AV. PERIMETRAL OESTE, 431;;;;;;;;;;;

;;;;;;;;;;;;;;;;;;;;;;;;

;;;;;;;;;;;;;;;;;;;;;;;;

ERES Informática LTDA.;;;;;PAG: 131;;;20/08/2026 - 09:44:21;;;025;

;;;;;;;;;;;;;;;;;;;;;;;;
;;;;;;;;;;;;;;;;;;;;;;;;

;;
;;;FRANCISCO LUCIANO ALVES HONORIO ME;;;;;;;
;;;Clientes por Vendedor  ;;;;;
;;

;;;;;;;;;;;;;;;;;;;;;;;;

Código;Nome Cliente;;;Cidade;;;;UF;CEP;;FONE;;;C.P.F./C.N.P.J;;R.G./C.G.F.;;;
Nome Fantasia;;;Bairro;;;;Endereço;;;;;

6795;CICERO RANIEL PINHEIRO SILVA;;;JUAZEIRO DO NORTE;;;;CE;63.051-175;;(88)99603-2772;;;049.696.383-06;;;;;
MERCADINHO RANI - CICINHO;;;JOÃO CABRAL;;;;RUA PIO NOROES, 112;;;;;;;;;;;

;;;;;;;;;;;;;;;;;;;;;;;;

1266;CICERO SARAIVA DE LIMA;;;BARBALHA;;;;CE;  .   -   ;;( 8)83532-3468;;;584.702.553-04;;;;;
CICERO;;;CIROLANDIA;;;;R.L 10, 20;;;;;;;;;;;

;;;;;;;;;;;;;;;;;;;;;;;;

6051;CLAUDIANA  BENICIO DE ALMEIDA;;;CRATO;;;;CE;63.119-110;;(  ) 3521-4588;;;08.314.244/0001-50;;061993859;;;
MERCADINHO SANTA EDIWIRGE;;;CENTRO;;;;RUA HERMENEGILDO FIRMEZA, 248;;;;;;;;;;;

;;;;;;;;;;;;;;;;;;;;;;;;

6147;COMERCIO DE AVES E FRIOS JC LACERDA LTDA;;;JUAZEIRO DO NORTE;;;;CE;63.000-000;;(88)99721-1222;;;68.191.014/0001-73;;063612453;;;
JC AVICOLA;;;TIRADENTES;;;;RUA FRANCISCO DIAS GUIMARÃES, 707;;;;;;;;;;;

;;;;;;;;;;;;;;;;;;;;;;;;

6151;COSTA E ANDRADE MERCADINHO LTDA;;;JUAZEIRO DO NORTE;;;;CE;63.040-120;;( 8)83571-2344;;;08.503.372/0001-42;;062032755;;;
MERCADINHO ANDRADE;;;SÃO JOSE;;;;RUA ZEFERINDO PEDRO DOS SANTOS, 266;;;;;;;;;;;

;;;;;;;;;;;;;;;;;;;;;;;;

2959;CRISTIANO GUILHERME DOS SANTOS ME;;;BARBALHA;;;;CE;  .   -   ;;( 8)83532-1963;;;10.784.421/0001-04;;063777550;;;
;;;CIROLANDIA;;;;AV. DR PIO SAMPAIO, 555;;;;;;;;;;;

;;;;;;;;;;;;;;;;;;;;;;;;

6356;DAGINOLIA DE SOUSA;;;CRATO;;;;CE;66.311-350;;(  )99788-4746;;;33.517.827/0001-26;;23804070350;;;
MERCADINHO;;;SEMINÁRIO;;;;RUA CORONEL LUIS TEIXEIRA, 1356;;;;;;;;;;;

;;;;;;;;;;;;;;;;;;;;;;;;

1553;DAGNO RAFAEL SAMPAIO GRANGEIRO;;;BARBALHA;;;;CE;63.180-000;;( 8)88805-2455;;;08.011.283/0001-89;;06.194.626-5;;;
MERCANTIL SANTO ANTONIO;;;ZONA RURAL;;;;R. SITIO VENHA VER, 0;;;;;;;;;;;

;;;;;;;;;;;;;;;;;;;;;;;;

6788;DAMIAO DO NASCIMENTO GOMES;;;JUAZEIRO DO NORTE;;;;CE;63.046-460;;(88)99806-9242;;;618.888.413-62;;;;;
MERCADINHO DO DAMIAO;;;JARDIM GONZAGA - TRIÂNGULO. DIVISA;;;;RUA JOSE BEZERRA DA SILVA, 404;;;;;;;;;;;

;;;;;;;;;;;;;;;;;;;;;;;;

6176;DAMIAO LOPES DA SILVA;;;JUAZEIRO DO NORTE;;;;CE;63.100-000;;(  ) 9996-6393;;;176.295.511-34;;;;;
MERCANTIL SAO DAMIAO;;;PIRAJA;;;;RUA SAO DAMIAO, 749;;;;;;;;;;;

;;;;;;;;;;;;;;;;;;;;;;;;

6526;DANIEL SILVA LARANJEIRAS;;;JUAZEIRO DO NORTE;;;;CE;63.010-000;;(  ) 9673-4412;;;052.985.223-35;;;;;
MERCADINHO DO DANIEL;;;SÃO JOSE;;;;RUA JOSÉ SOBRINHO, 1402;;;;;;;;;;;

;;;;;;;;;;;;;;;;;;;;;;;;

2974;DARIO MACEDO SANTANA;;;BARBALHA;;;;CE;63.180-000;;( 8)89612-4155;;;06.302.809/0001-54;;066927501;;;
;;;RURAL;;;;SITIO SANTANA 02 , 230;;;;;;;;;;;

;;;;;;;;;;;;;;;;;;;;;;;;

;;;;;;;;;;;;;;;;;;;;;;;;

ERES Informática LTDA.;;;;;PAG: 132;;;20/08/2026 - 09:44:21;;;025;

;;;;;;;;;;;;;;;;;;;;;;;;
;;;;;;;;;;;;;;;;;;;;;;;;

;;
;;;FRANCISCO LUCIANO ALVES HONORIO ME;;;;;;;
;;;Clientes por Vendedor  ;;;;;
;;

;;;;;;;;;;;;;;;;;;;;;;;;

Código;Nome Cliente;;;Cidade;;;;UF;CEP;;FONE;;;C.P.F./C.N.P.J;;R.G./C.G.F.;;;
Nome Fantasia;;;Bairro;;;;Endereço;;;;;

5571;DAVI COELHO DE SA - ME;;;BARBALHA;;;;CE;63.180-000;;(  )99939-2886;;;11.445.862/0001-44;;064288919;;;
AGROPEC;;;BULANDEIRA;;;;AVENIDA LEAO SAMPAIO, 1320;;;;;;;;;;;

;;;;;;;;;;;;;;;;;;;;;;;;

5746;DAVID EDNALDO BEZERRA DOS SANTOS;;;JUAZEIRO DO NORTE;;;;CE;63.030-120;;(  )98882-8274;;;411.710.858-18;;0000000000;;;
DS PET SHOP;;;PIRAJA;;;;TODOS OS SANTOS, 1622;;;;;;;;;;;

;;;;;;;;;;;;;;;;;;;;;;;;

6192;DEBORA FIGUEIREDO TOMAZ;;;CRATO;;;;CE;63.113-220;;(88)99446-4690;;;31.250.056/0001-28;;067752764;;;
PET - OSS- ANIMAIS;;;NOVO CRATO;;;;RUA MARIO CORREIA DE OLIVEIRA, 21;;;;;;;;;;;

;;;;;;;;;;;;;;;;;;;;;;;;

1531;DIJHON CHARLES RODRIGUES DE SOUZA;;;CRATO;;;;CE;  .   -   ;;( 8)83518-8813;;;915.224.203-04;;99029323389 SSP/CE;;;
DIJHON CHILES;;;CONJ.NOVO CRATO;;;;R. ERON DE ALENCAR, 473;;;;;;;;;;;

;;;;;;;;;;;;;;;;;;;;;;;;

1409;DILMAR ALVES DE LIMA;;;CRATO;;;;CE;63.113-500;;( 8)83521-5718;;;348.338.203-82;;;;;
DILMAR;;;SEMINARIO;;;;R. CEL.LUIZ TEIXERA, 1459;;;;;;;;;;;

;;;;;;;;;;;;;;;;;;;;;;;;

1291;DINIZ SUPERMERCADO LIMITADA;;;JUAZEIRO DO NORTE;;;;CE;63.018-315;;( 8)83521-8461;;;03.123.142/0002-15;;063171678;;;
DINIZ SUPERMERCADO;;;PEDRINHAS;;;;RUA JOAO DIAS DE OLIVEIRA, 60;;;;;;;;;;;

;;;;;;;;;;;;;;;;;;;;;;;;

5749;DIONIZIO ANDERSON B ALVES;;;JUAZEIRO DO NORTE;;;;CE;63.030-120;;(  ) 3512-6052;;;029.506.663-61;;000000000000;;;
MERCADINHO SÃO MIGUEL;;;PIO XII;;;;CORONEL NERY, 306;;;;;;;;;;;

;;;;;;;;;;;;;;;;;;;;;;;;

898;DURVAL JR. BELEM DE LIMA-EPP;;;JUAZEIRO DO NORTE;;;;CE;63.020-000;;(88)98856-7182;;;06.981.433/0001-51;;06.696.888-7;;;
;;;PIO XII;;;;R. FORMOSA, 661;;;;;;;;;;;

;;;;;;;;;;;;;;;;;;;;;;;;

5946;EDER ROSA VIANA;;;JUAZEIRO DO NORTE;;;;CE;63.038-736;;(  ) 8150-3988;;;27.439.568/0001-60;;066452384;;;
MERCADO NOSSA CASA;;;BETOLANDIA;;;;AV PRESIDENTE CASTELO BRANCO, 74;;;;;;;;;;;

;;;;;;;;;;;;;;;;;;;;;;;;

6154;EDGLEDSON BARROS TEIXEIRA;;;JUAZEIRO DO NORTE;;;;CE;63.051-140;;(  )98848-6308;;;058.632.623-54;;;;;
MERCADINHO SAO FRANCISCO;;;JOAO CABRAL;;;;RUA PERPETUA CARNEIRO CUNHA, 1078;;;;;;;;;;;

;;;;;;;;;;;;;;;;;;;;;;;;

3281;EDILANIA PEREIRA LUNA ;;;BARBALHA;;;;CE;63.180-000;;(  )     -    ;;;798.578.843-34;;;;;
;;;ZONA RURAL;;;;SITIO LAGOA, 2917;;;;;;;;;;;

;;;;;;;;;;;;;;;;;;;;;;;;

1881;EDIMAR RADRIGUES ME;;;BARBALHA;;;;CE;63.180-000;;( 8)89929-7956;;;02.612.676/0001-61;;06.268.680-1;;;
EDIMAR;;;MALVINAS;;;;R. P TREZE, 29;;;;;;;;;;;

;;;;;;;;;;;;;;;;;;;;;;;;

;;;;;;;;;;;;;;;;;;;;;;;;

ERES Informática LTDA.;;;;;PAG: 133;;;20/08/2026 - 09:44:21;;;025;

;;;;;;;;;;;;;;;;;;;;;;;;
;;;;;;;;;;;;;;;;;;;;;;;;

;;
;;;FRANCISCO LUCIANO ALVES HONORIO ME;;;;;;;
;;;Clientes por Vendedor  ;;;;;
;;

;;;;;;;;;;;;;;;;;;;;;;;;

Código;Nome Cliente;;;Cidade;;;;UF;CEP;;FONE;;;C.P.F./C.N.P.J;;R.G./C.G.F.;;;
Nome Fantasia;;;Bairro;;;;Endereço;;;;;

6799;EDMILSON  PEREIRA DE SOUSA;;;JUAZEIRO DO NORTE;;;;CE;63.010-000;;(88)98869-3368;;;566.698.283-49;;223081792;;;
CASA DE PASSAROS EDMILSON. ENFRENTE AO MERC.DA.HORA.;;;SAO MIGUEL;;;;AVENIDA CARLOS CRUZ , 2477;;;;;;;;;;;

;;;;;;;;;;;;;;;;;;;;;;;;

4817;EDMILSON OLIVEIRA E SILVA;;;CRATO;;;;CE;63.100-000;;(88) 3521-7435;;;772.311.048-00;;;;;
ESQUINA COM RUA DA PENHA;;;CENTRO;;;;R. DOM PEDRO II, 357;;;;;;;;;;;

;;;;;;;;;;;;;;;;;;;;;;;;

6791;EDUARDO FERREIRA ALVES ;;;JUAZEIRO DO NORTE;;;;CE;63.046-090;;(88)98827-1705;;;24.467.461/0001-37;;06.491670-7;;;
MERCADINHO DO EDUARDO;;;JARDIM GONZAGA;;;;RUA CERELINO QUEZADO FILGUEIRA, 400;;;;;;;;;;;

;;;;;;;;;;;;;;;;;;;;;;;;

5870;ELAINE CRISTINA MATOS MINA;;;JUAZEIRO DO NORTE;;;;CE;63.031-185;;(  )98823-8434;;;26.205.752/0001-82;;065442385;;;
CASA DA RACAO;;;TIRADENTES;;;;RUA RADIALISTA COELHO ALVES, 326;;;;;;;;;;;

;;;;;;;;;;;;;;;;;;;;;;;;

4249;ELDERSON DARCI BORGES;;;CRATO;;;;CE;  .   -   ;;(  )     -    ;;;986.941.626-87;;;;;
MURITI DE BAIXO;;;MURITI;;;;RUA NOSSA SENHORA APARECIDA, 355;;;;;;;;;;;

;;;;;;;;;;;;;;;;;;;;;;;;

3647;ELPIDIO ARAUJO JOVENTINO;;;JUAZEIRO DO NORTE;;;;CE;63.010-125;;( 8)88825-7851;;;14.246.798/0001-60;;065743504;;;
;;;CENTRO;;;;RUA SAO LUIZ, 65;;;;;;;;;;;

;;;;;;;;;;;;;;;;;;;;;;;;

6781;EMANUEL DE OLIVEIRA CARDOSO;;;JUAZEIRO DO NORTE;;;;CE;  .   -   ;;(88)99434-7614;;;35.218.913/0001-63;;06.261605-6;;;
MERCANTIL O BONZAO;;;SAO JOSE;;;;TV LIDER FRANCISCO ALVES SILVA, 120;;;;;;;;;;;

;;;;;;;;;;;;;;;;;;;;;;;;

727;ERASMO XAVIER DOS SANTOS;;;BARBALHA;;;;CE;  .   -   ;;( 8)8 532-1106;;;195.897.603-25;;187801-81;;;
ERASMO;;;CENTRO;;;;R. SENADOR ALENCAR, 258;;;;;;;;;;;

;;;;;;;;;;;;;;;;;;;;;;;;

5175;ERIBERTO LOURENCO FREITAS;;;CRATO;;;;CE;63.100-000;;(88) 9208-0667;;;730.499.803-20;;;;;
FECHADO DAS 13:00 AS 15:00;;;SEMINARIO;;;;RUA CEL LUIZ TEIXEIRA, 1823;;;;;;;;;;;

;;;;;;;;;;;;;;;;;;;;;;;;

2432;EVANDRO DOS SANTOS;;;BARBALHA;;;;CE;63.180-000;;( 8)89217-3677;;;622.306.623-68;;;;;
;;;ALTO DA ALEGRIA;;;;R.P 6 ,NUM. 258, 0;;;;;;;;;;;

;;;;;;;;;;;;;;;;;;;;;;;;

445;EVANDRO LIMEIRA FREITAS DINIZ;;;JUAZEIRO DO NORTE;;;;CE;63.000-000;;(88) 3571-1487;;;41.575.887/0001-23;;06.906.936-0;;;
EUNICE MERCANTIL;;;ROMEIRAO;;;;AV. AILTON GOMES, 2372;;;;;;;;;;;

;;;;;;;;;;;;;;;;;;;;;;;;

1816;EVANIA MARIA SARAIVA FEITOSA ME;;;JUAZEIRO DO NORTE;;;;CE;  .   -   ;;(  )     -    ;;;03.529.307/0001-72;;062898469;;;
EVANIA;;;FRANCISCANOS;;;;R. SAO BENEDITO, 1158;;;;;;;;;;;

;;;;;;;;;;;;;;;;;;;;;;;;

;;;;;;;;;;;;;;;;;;;;;;;;

ERES Informática LTDA.;;;;;PAG: 134;;;20/08/2026 - 09:44:21;;;025;

;;;;;;;;;;;;;;;;;;;;;;;;
;;;;;;;;;;;;;;;;;;;;;;;;

;;
;;;FRANCISCO LUCIANO ALVES HONORIO ME;;;;;;;
;;;Clientes por Vendedor  ;;;;;
;;

;;;;;;;;;;;;;;;;;;;;;;;;

Código;Nome Cliente;;;Cidade;;;;UF;CEP;;FONE;;;C.P.F./C.N.P.J;;R.G./C.G.F.;;;
Nome Fantasia;;;Bairro;;;;Endereço;;;;;

3323;EVANIRA DE ALCATARA COSTA;;;CRATO;;;;CE;63.119-185;;(88) 9922-1762;;;10.748.845/0001-13;;06.377.422-4;;;
VERDURAO SAO GERALDO;;;VILA ALTA;;;;AV. DESEMBARGADOR EDMILSON CRUZ NEVES, 294;;;;;;;;;;;

;;;;;;;;;;;;;;;;;;;;;;;;

4327;EVERALDO FERREIRA DE CALDAS;;;CRATO;;;;CE;  .   -   ;;(88)99258-8210;;;635.910.653-15;;;;;
MERC. ANASTACIA;;;MUTIRAO;;;;R. RAIMUNDO PAVILAR, 316;;;;;;;;;;;

;;;;;;;;;;;;;;;;;;;;;;;;

1181;EXPEDITO BARRETO AMERICO;;;CRATO;;;;CE;63.100-000;;( 8)83521-2694;;;35.064.609/0001-09;;068527080;;;
EXPEDITO AMERICO;;;PIMENTA;;;;RUA DR IRINEU PINHEIRO, 774;;;;;;;;;;;

;;;;;;;;;;;;;;;;;;;;;;;;

3280;EXPEDITO DE SOUZA SANTANA;;;BARBALHA;;;;CE;63.180-000;;(  )     -    ;;;055.631.808-08;;;;;
BAR DO PEBA;;;SITIO LAGOA;;;;AV. JOAO EVANGELISTA, S/N, 0;;;;;;;;;;;

;;;;;;;;;;;;;;;;;;;;;;;;

1744;F.A COMERCIO CEREAIS E FRIOS;;;JUAZEIRO DO NORTE;;;;CE;63.010-000;;( 8)83512-3076;;;06.337.102/0001-83;;06.694.259-4;;;
ROSANGELA;;;CENTRO;;;;R. SAO PAULO,617, 0;;;;;;;;;;;

;;;;;;;;;;;;;;;;;;;;;;;;

120;F.DE LUNA MERCANTIL;;;BARBALHA;;;;CE;63.180-000;;( 8)8 532-0248;;;032.940.430-00115;;06.283.776-1;;;
MERCANTIL SAO JOSE;;;CENTRO;;;;R. DO VIDEO, 178;;;;;;;;;;;

;;;;;;;;;;;;;;;;;;;;;;;;

3546;FABIANA LUNA S. BATISTA ME;;;CRATO;;;;CE;63.100-140;;( 8)89640-6446;;;13.370.212/0001-02;;06.555.536-8;;;
;;;CENTRO;;;;R. RATISBONA, 474;;;;;;;;;;;

;;;;;;;;;;;;;;;;;;;;;;;;

168;FCA. EUGENIA LOIOLA DE ASSIS OLIVEIRA;;;CRATO;;;;CE;  .   -   ;;( 8)8 523-7281;;;04.341.688/0001-24;;06.308.091-5;;;
;;;CENTRO;;;;R. MADRE ANA COUTO, 376;;;;;;;;;;;

;;;;;;;;;;;;;;;;;;;;;;;;

4324;FELISBERTO ALVES DA SILVA;;;JUAZEIRO DO NORTE;;;;CE;  .   -   ;;(  )     -    ;;;773.015.444-72;;;;;
;;;NOVO JUAZEIRO;;;;AV. CASTELO BRANCO, 4460;;;;;;;;;;;

;;;;;;;;;;;;;;;;;;;;;;;;

4786;FERNANDA DA SILVA LUNA SANTOS - ME;;;BARBALHA;;;;CE;63.180-000;;(88) 3574-1036;;;17.620.500/0001-29;;065166876;;;
ANTIGA ROSILENE  LUNA;;;SITIO LAGOA;;;;AV. JOAO EVANGELISTA SAMPAIO, 2914;;;;;;;;;;;

;;;;;;;;;;;;;;;;;;;;;;;;

1842;FLAVIO ALVES CORREIA;;;JUAZEIRO DO NORTE;;;;CE;63.010-210;;( 8)83511-4925;;;01.701.303/0001-02;;06.987.540-5;;;
FLAVIO;;;SAO MIGUEL;;;;R. SAO FRANCISCO,791, 0;;;;;;;;;;;

;;;;;;;;;;;;;;;;;;;;;;;;

1286;FRANCILENE SANTANA DA SILVA;;;JUAZEIRO DO NORTE;;;;CE;  .   -   ;;( 8)83571-8191;;;970.945.793-49;;2000029044627;;;
;;;SAO JOSE;;;;R.T.01(FINAL DA RUA), 0;;;;;;;;;;;

;;;;;;;;;;;;;;;;;;;;;;;;

;;;;;;;;;;;;;;;;;;;;;;;;

ERES Informática LTDA.;;;;;PAG: 135;;;20/08/2026 - 09:44:21;;;025;

;;;;;;;;;;;;;;;;;;;;;;;;
;;;;;;;;;;;;;;;;;;;;;;;;

;;
;;;FRANCISCO LUCIANO ALVES HONORIO ME;;;;;;;
;;;Clientes por Vendedor  ;;;;;
;;

;;;;;;;;;;;;;;;;;;;;;;;;

Código;Nome Cliente;;;Cidade;;;;UF;CEP;;FONE;;;C.P.F./C.N.P.J;;R.G./C.G.F.;;;
Nome Fantasia;;;Bairro;;;;Endereço;;;;;

145;FRANCISCA BEZERRA DE CARVALHO LOULA ME;;;CRATO;;;;CE;63.118-132;;( 8)8 523-8141;;;03.191.775/0001-80;;06.281.262-9;;;
;;;PARQUE RECREIO;;;;RUA PRES. GETULIO VARGAS, 628;;;;;;;;;;;

;;;;;;;;;;;;;;;;;;;;;;;;

1451;FRANCISCA DO NASCIMENTO SARAIVA ME;;;BARBALHA;;;;CE;63.180-000;;( 8)89202-9182;;;02.899.206/0001-20;;06.275.540-4;;;
CICERO SARAIVA;;;ALTO DA ALEGRIA;;;;R. DA AJUDA, 260;;;;;;;;;;;

;;;;;;;;;;;;;;;;;;;;;;;;

1985;FRANCISCA ELISANGELA SANTANA;;;BARBALHA;;;;CE;63.180-000;;(88) 3532-0893;;;040.845.133-50;;;;;
MERCADINHO SANTANA;;;ALTO DA ALEGRIA;;;;RUA DA AJUDA, 408;;;;;;;;;;;

;;;;;;;;;;;;;;;;;;;;;;;;

255;FRANCISCA FERREIRA VIEIRA;;;JUAZEIRO DO NORTE;;;;CE;63.011-010;;(88) 9642-1329;;;621.206.973-53;;147975188;;;
FRANCISCA;;;SOCORRO;;;;RUA LEANDRO BEZERRA, 445;;;;;;;;;;;

;;;;;;;;;;;;;;;;;;;;;;;;

2299;FRANCISCA LEOPOLDINA BEZERRA ME;;;JUAZEIRO DO NORTE;;;;CE;63.010-312;;(88) 3512-1600;;;11.728.318/0001-00;;061962406;;;
MERCADINHO MAE RAINHA;;;SOCORRO;;;;RUA ALENCAR PEIXOTO, 34;;;;;;;;;;;

;;;;;;;;;;;;;;;;;;;;;;;;

2805;FRANCISCA VALDNILDA RIBEIRO SAMPAIO;;;BARBALHA;;;;CE;63.180-000;;( 8)83532-1025;;;10.834.644/0001-39;;063790769;;;
MERCANTIL SAO FRANCISCO;;;CENTRO;;;;RUA 7 DE SETEMBRO , 44;;;;;;;;;;;

;;;;;;;;;;;;;;;;;;;;;;;;

6827;FRANCISCO AILTON LUCAS DE SOUZA;;;CRATO;;;;CE;63.105-172;;(88)98829-4053;;;349.103.013-72;;149161388;;;
MERCEARIA SAO FRANCISCO;;;PANTANAL;;;;RUA GERSON ZABULON, 61;;;;;;;;;;;

;;;;;;;;;;;;;;;;;;;;;;;;

2599;FRANCISCO ALDO DOS SANTOS;;;BARBALHA;;;;CE;63.180-000;;(  )99751-0208;;;223.696.513-34;;;;;
MERCEARIA DO ALDO;;;ROSARIO;;;;RUA HENRIQUE LOPES, 160;;;;;;;;;;;

;;;;;;;;;;;;;;;;;;;;;;;;

4211;FRANCISCO ALVES DA SILVA;;;JUAZEIRO DO NORTE;;;;CE;63.018-030;;(  )     -    ;;;151.291.444-49;;;;;
;;;AEROPORTO;;;;R.FRANCISCA PEREIRA LOPES, 78;;;;;;;;;;;

;;;;;;;;;;;;;;;;;;;;;;;;

3014;FRANCISCO ALVES MERCEARIA;;;CRATO;;;;CE;  .   -   ;;( 8)83521-3130;;;01.870.647/0001-37;;069886261;;;
;;;MURITI;;;;RUA DR. FRANCISCO ESMERALDO, 225;;;;;;;;;;;

;;;;;;;;;;;;;;;;;;;;;;;;

5274;FRANCISCO ANTONIO FIDELES ME;;;CRATO;;;;CE;63.100-150;;(88) 9234-3036;;;08.646.188/0001-51;;062058355;;;
AO LADO DO MERCADO;;;CENTRO;;;;RUA MADRE ANA COUTO, 248;;;;;;;;;;;

;;;;;;;;;;;;;;;;;;;;;;;;

2801;FRANCISCO ARNALDO SAMPAIO;;;BARBALHA;;;;CE;63.186-000;;( 8)83532-0106;;;06.571.442/0001-74;;06.848.004-0;;;
;;;ALTO DA ALEGRIA;;;;R.CEL. JOCA, 225;;;;;;;;;;;

;;;;;;;;;;;;;;;;;;;;;;;;

;;;;;;;;;;;;;;;;;;;;;;;;

ERES Informática LTDA.;;;;;PAG: 136;;;20/08/2026 - 09:44:21;;;025;

;;;;;;;;;;;;;;;;;;;;;;;;
;;;;;;;;;;;;;;;;;;;;;;;;

;;
;;;FRANCISCO LUCIANO ALVES HONORIO ME;;;;;;;
;;;Clientes por Vendedor  ;;;;;
;;

;;;;;;;;;;;;;;;;;;;;;;;;

Código;Nome Cliente;;;Cidade;;;;UF;CEP;;FONE;;;C.P.F./C.N.P.J;;R.G./C.G.F.;;;
Nome Fantasia;;;Bairro;;;;Endereço;;;;;

6275;FRANCISCO AZARIAS FERNANDES GALVAO;;;BARBALHA;;;;CE;63.180-000;;(  )99646-9732;;;813.812.713-91;;;;;
AZARIAS CITROMAX;;;CENTRO;;;;RUA SANTO DUMONT, 119;;;;;;;;;;;

;;;;;;;;;;;;;;;;;;;;;;;;

3806;FRANCISCO BEZERRA DE MORAIS;;;JUAZEIRO DO NORTE;;;;CE;  .   -   ;;( 8)89963-3718;;;156.966.773-04;;;;;
;;;JOSE GERALDO DA CRUZ;;;;AV.DOS UNIVERSITARIOS, 361;;;;;;;;;;;

;;;;;;;;;;;;;;;;;;;;;;;;

451;FRANCISCO CARLOS ALVES DE LIMA;;;JUAZEIRO DO NORTE;;;;CE;63.050-250;;(88) 3511-2311;;;35.033.380/0001-45;; 060683201;;;
CARLINHO;;;SALESIANO;;;;R. SENHORA SANTANA, 192;;;;;;;;;;;

;;;;;;;;;;;;;;;;;;;;;;;;

5105;FRANCISCO DE ASSIS DOS SANTOS;;;BARBALHA;;;;CE;63.180-000;;(88) 9705-9219;;;445.150.733-20;;;;;
;;;CENTRO;;;;RUA DOS CARIRIS, 74;;;;;;;;;;;

;;;;;;;;;;;;;;;;;;;;;;;;

103;FRANCISCO DE ASSIS G. DOS SANTOS ME;;;BARBALHA;;;;CE;63.180-000;;( 8)8 532-0985;;;02.467.664/0001-90;;06.266.414-0;;;
FCO.DE ASSIS;;;BELA VISTA;;;;AV. JULIS RIMET, 730;;;;;;;;;;;

;;;;;;;;;;;;;;;;;;;;;;;;

4158;FRANCISCO DERIVAILDO ALMEIDA DO NASCIMENTO ME;;;CRATO;;;;CE;63.101-220;;( 8)89730-1982;;;15.144.251/0001-17;;065936655;;;
;;;PINTO MADEIRA;;;;RUA MONSENHOR ESMERALDO, 659;;;;;;;;;;;

;;;;;;;;;;;;;;;;;;;;;;;;

5564;FRANCISCO E P LIMA;;;CRATO;;;;CE;63.109-000;;(  )  961-8307;;;43.214.055/0036-37;;22976883000102;;;
MERCADINHO E P;;;GRANGEIRO;;;;AV PEDRO GONCALVES NOROES, 425;;;;;;;;;;;

;;;;;;;;;;;;;;;;;;;;;;;;

6783;FRANCISCO EMERSON MATIAS SOUZA SILVA;;;JUAZEIRO DO NORTE;;;;CE;  .   -   ;;(88)98861-2582;;;074.483.183-06;;;;;
MERCADINHO DOIS IRMAOS;;;SAO JOSE;;;;RUA MOESIO DE SOUSA , 72;;;;;;;;;;;

;;;;;;;;;;;;;;;;;;;;;;;;

5488;FRANCISCO ERNANDES FERREIRA ALCANTARA;;;CRATO;;;;CE;63.113-440;;(88)99955-3827;;;685.162.663-20;;;;;
MERCADINHO ALCANTARA;;;SEMINARIO;;;;RUA TRAVESSA AURORA, 504;;;;;;;;;;;

;;;;;;;;;;;;;;;;;;;;;;;;

5095;FRANCISCO EUZEBIO NOGUEIRA;;;JUAZEIRO DO NORTE;;;;CE;63.020-330;;(88)99650-5978;;;012.184.713-60;;;;;
ANTIGA TEREZINHA NOGUEIRA/ EM FRENTE;;;LIMOEIRO;;;;RUA ANTONIO DIAS SOBREIRA, 358;;;;;;;;;;;

;;;;;;;;;;;;;;;;;;;;;;;;

3687;FRANCISCO FELIX DE MORAIS FILHO;;;JUAZEIRO DO NORTE;;;;CE;63.000-000;;(88) 8806-6904;;;566.747.163-91;;;;;
;;;AEROPORTO;;;;RUA MARIA DAS DORES, 1462;;;;;;;;;;;

;;;;;;;;;;;;;;;;;;;;;;;;

5335;FRANCISCO FRANCINILDO DA SILVA;;;BARBALHA;;;;CE;63.180-000;;(88) 9233-9036;;;16.950.400/0001-06;;066176867;;;
;;;MALVINAS;;;;RUA P 15, 28;;;;;;;;;;;

;;;;;;;;;;;;;;;;;;;;;;;;

;;;;;;;;;;;;;;;;;;;;;;;;

ERES Informática LTDA.;;;;;PAG: 137;;;20/08/2026 - 09:44:21;;;025;

;;;;;;;;;;;;;;;;;;;;;;;;
;;;;;;;;;;;;;;;;;;;;;;;;

;;
;;;FRANCISCO LUCIANO ALVES HONORIO ME;;;;;;;
;;;Clientes por Vendedor  ;;;;;
;;

;;;;;;;;;;;;;;;;;;;;;;;;

Código;Nome Cliente;;;Cidade;;;;UF;CEP;;FONE;;;C.P.F./C.N.P.J;;R.G./C.G.F.;;;
Nome Fantasia;;;Bairro;;;;Endereço;;;;;

1737;FRANCISCO FURTADO DA CRUZ ME;;;BARBALHA;;;;CE;63.180-000;;(  )     -    ;;;  .   .   /    -  ;;06.022.117-8;;;
FRANCISCO FURTADO;;;CENTRO;;;;R. PRINCESA ISABEL, 79;;;;;;;;;;;

;;;;;;;;;;;;;;;;;;;;;;;;

373;FRANCISCO MARCELINO DA SILVA;;;JUAZEIRO DO NORTE;;;;CE;63.010-000;;(88) 3512-9994;;;02.126.120/0001-65;;06.848.360-0;;;
ADELSON/ FECHA AS 16:00 ;;;CENTRO;;;;R. SAO PAULO, 479;;;;;;;;;;;

;;;;;;;;;;;;;;;;;;;;;;;;

5012;FRANCISCO MOREIRA DE MENEZES;;;JUAZEIRO DO NORTE;;;;CE;63.020-000;;(88) 8873-4872;;;245.359.583-00;;;;;
RESIDENCIA;;;PEDRINHAS;;;;R.AMANCIO BARBOSA DE SOUZA, 800;;;;;;;;;;;

;;;;;;;;;;;;;;;;;;;;;;;;

1714;FRANCISCO NASARIO DE LIMA;;;BARBALHA;;;;CE;63.180-000;;( 8)89212-0913;;;096.925.168-81;;695.635-83;;;
FRANCISCO;;;SITIO;;;;SITIO PELO SINAL,S/N, 0;;;;;;;;;;;

;;;;;;;;;;;;;;;;;;;;;;;;

3367;FRANCISCO RENATO DE SOUZA ME;;;CRATO;;;;CE;63.100-970;;( 8)88829-2326;;;10.613.961/0001-25;;06.374.486-4;;;
;;;BELAS ARTES;;;;R. RAIMUNDO SA CAVALCANTE, 168;;;;;;;;;;;

;;;;;;;;;;;;;;;;;;;;;;;;

2429;FRANCISCO ROBERTO PAULO DE ALMEIDA;;;BARBALHA;;;;CE;63.180-000;;( 8)89201-4633;;;00.416.943/0001-08;;060563850;;;
;;;CENTRO;;;;R. SENADOR ALENCAR, 364;;;;;;;;;;;

;;;;;;;;;;;;;;;;;;;;;;;;

3530;G.B LEITE MERCADINHO;;;JUAZEIRO DO NORTE;;;;CE;63.018-030;;( 8)83572-1096;;;06.246.187/0001-94;;066920817;;;
;;;AEROPORTO;;;;RUA FRANCISCA PEREIRA LOPES, 597;;;;;;;;;;;

;;;;;;;;;;;;;;;;;;;;;;;;

3267;GABRIEL RODRIGUES DOS SANTOS;;;BARBALHA;;;;CE;63.180-000;;( 8)89255-1801;;;349.094.003-20;;;;;
GABRIEL;;;CIROLANDIA;;;;AV. FORTALEZA, 233;;;;;;;;;;;

;;;;;;;;;;;;;;;;;;;;;;;;

6815;GENIVAL AMANCO DOS SANTOS;;;CRATO;;;;CE;63.113-635;;(88)99625-3430;;;813.197.383-20;;20081399558;;;
FRIGORIFICO PAZ E AMOR;;;SEMINÁRIO;;;;RUA DR. JOSÉ NILO, 72;;;;;;;;;;;

;;;;;;;;;;;;;;;;;;;;;;;;

116;GEORGE WALLACE FERREIRA DE BARROS;;;BARBALHA;;;;CE;63.180-000;;(88) 3532-1054;;;09.540.687/0001-22;;063623889;;;
MERC.CORDEIRO;;;CENTRO;;;;R. DO VIDEO, 100;;;;;;;;;;;

;;;;;;;;;;;;;;;;;;;;;;;;

2188;GERALDA BORGES DOS SANTOS;;;CRATO;;;;CE;63.100-000;;( 8)83521-0279;;;03.153.298/0001-68;;06.280.103-1;;;
SACOLAO DAS FRUTAS;;;CENTRO;;;;R.ALMIRANTE ALEXANDRINO, 776;;;;;;;;;;;

;;;;;;;;;;;;;;;;;;;;;;;;

452;GERALDO CARVALHO NOBREGA EPP;;;JUAZEIRO DO NORTE;;;;CE;63.482-000;;(88) 3511-2011;;;03.168.772/0001-25;;062805711;;;
;;;PIRAJA;;;;AVENIDA . AILTON GOMES, 1205;;;;;;;;;;;

;;;;;;;;;;;;;;;;;;;;;;;;

;;;;;;;;;;;;;;;;;;;;;;;;

ERES Informática LTDA.;;;;;PAG: 138;;;20/08/2026 - 09:44:21;;;025;

;;;;;;;;;;;;;;;;;;;;;;;;
;;;;;;;;;;;;;;;;;;;;;;;;

;;
;;;FRANCISCO LUCIANO ALVES HONORIO ME;;;;;;;
;;;Clientes por Vendedor  ;;;;;
;;

;;;;;;;;;;;;;;;;;;;;;;;;

Código;Nome Cliente;;;Cidade;;;;UF;CEP;;FONE;;;C.P.F./C.N.P.J;;R.G./C.G.F.;;;
Nome Fantasia;;;Bairro;;;;Endereço;;;;;

3250;GERALDO SOUZA DOS SANTOS;;;BARBALHA;;;;CE;63.180-000;;(88) 3532-2017;;;10.716.885/0001-83;;06.376.378-8;;;
;;;ALTO DA ALEGRIA;;;;AV. ANTONIO MANOEL DE QUEIROZ, 266;;;;;;;;;;;

;;;;;;;;;;;;;;;;;;;;;;;;

2431;GERSON NOVAIS DOS SANTOS;;;BARBALHA;;;;CE;63.180-000;;( 8)83532-0958;;;173.086.583-68;;;;;
;;;ROSARIO;;;;R. HENRIQUE LOPES, 172;;;;;;;;;;;

;;;;;;;;;;;;;;;;;;;;;;;;

3041;GERUSA RIBEIRO JUSTO;;;CRATO;;;;CE;63.050-640;;( 8)83521-1103;;;07.375.806/0001-03;;061883115;;;
;;;CENTRO;;;;RUA MONSENHOR ESMERALDO, 733;;;;;;;;;;;

;;;;;;;;;;;;;;;;;;;;;;;;

720;GESINALDO SOARES DE OLIVEIRA;;;CRATO;;;;CE;63.100-000;;( 8)8 523-4118;;;234.561.833-72;;735283-84;;;
;;;MURITI;;;;R. RAIMUNDO SIEBRA,22, 0;;;;;;;;;;;

;;;;;;;;;;;;;;;;;;;;;;;;

5543;GILVAN RODRIGUES BARBOSA;;;JUAZEIRO DO NORTE;;;;CE;63.030-170;;( 8)83512-2865;;;10.699.839/0001-13;;063761670;;;
MERCADINHO DO GILVAN;;;LIMOEIRO;;;;RUA PADRE FRANCISCO, 187;;;;;;;;;;;

;;;;;;;;;;;;;;;;;;;;;;;;

730;GIRLENO FURTADO CRUZ;;;BARBALHA;;;;CE;  .   -   ;;( 8)8 532-1664;;;140.200.413-34;;06.022.139-9;;;
GIRLENO;;;CENTRO;;;;MERCADO CENTRAL,BOX-08, 0;;;;;;;;;;;

;;;;;;;;;;;;;;;;;;;;;;;;

6814;GLACIELE BASTOS DIAS;;;CRATO;;;;CE;63.100-970;;(  )     -    ;;;34.529.978/0001-67;;23804287570;;;
JOTA MAURICIO;;;SEMINÁRIO;;;;RUA GEORGE ALCÂNTARA CARVALHO, 406;;;;;;;;;;;

;;;;;;;;;;;;;;;;;;;;;;;;

3950;GRACILDA MAGALHAES DOS SANTOS AZEVEDO FEITOSA;;;CRATO;;;;CE;63.122-000;;(88) 3523-7710;;;13.331.529/0001-30;;06555043-9;;;
GRACILDA;;;MIRANDAO;;;;R.VICENTE ALENCAR OLIVEIRA, 232;;;;;;;;;;;

;;;;;;;;;;;;;;;;;;;;;;;;

5073;GRACY KELLY DE OLIVEIRA LIMA;;;BARBALHA;;;;CE;63.180-000;;(  )     -    ;;;16.895.106/0001-30;;066166772;;;
RUA DO PIQUIZEIRO;;;SANTA TEREZINHA;;;;RUA T 3, 96;;;;;;;;;;;

;;;;;;;;;;;;;;;;;;;;;;;;

1571;HENRIQUE THADEU TEIXEIRA ANTUNES;;;JUAZEIRO DO NORTE;;;;CE;  .   -   ;;( 8)83587-4223;;;07.822.247/0001-32;;06191288-3;;;
EMPREFEST;;;CENTRO;;;;R.SAO PAULO, 1372, 0;;;;;;;;;;;

;;;;;;;;;;;;;;;;;;;;;;;;

1877;HORACIO VIEIRA DA SILVA;;;BARBALHA;;;;CE;  .   -   ;;( 8)83532-1656;;;  .   .   /    -  ;;06.042.721-3;;;
HORACIO;;;ALTO DA ALEGRIA;;;;R. DA AJUDA, 387;;;;;;;;;;;

;;;;;;;;;;;;;;;;;;;;;;;;

1642;IRACI NUNES DE SOUSA;;;JUAZEIRO DO NORTE;;;;CE;  .   -   ;;( 8)89947-1622;;;348.243.323-20;;14800055-88;;;
;;;HORTO;;;;RUA DO HORTO, 598;;;;;;;;;;;

;;;;;;;;;;;;;;;;;;;;;;;;

;;;;;;;;;;;;;;;;;;;;;;;;

ERES Informática LTDA.;;;;;PAG: 139;;;20/08/2026 - 09:44:21;;;025;

;;;;;;;;;;;;;;;;;;;;;;;;
;;;;;;;;;;;;;;;;;;;;;;;;

;;
;;;FRANCISCO LUCIANO ALVES HONORIO ME;;;;;;;
;;;Clientes por Vendedor  ;;;;;
;;

;;;;;;;;;;;;;;;;;;;;;;;;

Código;Nome Cliente;;;Cidade;;;;UF;CEP;;FONE;;;C.P.F./C.N.P.J;;R.G./C.G.F.;;;
Nome Fantasia;;;Bairro;;;;Endereço;;;;;

1672;J.E. COSTA MERCEARIA-ME;;;BARBALHA;;;;CE;63.180-000;;( 8)83532-1675;;;02.666.025/0001-54;;06.269.954-7;;;
;;;CENTRO;;;;R. PERO COELHO, 14;;;;;;;;;;;

;;;;;;;;;;;;;;;;;;;;;;;;

1861;JAILSON DAMASCENO VARELA ME;;;BARBALHA;;;;CE;  .   -   ;;( 8)83532-1070;;;04.804.504/0001-15;;06.318.681-0;;;
JAILSON;;;BURITI;;;;AV. JOSE BERNARDINO C.LEITE,, 3085;;;;;;;;;;;

;;;;;;;;;;;;;;;;;;;;;;;;

6150;JANDERSON BEZERRA BARBOSA;;;JUAZEIRO DO NORTE;;;;CE;63.000-000;;(  )98802-4429;;;021.258.643-20;;;;;
MERCADINHO PADRE CICERO;;;FREI DAMIÃO;;;;RUA ELBA LEITE PEREIRA DA SILVA, 125;;;;;;;;;;;

;;;;;;;;;;;;;;;;;;;;;;;;

3251;JERONIMO HENRIQUE DE SOUZA ;;;BARBALHA;;;;CE;63.180-000;;(88) 9277-2100;;;172.635.223-49;;;;;
;;;CIROLANDIA;;;;R. L , 15;;;;;;;;;;;

;;;;;;;;;;;;;;;;;;;;;;;;

5846;JESSICA FELIX DA SILVA;;;JUAZEIRO DO NORTE;;;;CE;63.010-485;;(  )98816-7859;;;051.889.183-66;;;;;
PET SHOP BICHO CHEIROSO;;;SAO MIGUEL;;;;RUA DO CRUZEIRO, 1421;;;;;;;;;;;

;;;;;;;;;;;;;;;;;;;;;;;;

259;JESUALDO MACIEL SILVA;;;JUAZEIRO DO NORTE;;;;CE;63.010-000;;(88)  511-4401;;;03.168.736/0001-61;;062813587;;;
JESUALDO;;;SAO MIGUEL;;;;R. SANTA LUZIA, 1808;;;;;;;;;;;

;;;;;;;;;;;;;;;;;;;;;;;;

6529;JESUS DE LUNA;;;BARBALHA;;;;CE;63.180-000;;(  )98827-3310;;;295.982.303-68;;;;;
MERCEARIA SAO JOAO;;;ROSÁRIO;;;;PADRE CORREIA, 61;;;;;;;;;;;

;;;;;;;;;;;;;;;;;;;;;;;;

5753;JOANA DARC FELIX DE LIMA;;;JUAZEIRO DO NORTE;;;;CE;63.030-120;;(  )98836-7560;;;041.056.893-71;;0000000000;;;
JOANA DARC;;;TIMBAUBA;;;;SEBASTIAO CAVALCANTE, 436;;;;;;;;;;;

;;;;;;;;;;;;;;;;;;;;;;;;

3222;JOAO ALVES GONDIM NETO ME;;;BARBALHA;;;;CE;63.180-000;;(88)99256-9314;;;06.956.009/0001-57;;066962250;;;
 MERCANTIL JOAO DAS CHAVES;;;CIROLANDIA ;;;;AVENIDA DR  PIO SAMPAIO, 112;;;;;;;;;;;

;;;;;;;;;;;;;;;;;;;;;;;;

3228;JOAO BARROS DA SILVA;;;BARBALHA;;;;CE;63.180-000;;( 8)83532-0765;;;617.462.903-15;;;;;
;;;MALVINAS;;;;RUA P 13, 69;;;;;;;;;;;

;;;;;;;;;;;;;;;;;;;;;;;;

3865;JOAO COELHO GARCIA NETO;;;BARBALHA;;;;CE;63.180-000;;( 8)83532-2092;;;12.077.589/0001-05;;06.402.516-0;;;
MERCANTIL DA VERA;;;SANTO ANTONIO;;;;AV. PAULO MAURICIO, 349;;;;;;;;;;;

;;;;;;;;;;;;;;;;;;;;;;;;

105;JOAO HONORATO SAMPAIO;;;BARBALHA;;;;CE;  .   -   ;;( 8)8 532-0689;;;41.393.737/0001-07;;06.022.124-0;;;
JOAO HONORATO;;;CENTRO;;;;R. SETE DE SETEMBRO, 48;;;;;;;;;;;

;;;;;;;;;;;;;;;;;;;;;;;;

;;;;;;;;;;;;;;;;;;;;;;;;

ERES Informática LTDA.;;;;;PAG: 140;;;20/08/2026 - 09:44:21;;;025;

;;;;;;;;;;;;;;;;;;;;;;;;
;;;;;;;;;;;;;;;;;;;;;;;;

;;
;;;FRANCISCO LUCIANO ALVES HONORIO ME;;;;;;;
;;;Clientes por Vendedor  ;;;;;
;;

;;;;;;;;;;;;;;;;;;;;;;;;

Código;Nome Cliente;;;Cidade;;;;UF;CEP;;FONE;;;C.P.F./C.N.P.J;;R.G./C.G.F.;;;
Nome Fantasia;;;Bairro;;;;Endereço;;;;;

258;JOAO N LIMA - ME;;;JUAZEIRO DO NORTE;;;;CE;63.020-130;;(8 )83511-2020;;;63.564.744/0001-59;;060408561;;;
MERCEARIA  NOGUEIRA;;;CASAS POPULARES;;;;R CAROLINA SOBREIRA, 598;;;;;;;;;;;

;;;;;;;;;;;;;;;;;;;;;;;;

182;JOILMA PEREIRA PAIVA;;;CRATO;;;;CE;63.100-000;;( 8)8 521-5919;;;05.029.280/0001-84;;;;;
JOILMA;;;GRANGEIRO;;;;AV. PEDRO FELICIO CAVALCANTE, 1917;;;;;;;;;;;

;;;;;;;;;;;;;;;;;;;;;;;;

6793;JOSE ADRIANO DE MATOS MATIAS;;;JUAZEIRO DO NORTE;;;;CE;63.024-560;;(88)99944-1942;;;40.552.153/0001-66;;;;;
MERCADINHO DE ADRIANO;;;TRIÂNGULO;;;;RUA JOSÉ DOMINGOS DA SILVA, 257;;;;;;;;;;;

;;;;;;;;;;;;;;;;;;;;;;;;

6797;JOSE ALEXANDRE DA SILVA;;;JUAZEIRO DO NORTE;;;;CE;63.050-765;;(88)99552-8026;;;400.741.613-34;;;;;
MERCANTIL COMPRE BEM ;;;ROMEIRÃO ;;;;RUA TODOS OS SANTOS, 2167;;;;;;;;;;;

;;;;;;;;;;;;;;;;;;;;;;;;

3400;JOSE ALVES DE SANTANA;;;BARBALHA;;;;CE;63.180-000;;(  )98853-3036;;;295.638.523-20;;;;;
SELMA MATIAS;;;CENTRO;;;;R. SETE DE SETEMBRO, 86;;;;;;;;;;;

;;;;;;;;;;;;;;;;;;;;;;;;

6522;JOSE AMAROTO NETO;;;BARBALHA;;;;CE;63.180-000;;( 9)99462-4688;;;214.741.763-72;;;;;
PADARIA DE ZE NETO;;;CIROLANDIA;;;;AV 17 DE AGOSTO, 193;;;;;;;;;;;

;;;;;;;;;;;;;;;;;;;;;;;;

3525;JOSE ANTONIO DE MACEDO;;;BARBALHA;;;;CE;63.180-000;;( 8)83532-2234;;;10.576.386/0001-38;;063732050;;;
MERCADINHO NOSSA SR APARECIDA;;;CENTRO;;;;RUA SETE DE SETEMBRO, 70;;;;;;;;;;;

;;;;;;;;;;;;;;;;;;;;;;;;

5042;JOSE ARNALDO XAVIER FRANCO;;;JUAZEIRO DO NORTE;;;;CE;63.020-000;;(88) 8815-9402;;;280.116.248-57;;;;;
ANTIGO FRANCISCO LAURO;;;TIRADENTES;;;;R. PROF IVANIR FEITOSA, 874;;;;;;;;;;;

;;;;;;;;;;;;;;;;;;;;;;;;

393;JOSE CARLOS DA SILVA;;;JUAZEIRO DO NORTE;;;;CE;63.000-000;;(88)3512 -8293;;;02.913.105/0001-67;;062823698;;;
ZE CARLOS;;;SALESIANOS;;;;R. JOSE MARROCOS, 1088;;;;;;;;;;;

;;;;;;;;;;;;;;;;;;;;;;;;

3256;JOSE CARLOS DO NASCIMENTO;;;BARBALHA;;;;CE;63.180-000;;(88) 9233-1985;;;033.397.513-82;;;;;
PANIFICADORA CIROLANDIA;;;CIROLANDIA;;;;AV. PIO SAMPAIO, 1199;;;;;;;;;;;

;;;;;;;;;;;;;;;;;;;;;;;;

4244;JOSE EDSON SILVA;;;JUAZEIRO DO NORTE;;;;CE;  .   -   ;;( 8)89287-4584;;;047.246.853-79;;;;;
;;;HORTO;;;;RUA DO HORTO,1873, 0;;;;;;;;;;;

;;;;;;;;;;;;;;;;;;;;;;;;

5733;JOSE EGBERTO LEITE ESMERALDO;;;CRATO;;;;CE;63.036-102;;(88)99670-7933;;;348.344.003-87;;20087543430;;;
GUIDO;;;PINTO MADEIRA;;;;RUA CORONEL JOAO DE PINHO, 658;;;;;;;;;;;

;;;;;;;;;;;;;;;;;;;;;;;;

;;;;;;;;;;;;;;;;;;;;;;;;

ERES Informática LTDA.;;;;;PAG: 141;;;20/08/2026 - 09:44:21;;;025;

;;;;;;;;;;;;;;;;;;;;;;;;
;;;;;;;;;;;;;;;;;;;;;;;;

;;
;;;FRANCISCO LUCIANO ALVES HONORIO ME;;;;;;;
;;;Clientes por Vendedor  ;;;;;
;;

;;;;;;;;;;;;;;;;;;;;;;;;

Código;Nome Cliente;;;Cidade;;;;UF;CEP;;FONE;;;C.P.F./C.N.P.J;;R.G./C.G.F.;;;
Nome Fantasia;;;Bairro;;;;Endereço;;;;;

3768;JOSE FERNANDES DOS SANTOS;;;JUAZEIRO DO NORTE;;;;CE;  .   -   ;;(88) 8853-1173;;;12.711.226/0001-80;;06.415.631-1;;;
;;;PEDRINHAS;;;;R. ANTONIO OLIVEIRA DE SOUZA, 4;;;;;;;;;;;

;;;;;;;;;;;;;;;;;;;;;;;;

6141;JOSE FERREIRA DE LIMA;;;JUAZEIRO DO NORTE;;;;CE;63.020-020;;(  ) 3512-6217;;;954.302.298-49;;;;;
MIX VARIEDADES ;;;FRANCISCANOS;;;;MONSENHOR ESMERALDO, 725;;;;;;;;;;;

;;;;;;;;;;;;;;;;;;;;;;;;

6143;JOSE FRANCISCO DA CRUZ;;;JUAZEIRO DO NORTE;;;;CE;63.030-050;;(  )98836-7380;;;129.604.538-24;;;;;
LURDES VARIEDADES;;;TIBAUBAS;;;;RUA ARSENIO SOBREIRA, 646;;;;;;;;;;;

;;;;;;;;;;;;;;;;;;;;;;;;

6386;JOSE GOLBERI PEREIRA DOS SANTOS;;;CRATO;;;;CE;63.000-100;;(  )99788-4746;;;019.621.043-70;;;;;
MERCADO NAO SO OFERTAS;;;SEMINARIO;;;;RUA CORONEL LUIZ TEIXEIRA, 1356;;;;;;;;;;;

;;;;;;;;;;;;;;;;;;;;;;;;

5719;JOSE GONCALVES;;;JUAZEIRO DO NORTE;;;;CE;63.028-050;;(  )98874-7093;;;22.218.631/0001-14;;064446980;;;
MERCADINHO PIRIJOTA;;;TIMBAUBA;;;;ANTONIO DIAS SOBREIRA, 48;;;;;;;;;;;

;;;;;;;;;;;;;;;;;;;;;;;;

6833;JOSE GREGORIO FILHO;;;JUAZEIRO DO NORTE;;;;CE;63.043-190;;(88)98829-4369;;;43.677.089/0001-38;;070203148;;;
MERCANTIL GREGORIO;;;FREI DAMIAO;;;;POETA JOSE MERGULHAO DE SOUZA, 1;;;;;;;;;;;

;;;;;;;;;;;;;;;;;;;;;;;;

3434;JOSE GREGORIO FILHO;;;JUAZEIRO DO NORTE;;;;CE;63.000-000;;(  )     -    ;;;12.305.681/0001-85;;06.405.990-1;;;
MERCADINHO DO GREGORIO ;;;MUTIRAO;;;;R.POETA JOSE MERGULHAO DE SOUSA, 04, 4;;;;;;;;;;;

;;;;;;;;;;;;;;;;;;;;;;;;

6061;JOSE HARIEL VIEIRA DA SILVA;;;JUAZEIRO DO NORTE;;;;CE;60.030-060;;(  )98829-7189;;;076.295.693-35;;;;;
MERCADINHO LIMA;;;LIMOEIRO;;;;ESTELITA SILVA, 806;;;;;;;;;;;

;;;;;;;;;;;;;;;;;;;;;;;;

6173;JOSE JORGE DA SILVA;;;CRATO;;;;CE;  .   -   ;;(88)98822-8771;;;375.031.894-87;;;;;
A BIROSCA DO VEIO;;;BARRO BRANCO -MINHA CASA MINHA VIDA;;;;RUA 7, 64;;;;;;;;;;;

;;;;;;;;;;;;;;;;;;;;;;;;

3266;JOSE PORTELA DOS SANTOS;;;BARBALHA;;;;CE;63.180-000;;( 8)89627-7989;;;700.429.773-04;;;;;
;;;CIROLANDIA;;;;AV. GUSTAVO BARROSO, 80;;;;;;;;;;;

;;;;;;;;;;;;;;;;;;;;;;;;

6816;JOSE ROBERIO PEREIRA;;;CRATO;;;;CE;63.114-000;;(88)99634-5656;;;29.705.291/0001-03;;067484263;;;
MERCADINHO POTI POTI;;;FRANCA ALENCAR;;;;AV. RIO GRANDE DO SUL, 0;;;;;;;;;;;

;;;;;;;;;;;;;;;;;;;;;;;;

3029;JOSE ROBERTO PEREIRA DE MORAIS;;;BARBALHA;;;;CE;63.180-000;;(88) 3532-0536;;;07.535.966/0001-72;;061827290;;;
AGROCENTER;;;CENTRO;;;;AVENIDA CORONEL JOAO COELHO , 474;;;;;;;;;;;

;;;;;;;;;;;;;;;;;;;;;;;;

;;;;;;;;;;;;;;;;;;;;;;;;

ERES Informática LTDA.;;;;;PAG: 142;;;20/08/2026 - 09:44:21;;;025;

;;;;;;;;;;;;;;;;;;;;;;;;
;;;;;;;;;;;;;;;;;;;;;;;;

;;
;;;FRANCISCO LUCIANO ALVES HONORIO ME;;;;;;;
;;;Clientes por Vendedor  ;;;;;
;;

;;;;;;;;;;;;;;;;;;;;;;;;

Código;Nome Cliente;;;Cidade;;;;UF;CEP;;FONE;;;C.P.F./C.N.P.J;;R.G./C.G.F.;;;
Nome Fantasia;;;Bairro;;;;Endereço;;;;;

6264;JOSE TACIANO SALES;;;CRATO;;;;CE;63.101-245;;(88)99256-3375;;;31.093.041/0001-01;;23803577205;;;
MERCEARIA SAO FRANCISCO;;;PINTO MADEIRA;;;;RUA MONSENHOR DE ASSIS FEITOSA, 50;;;;;;;;;;;

;;;;;;;;;;;;;;;;;;;;;;;;

1734;JOSE TAVARES SANTANA;;;BARBALHA;;;;CE;63.186-000;;(88) 9229-3471;;;12.246.722/0001-00;;060564008;;;
DEPOIS DA FACULDADE DE MEDICINA A DIREITA;;;CENTRO;;;;R. PRINCESA ISABEL, 171;;;;;;;;;;;

;;;;;;;;;;;;;;;;;;;;;;;;

110;JOSE WILSON DO NASCIMENTO;;;BARBALHA;;;;CE;63.180-000;;( 8)8 532-0129;;;07.053.267/0001-96;;062182609;;;
JOSE WILSON;;;CENTRO;;;;RUA PERO COELHO, 40;;;;;;;;;;;

;;;;;;;;;;;;;;;;;;;;;;;;

1624;JOSE XAVIER FILHO-EPP;;;JUAZEIRO DO NORTE;;;;CE;63.010-000;;(  )     -    ;;;07.158.988/0001-60;;06700685-0;;;
JOSE FILHO;;;CENTRO;;;;R.SAO PAULO,528, 0;;;;;;;;;;;

;;;;;;;;;;;;;;;;;;;;;;;;

3612;JOSEMAR DE SOUZA BEZERRA ME;;;CRATO;;;;CE;63.132-010;;(88) 9412-3836;;;13.850.741/0001-03;;06.567.045-0;;;
JOCA ;;;MURITI;;;;R. PRES. JOAO BATISTA FIGUEIREDO, 152;;;;;;;;;;;

;;;;;;;;;;;;;;;;;;;;;;;;

3837;JOSIMARA PESSOA PINHEIRO;;;JUAZEIRO DO NORTE;;;;CE;  .   -   ;;( 8)89616-6883;;;035.529.383-89;;;;;
BENTO;;;TIMBAUBA;;;;R. ANTONIA MARIA DA CONCEICAO, 194, 0;;;;;;;;;;;

;;;;;;;;;;;;;;;;;;;;;;;;

3743;JUCIELDA MARIA DA SILVA SANTOS;;;JUAZEIRO DO NORTE;;;;CE;63.000-000;;(88) 3572-1542;;;734.165.683-20;;;;;
;;;BETOLANDIA;;;;R. MANOEL PIRACA SOUZA, 322;;;;;;;;;;;

;;;;;;;;;;;;;;;;;;;;;;;;

3773;JUCILEIDE GUIMARAES BARBOSA;;;JUAZEIRO DO NORTE;;;;CE;63.018-100;;( 8)83572-8195;;;812.405.543-20;;;;;
;;;PEDRINHAS;;;;RUA JOAQUIM LEANDRO SOUZA, 1553;;;;;;;;;;;

;;;;;;;;;;;;;;;;;;;;;;;;

4106;JULIANA MARIA DOS SANTOS;;;BARBALHA;;;;CE;63.180-000;;(88)99246-9729;;;025.454.953-52;;;;;
MERCANTIL ESPERANCA;;;BELA VISTA;;;;RUA JULIS RIMET, 673;;;;;;;;;;;

;;;;;;;;;;;;;;;;;;;;;;;;

5490;L I DA SILVA JUNIOR ME;;;CRATO;;;;CE;63.115-490;;(  )99642-9542;;;23.254.450/0001-06;;064675130;;;
AGRO SHOP;;;GISELIA PINHEIRO;;;;AV J P B DE MENEZES , 559;;;;;;;;;;;

;;;;;;;;;;;;;;;;;;;;;;;;

2858;LAERCIO DA SILVA LIMA;;;BARBALHA;;;;CE;63.180-000;;(88) 9242-5847;;;10.648.880/0001-60;;063748126;;;
;;;MALVINAS;;;;RUA P 17 , 4;;;;;;;;;;;

;;;;;;;;;;;;;;;;;;;;;;;;

;;;;;;;;;;;;;;;;;;;;;;;;

ERES Informática LTDA.;;;;;PAG: 143;;;20/08/2026 - 09:44:21;;;025;

;;;;;;;;;;;;;;;;;;;;;;;;
;;;;;;;;;;;;;;;;;;;;;;;;

;;
;;;FRANCISCO LUCIANO ALVES HONORIO ME;;;;;;;
;;;Clientes por Vendedor  ;;;;;
;;

;;;;;;;;;;;;;;;;;;;;;;;;

Código;Nome Cliente;;;Cidade;;;;UF;CEP;;FONE;;;C.P.F./C.N.P.J;;R.G./C.G.F.;;;
Nome Fantasia;;;Bairro;;;;Endereço;;;;;

189;LIDUINA DE FATIMA HOLANDA                         ;;;CRATO;;;;CE;63.100-000;;(88)97137-375 ;;;02.616.212/0001-23;;062687077;;;
MERCADINHO HOLANDA;;;VILA ALTA;;;;R. PRESIDENTE KENNEDY, 799;;;;;;;;;;;

;;;;;;;;;;;;;;;;;;;;;;;;

2070;LIVIA SARA FEITOSA DE MORAIS;;;CRATO;;;;CE;63.100-000;;(  )3523 -4223;;;874.025.563-87;;;;;
MERCADINHO MILA;;;VILA ALTA;;;;RUA VICENTE LEITE , 222;;;;;;;;;;;

;;;;;;;;;;;;;;;;;;;;;;;;

6213;LUCIA MARIA FERREIRA LIMA;;;JUAZEIRO DO NORTE;;;;CE;63.036-025;;(88)98814-9028;;;21.924.786/0001-03;;64391981;;;
BAR E MERCIARA SAO FRANCISCO;;;BETOLANDIA;;;;R 8, 12;;;;;;;;;;;

;;;;;;;;;;;;;;;;;;;;;;;;

6089;LUCIANA ALVES DE FRANCA RODRIGUES;;;JUAZEIRO DO NORTE;;;;CE;63.031-150;;(  ) 8835-6340;;;787.267.273-15;;;;;
LUCIANA MERCADINHO;;;TIRADENTES;;;;JOSE HENRIQUE BRASILEIRO, 220;;;;;;;;;;;

;;;;;;;;;;;;;;;;;;;;;;;;

5233;LUIZ ANTONIO ARAUJO DE ALMEIDA;;;CRATO;;;;CE;  .   -   ;;(88) 8832-0326;;;000.000.000-00;;;;;
PROX. POSTO TRIBUS;;;SAO MIGUEL;;;;AV PERIMETRAL, 729;;;;;;;;;;;

;;;;;;;;;;;;;;;;;;;;;;;;

6145;LUIZ CARLOS R.DA COSTA;;;JUAZEIRO DO NORTE;;;;CE;63.022-100;;(  )98845-0169;;;19.915.239/0001-10;;;;;
LC COMERCIAL;;;ANTÔNIO VIEIRA;;;;RUA CONSTRUTOR JOSE SABINO PEREIRA, 424;;;;;;;;;;;

;;;;;;;;;;;;;;;;;;;;;;;;

5398;LUIZ NOGUEIRA DE SOUZA;;;JUAZEIRO DO NORTE;;;;CE;63.050-050;;(  )     -    ;;;05.379.668/0001-05;;068623410;;;
LUIZ;;;PIRAJA;;;;RUA FAUSTO GUIMARAES, 43;;;;;;;;;;;

;;;;;;;;;;;;;;;;;;;;;;;;

2795;LUIZ QUEIROS ALVES;;;BARBALHA;;;;CE;63.180-000;;( 8)89249-3510;;;222.244.753-49;;;;;
;;;BELA VISTA;;;;R.T, , 23;;;;;;;;;;;

;;;;;;;;;;;;;;;;;;;;;;;;

3287;LUIZ SILVA LUNA;;;BARBALHA;;;;CE;63.180-000;;(88) 3532-1289;;;245.657.411-72;;;;;
MERCADINHO DA SOCORRO;;;CASAS POPULARES;;;;RUA CENTO E DOIS, 266;;;;;;;;;;;

;;;;;;;;;;;;;;;;;;;;;;;;

400;LUIZ TEOTONIO FILHO;;;JUAZEIRO DO NORTE;;;;CE;  .   -   ;;(88) 3511-7113;;;23.581.200/0001-80;;06.041.180-5;;;
LUIZ TEOTONIO;;;CENTRO;;;;R. SAO PAULO, 1508;;;;;;;;;;;

;;;;;;;;;;;;;;;;;;;;;;;;

5861;LUYNARA LUNA LOIOLA;;;CRATO;;;;CE;63.101-075;;(88) 3521-5434;;;069.116.643-90;;;;;
MERCEARIA O GORDINHO;;;PINTO MADEIRA;;;;RUA DOM MELO, 990;;;;;;;;;;;

;;;;;;;;;;;;;;;;;;;;;;;;

3219;M. A. MAIA  PANIFICACAO ME ;;;JUAZEIRO DO NORTE;;;;CE;63.030-200;;( 8)83572-8285;;;09.050.178/0001-11;;06.214.097-3;;;
NOSSO PAO;;;NOVO JUAZEIRO;;;;AV. CASTELO BRANCO, 3432;;;;;;;;;;;

;;;;;;;;;;;;;;;;;;;;;;;;

;;;;;;;;;;;;;;;;;;;;;;;;

ERES Informática LTDA.;;;;;PAG: 144;;;20/08/2026 - 09:44:21;;;025;

;;;;;;;;;;;;;;;;;;;;;;;;
;;;;;;;;;;;;;;;;;;;;;;;;

;;
;;;FRANCISCO LUCIANO ALVES HONORIO ME;;;;;;;
;;;Clientes por Vendedor  ;;;;;
;;

;;;;;;;;;;;;;;;;;;;;;;;;

Código;Nome Cliente;;;Cidade;;;;UF;CEP;;FONE;;;C.P.F./C.N.P.J;;R.G./C.G.F.;;;
Nome Fantasia;;;Bairro;;;;Endereço;;;;;

3639;M. AURILUCIA B. RODRIGUES ME;;;JUAZEIRO DO NORTE;;;;CE;63.041-140;;(88)03512-3069;;;01.739.162/0001-09;;064042529;;;
DAS CHAGAS;;;CENTRO;;;;R. SAO PAULO, 1001;;;;;;;;;;;

;;;;;;;;;;;;;;;;;;;;;;;;

6195;MANOEL DA SILVA ;;;BARBALHA;;;;CE;63.180-000;;(  ) 9292-9592;;;24.109.533/0001-74;;25717;;;
MERCIARIA ML;;;PARQUE BULANDEIRA;;;;SÍTIO VENHA VER, 1411;;;;;;;;;;;

;;;;;;;;;;;;;;;;;;;;;;;;

1648;MANOEL GAUDINO GONCALVES;;;JUAZEIRO DO NORTE;;;;CE;  .   -   ;;(88) 9951-0140;;;   .   .   -  ;;;;;
MANOEL GAUDINO;;;CENTRO;;;;R.SAO PAULO, 486;;;;;;;;;;;

;;;;;;;;;;;;;;;;;;;;;;;;

3059;MANOEL IVO DE SOUZA;;;BARBALHA;;;;CE;63.180-000;;( 8)88834-5048;;;056.872.093-87;;;;;
IVO;;;CENTRO;;;;R. NEROLY FILGUEIRA, 230;;;;;;;;;;;

;;;;;;;;;;;;;;;;;;;;;;;;

1962;MARCIA MEDEIROS PAES;;;JUAZEIRO DO NORTE;;;;CE;63.000-000;;( 8)89922-9957;;;005.688.033-29;;;;;
;;;LIMOEIRO;;;;R.ANTONIO DIAS SOBREIRA,248, 0;;;;;;;;;;;

;;;;;;;;;;;;;;;;;;;;;;;;

2269;MARCOS ANDRE MAIA;;;JUAZEIRO DO NORTE;;;;CE;63.000-000;;(88) 9954-5423;;;953.040.703-30;;99545423;;;
;;;LIMOEIRO;;;;R.ERNESTINA SOBREIRA, 575;;;;;;;;;;;

;;;;;;;;;;;;;;;;;;;;;;;;

3810;MARCOS ANTONIO BEZERRA DE CARVALHO;;;CRATO;;;;CE;63.100-000;;(88)99909-1736;;;195.567.303-97;;;;;
MARCOS;;;CENTRO;;;;R. CORONEL LUIZ TEIXEIRA, 1036;;;;;;;;;;;

;;;;;;;;;;;;;;;;;;;;;;;;

6142;MARCOS ANTONIO PEREIRA;;;JUAZEIRO DO NORTE;;;;CE;63.034-012;;(  )98828-9429;;;014.048.383-76;;;;;
MERCANTIL BRITO;;;PIRAJA;;;;AV AILTON GOMES, 2410;;;;;;;;;;;

;;;;;;;;;;;;;;;;;;;;;;;;

6223;MARIA ALDENI SILVA;;;CRATO;;;;CE;63.113-358;;(  ) 3521-2151;;;30.928.734/0001-04;;4721103;;;
MINI PRECO;;;NOVO CRATO;;;;RUA MARIA JÚLIA LIMA VERDE, 38;;;;;;;;;;;

;;;;;;;;;;;;;;;;;;;;;;;;

4274;MARIA ALVES FELIPE;;;JUAZEIRO DO NORTE;;;;CE;  .   -   ;;( 8)88838-0478;;;935.346.803-59;;;;;
POR TRAS DA CAPELA DE SANTA EDWIGES;;;VILA KARITE;;;;RUA CLEZIAM PINHEIRO BEZERRA, 113;;;;;;;;;;;

;;;;;;;;;;;;;;;;;;;;;;;;

6790;MARIA APARECIDA DA SILVA;;;JUAZEIRO DO NORTE;;;;CE;63.046-455;;(88)98837-8919;;;20.879.958/0001-01;;06.345418-1;;;
APARECIDA MERCANTIL. CIDA;;;JARDIM GONZAGA;;;;RUA ENG JOSE WALTER DA SILVA, 2703;;;;;;;;;;;

;;;;;;;;;;;;;;;;;;;;;;;;

6205;MARIA DA SILVA FERREIRA;;;JUAZEIRO DO NORTE;;;;CE;63.180-000;;(88)98835-9470;;;026.042.033-67;;;;;
ACOUGUE NOSSA SENHORA APARECIDA;;;PEDRINHAS;;;;RUA JOAQUIM LEANDRO DE SOUSA, 606;;;;;;;;;;;

;;;;;;;;;;;;;;;;;;;;;;;;

;;;;;;;;;;;;;;;;;;;;;;;;

ERES Informática LTDA.;;;;;PAG: 145;;;20/08/2026 - 09:44:21;;;025;

;;;;;;;;;;;;;;;;;;;;;;;;
;;;;;;;;;;;;;;;;;;;;;;;;

;;
;;;FRANCISCO LUCIANO ALVES HONORIO ME;;;;;;;
;;;Clientes por Vendedor  ;;;;;
;;

;;;;;;;;;;;;;;;;;;;;;;;;

Código;Nome Cliente;;;Cidade;;;;UF;CEP;;FONE;;;C.P.F./C.N.P.J;;R.G./C.G.F.;;;
Nome Fantasia;;;Bairro;;;;Endereço;;;;;

6208;MARIA DAS DORES NUNES FERREIRA;;;JUAZEIRO DO NORTE;;;;CE;63.036-210;;(  ) 8849-4083;;;15.651.254/0001-47;;066043484;;;
DORA VARIEDADES;;;BETOLANDIA;;;;RUA JOSE ROSENDO DE SOUZA, 40;;;;;;;;;;;

;;;;;;;;;;;;;;;;;;;;;;;;

1982;MARIA DAS GRACAS LUCIANO DE ARAUJO;;;BARBALHA;;;;CE;63.180-000;;(88) 3532-0258;;;00.114.398/0001-97;;069218838;;;
MERCADINHO DO DINHA;;;MALVINAS;;;;RUA  P-20 , 4;;;;;;;;;;;

;;;;;;;;;;;;;;;;;;;;;;;;

251;MARIA DE FATIMA B.MAIA;;;JUAZEIRO DO NORTE;;;;CE;63.010-000;;( 8)8 511-1877;;;00.639.772/0001-78;;;;;
;;;SAO MIGUEL;;;;RUA SANTA LUZIA,1644, 0;;;;;;;;;;;

;;;;;;;;;;;;;;;;;;;;;;;;

4107;MARIA DE FATIMA SARAIVA ;;;BARBALHA;;;;CE;63.180-000;;(88)99298-9357;;;05.088.231/0001-12;;066817501;;;
MERCEARIA LUIZ JUVENAL;;;CENTRO;;;;RUA PERO COELHO, 366;;;;;;;;;;;

;;;;;;;;;;;;;;;;;;;;;;;;

6787;MARIA DO CARMO CUNHA SALES;;;JUAZEIRO DO NORTE;;;;CE;63.010-000;;(88)99783-7629;;;677.004.463-34;;;;;
MERCADINHO;;;TIMBAUBA;;;;RUA NOSSA SENHORA DE LOURDES, 690;;;;;;;;;;;

;;;;;;;;;;;;;;;;;;;;;;;;

6829;MARIA DO SOCORRO FERREIRA DOS ANJOS;;;CRATO;;;;CE;  .   -   ;;(  )99751-5709;;;083.144.258-18;;;;;
MERCADINHO SERTAOZINHO;;;FRANCA ALENCAR;;;;RUA ANTONIO ALENCAR ARARIPE, 417;;;;;;;;;;;

;;;;;;;;;;;;;;;;;;;;;;;;

5999;MARIA DO SOCORRO GONCALVES NOGUEIRA;;;CRATO;;;;CE;63.123-160;;(  )99214-6810;;;28.374.779/0001-24;;066639506;;;
MERCADINHO B & B;;;SAO BENTO;;;;R JULIO MATIAS DE OLIVEIRA, 598;;;;;;;;;;;

;;;;;;;;;;;;;;;;;;;;;;;;

4136;MARIA ELENICE DOS SANTOS LUNA;;;BARBALHA;;;;CE;63.180-000;;(88) 9210-6154;;;307.614.093-00;;;;;
;;;SITIO LAGOA;;;;SITIO LAGOA, 2917;;;;;;;;;;;

;;;;;;;;;;;;;;;;;;;;;;;;

2424;MARIA ELIZABETH FERREIRA DANTAS;;;BARBALHA;;;;CE;63.180-000;;(88) 3532-1180;;;02.899.155/0001-37;;062746472;;;
;;;CONJ. NOSSA SRA.DE FATIMA;;;;RUA LIDIO DE FREITAS, 385;;;;;;;;;;;

;;;;;;;;;;;;;;;;;;;;;;;;

3681;MARIA ELZA MATOS CALIXTO;;;JUAZEIRO DO NORTE;;;;CE;  .   -   ;;(88) 3572-0231;;;175.101.043-00;;;;;
EM FRENTE AO AEROPORTO/PROX.BAR DA KAISER;;;AEROPORTO;;;;RUA MANOEL BARRETO DA SILVA, 1620;;;;;;;;;;;

;;;;;;;;;;;;;;;;;;;;;;;;

2977;MARIA FRANCELY ALVES LOBO;;;CRATO;;;;CE;63.101-220;;(88) 9640-3589;;;11.173.364/0001-90;;063848325;;;
OCELIA;;;CENTRO;;;;R. MONSENHOR ESMERALDO, 721;;;;;;;;;;;

;;;;;;;;;;;;;;;;;;;;;;;;

427;MARIA GERALDO DO MONTE;;;JUAZEIRO DO NORTE;;;;CE;63.010-252;;(88) 3512-5953;;;01.943.467/0001-38;;060687720;;;
DEMONTIER;;;SOCORRO;;;;RUA LEANDRO BEZERRA, 438;;;;;;;;;;;

;;;;;;;;;;;;;;;;;;;;;;;;

;;;;;;;;;;;;;;;;;;;;;;;;

ERES Informática LTDA.;;;;;PAG: 146;;;20/08/2026 - 09:44:21;;;025;

;;;;;;;;;;;;;;;;;;;;;;;;
;;;;;;;;;;;;;;;;;;;;;;;;

;;
;;;FRANCISCO LUCIANO ALVES HONORIO ME;;;;;;;
;;;Clientes por Vendedor  ;;;;;
;;

;;;;;;;;;;;;;;;;;;;;;;;;

Código;Nome Cliente;;;Cidade;;;;UF;CEP;;FONE;;;C.P.F./C.N.P.J;;R.G./C.G.F.;;;
Nome Fantasia;;;Bairro;;;;Endereço;;;;;

5559;MARIA HELENA FILGUEIRAS DE SOUZA;;;CRATO;;;;CE;63.100-000;;(  ) 3521-8418;;;630.665.993-53;;;;;
MERCADINHO DA HELENA;;;SAO MIGUEL;;;;RUA JOSE P ESMERALDO, 46;;;;;;;;;;;

;;;;;;;;;;;;;;;;;;;;;;;;

6392;MARIA HELENA JACO DA SILVA;;;JUAZEIRO DO NORTE;;;;CE;63.180-000;;(  ) 8832-2780;;;32.341.824/0001-11;;20072229874;;;
MERCADINHO;;;JOAO CABRAL;;;;VIRGINIA DE MENDONÇA , 177;;;;;;;;;;;

;;;;;;;;;;;;;;;;;;;;;;;;

3531;MARIA INES RODRIGO MARIANO;;;JUAZEIRO DO NORTE;;;;CE;63.035-140;;(88) 3572-0838;;;036.842.133-30;;;;;
MERCADINHO DA INES;;;PARQUE SAO GERALDO;;;;RUA VAQUEIRO RAIMUNDO JACO, 470;;;;;;;;;;;

;;;;;;;;;;;;;;;;;;;;;;;;

2960;MARIA JAQUELIANE VIEIRA DA SILVA - ME;;;JUAZEIRO DO NORTE;;;;CE;63.030-060;;(88) 3511-0855;;;10.686.646/0001-28;;063757176;;;
;;;TIMBAUBA;;;;RUA ESTELITA SILVA , 810;;;;;;;;;;;

;;;;;;;;;;;;;;;;;;;;;;;;

1100;MARIA LEILA DE SOUZA EPP;;;BARBALHA;;;;CE;  .   -   ;;( 8)83532-0890;;;00.700.834/0001-00;;06.960.080-5;;;
LUCIANO BARBALHA;;;CENTRO;;;;R.NACOES UNIDAS, 228;;;;;;;;;;;

;;;;;;;;;;;;;;;;;;;;;;;;

1916;MARIA LENA FILGUEIRAS DA SILVA;;;BARBALHA;;;;CE;  .   -   ;;( 8)89607-2642;;;172.295.613-53;;985515 SSP-CE;;;
MARIA LENA;;;CENTRO;;;;MERCADO CENTRAL, BOX-44, 0;;;;;;;;;;;

;;;;;;;;;;;;;;;;;;;;;;;;

3932;MARIA MARTA DE OLIVEIRA;;;JUAZEIRO DO NORTE;;;;CE;63.013-112;;(  )     -    ;;;478.118.033-72;;;;;
MERCADINHO DOS SANTOS;;;VILA FATIMA;;;;AV. CARLOS CRUZ, 2844;;;;;;;;;;;

;;;;;;;;;;;;;;;;;;;;;;;;

3836;MARIA MARTINS XAVIER;;;BARBALHA;;;;CE;63.180-000;;(  )     -    ;;;214.925.143-49;;;;;
;;;CENTRO;;;;RUA PRESIDENTE MEDICE, 43;;;;;;;;;;;

;;;;;;;;;;;;;;;;;;;;;;;;

3641;MARIA MENDES DA SILVA;;;JUAZEIRO DO NORTE;;;;CE;63.020-000;;(88)99604-7128;;;423.358.843-87;;;;;
;;;TIRADENTES;;;;R. FRANCISCO DA SILVA MOREIRA, 312;;;;;;;;;;;

;;;;;;;;;;;;;;;;;;;;;;;;

2747;MARIA PEREIRA DA FONSECA;;;BARBALHA;;;;CE;63.180-000;;( 8)89961-7963;;;308.584.533-04;;;;;
;;;CENTRO;;;;MERCADO PUBLICO,BOX-10, 0;;;;;;;;;;;

;;;;;;;;;;;;;;;;;;;;;;;;

6789;MARIA RAQUEL DOS SANTOS;;;JUAZEIRO DO NORTE;;;;CE;63.010-160;;(88)98832-0435;;;066.063.413-96;;;;;
COMERCIAL RODRIGUES;;;TRIANGULO;;;;RUA JOSE BEZERRA DA SILVA, 391;;;;;;;;;;;

;;;;;;;;;;;;;;;;;;;;;;;;

1018;MARIA RIVANIR DE OLIVEIRA EPP;;;BARBALHA;;;;CE;63.180-000;;(88) 3532-1062;;;06.645.493/0001-01;;067001343;;;
RIVANIR;;;CENTRO;;;;RUA PRINCESA ISABEL, 46;;;;;;;;;;;

;;;;;;;;;;;;;;;;;;;;;;;;

;;;;;;;;;;;;;;;;;;;;;;;;

ERES Informática LTDA.;;;;;PAG: 147;;;20/08/2026 - 09:44:21;;;025;

;;;;;;;;;;;;;;;;;;;;;;;;
;;;;;;;;;;;;;;;;;;;;;;;;

;;
;;;FRANCISCO LUCIANO ALVES HONORIO ME;;;;;;;
;;;Clientes por Vendedor  ;;;;;
;;

;;;;;;;;;;;;;;;;;;;;;;;;

Código;Nome Cliente;;;Cidade;;;;UF;CEP;;FONE;;;C.P.F./C.N.P.J;;R.G./C.G.F.;;;
Nome Fantasia;;;Bairro;;;;Endereço;;;;;

6785;MARIA ROSIMEIRE LEITE RIBEIRO;;;JUAZEIRO DO NORTE;;;;CE;63.024-030;;(88)99850-6251;;;047.428.513-82;;;;;
SACOLAO DAS FRUTAS;;;SAO JOSE;;;;RUA RAFAEL MALZONI, 1509;;;;;;;;;;;

;;;;;;;;;;;;;;;;;;;;;;;;

5561;MARIA SHIRLEY PEREIRA SANTOS;;;CRATO;;;;CE;63.113-470;;(  ) 3523-3909;;;23.642.822/0001-71;;064748723;;;
MINI MERCADINHO NOSSA SENHORA APARECIDA;;;SEMINARIO ;;;;TRAVESSA ICO, 342;;;;;;;;;;;

;;;;;;;;;;;;;;;;;;;;;;;;

6831;MARIA SIMONE ALMEIDA SILVA;;;JUAZEIRO DO NORTE;;;;CE;63.040-790;;(88)99949-2940;;;898.986.563-87;;;;;
MERCADINHO BEZERRA;;;TRIANGULO;;;;RUA JOÃO MACIEL, 748;;;;;;;;;;;

;;;;;;;;;;;;;;;;;;;;;;;;

3436;MARIA SOCORRO FERNANDES DA SILVA;;;JUAZEIRO DO NORTE;;;;CE;63.030-730;;(88)98825-7674;;;   .   .   -  ;;;;;
;;;NOVO JUAZEIRO;;;;RUA JOSE SEBASTIAO DE CARVALHO, 88;;;;;;;;;;;

;;;;;;;;;;;;;;;;;;;;;;;;

2600;MARIA VENUSIA DE ARAUJO RODRIGUES;;;BARBALHA;;;;CE;  .   -   ;;(  )     -    ;;;511.839.353-15;;;;;
;;;CIROLANDIA;;;;R.L OITO, 167;;;;;;;;;;;

;;;;;;;;;;;;;;;;;;;;;;;;

3607;MARIA WELLYNAGELA ALVES SILVA;;;BARBALHA;;;;CE;63.180-000;;(88) 9248-9417;;;036.075.603-40;;;;;
MERCEARIA D.FATIMA;;;MALVINAS;;;;RUA P - 7 , 5;;;;;;;;;;;

;;;;;;;;;;;;;;;;;;;;;;;;

4064;MARIANA R GOMES NETA- ME;;;JUAZEIRO DO NORTE;;;;CE;63.020-971;;(88) 3512-7852;;;15.547.712/0001-00;;066034000;;;
PARAISO DOS ANIMAIS;;;PIRAJA;;;;AV AILTON GOMES, 1614;;;;;;;;;;;

;;;;;;;;;;;;;;;;;;;;;;;;

1569;MARIO SERGIO FILGUEIRAS BEZERRA-ME;;;CRATO;;;;CE;63.122-375;;(88)99217-3039;;;01.511.833/0001-80;;069800863;;;
MISSAO DO MIRANDA;;;SAO MIGUEL;;;;AVENIDA PERIMETRAL, 461;;;;;;;;;;;

;;;;;;;;;;;;;;;;;;;;;;;;

4617;MARTINHA NEPOMUCENO;;;CRATO;;;;CE;63.100-970;;(88)99698-8737;;;15.496.153/0001-49;;06.601077-2;;;
;;;NOVO CRATO;;;;R. ANTONIO VALDEMAR, 70;;;;;;;;;;;

;;;;;;;;;;;;;;;;;;;;;;;;

2357;MERCADINHO FAMILIA;;;JUAZEIRO DO NORTE;;;;CE;63.010-312;;(88) 8813-5370;;;07.938.793/0001-33;;061933090;;;
JOSE JUSTINO;;;SOCORRO;;;;R.ALENCAR PEIXOTO,03, 3;;;;;;;;;;;

;;;;;;;;;;;;;;;;;;;;;;;;

5858;MERCADINHO NOSSA GENTE LTDA ME;;;BARBALHA;;;;CE;63.180-000;;(  )98871-4935;;;26.165.665/0001-49;;065448421;;;
VINDO DE BARBALHA ENTRADA PRIMEIRA RUA DIREITA, NA SEGUNDA ;;;ROYAL VILLE;;;;RUA DOMIINGOS COELHO CORREIA, 1730;;;;;;;;;;;

;;;;;;;;;;;;;;;;;;;;;;;;

6442;MOISES SILVA SOUSA;;;JUAZEIRO DO NORTE;;;;CE;63.043-180;;(  ) 8875-1340;;;462.588.298-21;;;;;
FRIGORIFICO BOI BOM ;;;FREI DAMIAO;;;;ESTUDANTE JOSE DOS SANTOS , 16;;;;;;;;;;;

;;;;;;;;;;;;;;;;;;;;;;;;

;;;;;;;;;;;;;;;;;;;;;;;;

ERES Informática LTDA.;;;;;PAG: 148;;;20/08/2026 - 09:44:21;;;025;

;;;;;;;;;;;;;;;;;;;;;;;;
;;;;;;;;;;;;;;;;;;;;;;;;

;;
;;;FRANCISCO LUCIANO ALVES HONORIO ME;;;;;;;
;;;Clientes por Vendedor  ;;;;;
;;

;;;;;;;;;;;;;;;;;;;;;;;;

Código;Nome Cliente;;;Cidade;;;;UF;CEP;;FONE;;;C.P.F./C.N.P.J;;R.G./C.G.F.;;;
Nome Fantasia;;;Bairro;;;;Endereço;;;;;

6093;MURILO BENJAMIM DO NASCIMENTO;;;JUAZEIRO DO NORTE;;;;CE;63.028-330;;(  )     -    ;;;129.778.568-11;;;;;
PASSAROS;;;TIMBAUBAS;;;;RUA JOÃO PAULO I , 305;;;;;;;;;;;

;;;;;;;;;;;;;;;;;;;;;;;;

1194;OCELIA MOREIRA DIAS EPP;;;CRATO;;;;CE;  .   -   ;;( 8)83521-3202;;;05.914.939/0001-85;;06.684.065-1;;;
OCELIA;;;CENTRO;;;;R. MONSENHOR ESMERALDO, 721;;;;;;;;;;;

;;;;;;;;;;;;;;;;;;;;;;;;

3234;PAULO CEZAR DE ALMEIDA;;;BARBALHA;;;;CE;63.180-000;;( 8)89201-4633;;;327.216.413-87;;;;;
;;;BARBALHA;;;;R. SENADOR ALENCAR, 364;;;;;;;;;;;

;;;;;;;;;;;;;;;;;;;;;;;;

6212;PAULO SERGIO FERREIRA DE MOURA;;;JUAZEIRO DO NORTE;;;;CE;63.100-000;;(  ) 8864-2941;;;21.141.073/0001-73;;063526360;;;
MERCADINHO ALEXANDRE;;;BETOLANDIA;;;;RUA PROJETADA, 55;;;;;;;;;;;

;;;;;;;;;;;;;;;;;;;;;;;;

2615;PAULO SERGIO MENDES DE LIMA;;;BARBALHA;;;;CE;63.180-000;;(88) 3532-0999;;;00.264.603/0001-09;;069219036;;;
MERCANTIL SAO PAULO;;;SANTO ANTONIO;;;;AV JULES RIMENTE , 251;;;;;;;;;;;

;;;;;;;;;;;;;;;;;;;;;;;;

5563;PEDRO DOS SANTOS DE LIMA;;;JUAZEIRO DO NORTE;;;;CE;63.010-970;;(  )99970-5050;;;22.965.293/0001-84;;064613470;;;
MERCADINHO LIMA;;;BETOLANDIA;;;;RUA GOVERNADOR MIGUEL ARRAES, 28;;;;;;;;;;;

;;;;;;;;;;;;;;;;;;;;;;;;

2094;PEDRO EVANGELISTA SALES;;;CRATO;;;;CE;63.122-290;;( 8)83523-7620;;;311.539.683-04;;60036672;;;
;;;PINTO MADEIRA;;;;AV PERIMETRAL, 111;;;;;;;;;;;

;;;;;;;;;;;;;;;;;;;;;;;;

5613;PEDRO TAVARES SANTANA;;;BARBALHA;;;;CE;63.180-000;;(  )99260-8093;;;21.112.360/0001-55;;063518910;;;
MERCANTIL BELEM;;;CIROLANDIA;;;;RUA DR PIO, 432;;;;;;;;;;;

;;;;;;;;;;;;;;;;;;;;;;;;

6194;PEREIRA E NASCIMENTO ALIMENTOS;;;BARBALHA;;;;CE;63.180-000;;(  ) 9261-4465;;;23.752.117/0001-27;;064891496;;;
MERCANTIL E FRIGORIFEGO SAO JOSE;;;SÍTIO LAGOA;;;;AV SANTA LUZIA, 1;;;;;;;;;;;

;;;;;;;;;;;;;;;;;;;;;;;;

2191;RAIMUNDA PEREIRA DA CUNHA ME;;;CRATO;;;;CE;63.110-500;;(88) 9775-4808;;;09.115.771/0001-07;;062158570;;;
ROSA DANTAS;;;CENTRO;;;;R. CORONEL LUIZ TEIXEIRA, 1145;;;;;;;;;;;

;;;;;;;;;;;;;;;;;;;;;;;;

6834;RAIMUNDO DOS SANTOS GOMES;;;JUAZEIRO DO NORTE;;;;CE;63.043-440;;(88)98838-1559;;;33.009.911/0064-12;;068004869;;;
MERCEARIA DO RAY;;;FREI DAMIAO;;;;RUA RENAN FELIPE DE CARVALHO, 157;;;;;;;;;;;

;;;;;;;;;;;;;;;;;;;;;;;;

388;RAIMUNDO ESTACIO GOMES RIBEIRO MICROEMPRESA;;;JUAZEIRO DO NORTE;;;;CE;63.010-000;;(  ) 3511-1850;;;04.242.738/0001-16;;063059207;;;
MERCANTIL JAMILY;;;CENTRO;;;;R. SAO PAULO, 623;;;;;;;;;;;

;;;;;;;;;;;;;;;;;;;;;;;;

;;;;;;;;;;;;;;;;;;;;;;;;

ERES Informática LTDA.;;;;;PAG: 149;;;20/08/2026 - 09:44:21;;;025;

;;;;;;;;;;;;;;;;;;;;;;;;
;;;;;;;;;;;;;;;;;;;;;;;;

;;
;;;FRANCISCO LUCIANO ALVES HONORIO ME;;;;;;;
;;;Clientes por Vendedor  ;;;;;
;;

;;;;;;;;;;;;;;;;;;;;;;;;

Código;Nome Cliente;;;Cidade;;;;UF;CEP;;FONE;;;C.P.F./C.N.P.J;;R.G./C.G.F.;;;
Nome Fantasia;;;Bairro;;;;Endereço;;;;;

5424;RITA DE CASSIA VERICIO DA SILVA;;;BARBALHA;;;;CE;63.180-000;;(  )99418-3763;;;15.460.721/0001-51;;066002729;;;
MERCADINHO DE CASSIA;;;COND. NOSSA SENHORA DE FATIMA;;;;RUA LYDIO DE FREITAS, 625;;;;;;;;;;;

;;;;;;;;;;;;;;;;;;;;;;;;

2342;RITA EPAMINONDAS SOUZA ALMEIDA;;;CRATO;;;;CE;63.122-290;;( 8)88832-0326;;;01.447.213/0001-29;;06.977.605-9;;;
;;;PINTO MADEIRA;;;;AV.PERIMETRAL D.FRANCISCO, 729;;;;;;;;;;;

;;;;;;;;;;;;;;;;;;;;;;;;

4160;ROSA DOS SANTOS SILVA;;;JUAZEIRO DO NORTE;;;;CE;63.000-000;;(88) 9921-4687;;;887.012.043-00;;;;;
;;;TRIANGULO;;;;SOCORRO MOTA,882, 882;;;;;;;;;;;

;;;;;;;;;;;;;;;;;;;;;;;;

3562;ROSIMAR LEANDRO GARCIA;;;JUAZEIRO DO NORTE;;;;CE;  .   -   ;;(  )     -    ;;;642.632.313-68;;;;;
ROSIMAR;;;SAO JOSE;;;;R. SILVANA COUTO, 32;;;;;;;;;;;

;;;;;;;;;;;;;;;;;;;;;;;;

119;RYANI NASCIMENTO SAMPAIO;;;BARBALHA;;;;CE;63.180-000;;(88) 3532-1267;;;742.292.733-04;;;;;
MERCADINHO ALVORADA;;;BULANDEIRA;;;;AV PAULO MARQUES, 465;;;;;;;;;;;

;;;;;;;;;;;;;;;;;;;;;;;;

6144;SALOMAO DE OLIVEIRA CARDOSO;;;JUAZEIRO DO NORTE;;;;CE;63.024-350;;(  )99434-7614;;;14.240.798/0001-53;;;;;
MERCANTIL COZINHA DO SAO JOSE;;;SÃO JOSE;;;;RUA MOESIO DE SOUSA SILVA, 120;;;;;;;;;;;

;;;;;;;;;;;;;;;;;;;;;;;;

3220;SANTANA FRANCISCA DE SA;;;BARBALHA;;;;CE;63.180-000;;( 8)89208-8402;;;723.850.223-20;;;;;
;;;SANTO ANTONIO;;;;RUA T. 12, 53;;;;;;;;;;;

;;;;;;;;;;;;;;;;;;;;;;;;

3786;SEBASTIAO FERRO DE SOUZA;;;JUAZEIRO DO NORTE;;;;CE;63.000-000;;(88) 8826-0831;;;095.340.948-11;;;;;
POR TRAS DO TG;;;TRIANGULO;;;;R. ENGENHEIRO JOSE WALTER, 903;;;;;;;;;;;

;;;;;;;;;;;;;;;;;;;;;;;;

5527;SILVESTRE BERTO DA SILVA;;;CRATO;;;;CE;63.122-000;;(  ) 3521-3433;;;007.484.418-08;;;;;
SILVESTRE;;;CENTRO;;;;RUA PADRE HENRILE, 2;;;;;;;;;;;

;;;;;;;;;;;;;;;;;;;;;;;;

6786;SIMONE GARCIA DOS SANTOS;;;JUAZEIRO DO NORTE;;;;CE;63.043-190;;(88)98829-4369;;;012.266.833-20;;;;;
MERCANTIL DO GREGORIO;;;FREI DAMIAO;;;;RUA POETA JOSE MERGULHAO DE SOUSA, 4;;;;;;;;;;;

;;;;;;;;;;;;;;;;;;;;;;;;

1706;SUPER ECONOMICO COMERCIO DE ALIMENTOS LIMITADA;;;CRATO;;;;CE;63.101-220;;(  )     -    ;;;03.123.142/0003-04;;061951811;;;
JOSIFRAN;;;CENTRO;;;;RUA MONSENHOR ESMERALDO, 626;;;;;;;;;;;

;;;;;;;;;;;;;;;;;;;;;;;;

442;SUPER ECONOMICO COMERCIO DE ALIMENTOS LIMITADA;;;JUAZEIRO DO NORTE;;;;CE;63.050-470;;( 8)83511-5029;;;03.123.142/0001-34;;062804405;;;
SUPERMERCADO ECONOMICO;;;PIRAJA;;;;R. ABEL SOBREIRA, 193;;;;;;;;;;;

;;;;;;;;;;;;;;;;;;;;;;;;

;;;;;;;;;;;;;;;;;;;;;;;;

ERES Informática LTDA.;;;;;PAG: 150;;;20/08/2026 - 09:44:21;;;025;

;;;;;;;;;;;;;;;;;;;;;;;;
;;;;;;;;;;;;;;;;;;;;;;;;

;;
;;;FRANCISCO LUCIANO ALVES HONORIO ME;;;;;;;
;;;Clientes por Vendedor  ;;;;;
;;

;;;;;;;;;;;;;;;;;;;;;;;;

Código;Nome Cliente;;;Cidade;;;;UF;CEP;;FONE;;;C.P.F./C.N.P.J;;R.G./C.G.F.;;;
Nome Fantasia;;;Bairro;;;;Endereço;;;;;

5516;SUPERMERCADO ALBUQUERQUE LTDA;;;JUAZEIRO DO NORTE;;;;CE;63.020-620;;(  ) 3572-0586;;;20.610.445/0001-09;;063460211;;;
SUPERMERCADO ALBUQUERQUE;;;AEROPORTO;;;;RUA APARICIO ROCHA SOBREIRA, 214;;;;;;;;;;;

;;;;;;;;;;;;;;;;;;;;;;;;

2827;TELITO FILGUEIRA SAMPAIO TELES ME;;;BARBALHA;;;;CE;  .   -   ;;( 8)89211-4501;;;09.439.544/0001-29;;063601885;;;
;;;CENTRO;;;;RUA MARIA ANGELICA C. DE ALENCAR , 81;;;;;;;;;;;

;;;;;;;;;;;;;;;;;;;;;;;;

5178;TERESINHA CRUZ VIEIRA;;;BARBALHA;;;;CE;63.180-000;;(88) 9612-4155;;;19.594.395/0001-26;;67228909;;;
EM FRENTE AO CAMPO;;;MALVINAS;;;;AV LUIZ GONZAGA, 1192;;;;;;;;;;;

;;;;;;;;;;;;;;;;;;;;;;;;

2211;TEREZINHA ALVES LUCINDO FILHA ME;;;CRATO;;;;CE;63.100-000;;( 8)83521-2717;;;00.290.780/0001-51;;06.934.146-0;;;
TEREZINHA;;;VILA ALTA;;;;R. PAULO ELPIDIO, 521;;;;;;;;;;;

;;;;;;;;;;;;;;;;;;;;;;;;

4069;TIAGO DA SILVA GADELHA;;;JUAZEIRO DO NORTE;;;;CE;63.020-190;;(88) 3511-7670;;;027.490.113-70;;0000000000;;;
OLGA MERCANTIL;;;FRANCISCANOS;;;;RUA SAO GERALDO , 68;;;;;;;;;;;

;;;;;;;;;;;;;;;;;;;;;;;;

6820;TIAGO TELES BARBOSA;;;CRATO;;;;CE;63.132-130;;(88)99930-5276;;;33.338.553/0001-08;;069347905;;;
FRIGORIFICO POINT DA CARNE;;;MURITI;;;;RUA NOSSA SENHORA DA CONCEIÇAO, 229;;;;;;;;;;;

;;;;;;;;;;;;;;;;;;;;;;;;

3866;UEDES FRANCISCO E SILVA;;;BARBALHA;;;;CE;63.180-000;;(88)21570-510 ;;;10.666.057/0001-88;;063779234;;;
MERCADINHO MAIS;;;BELA VISTA;;;;RUA T22, 258;;;;;;;;;;;

;;;;;;;;;;;;;;;;;;;;;;;;

2862;VALDECI GONCALVES PINHEIRO;;;CRATO;;;;CE;63.100-000;;(88) 3521-2238;;;06.886.121/0001-69;;060005661;;;
;;;OSSEAN ARARIPE;;;;RUA ABDON DA FRANCA ALENCAR, 571;;;;;;;;;;;

;;;;;;;;;;;;;;;;;;;;;;;;

6306;VANESSA LIMA MATIAS;;;JUAZEIRO DO NORTE;;;;CE;63.010-000;;(  ) 3511-2299;;;062.848.143-80;;;;;
MERCEARIA DO MAINHA;;;CENTRO;;;;RUA SAO PAULO, 605;;;;;;;;;;;

;;;;;;;;;;;;;;;;;;;;;;;;

6138;VANUZA DA SILVA PEIXOTO;;;JUAZEIRO DO NORTE;;;;CE;63.040-745;;(  )99358-4800;;;745.539.763-15;;;;;
MERCADINHO PEIXOTO;;;TRIÂNGULO;;;;RUA LUIZ DE FREITAS, 708;;;;;;;;;;;

;;;;;;;;;;;;;;;;;;;;;;;;

5296;VERDURAO SAO GERALDO;;;CRATO;;;;CE;63.100-000;;(  )     -    ;;;   .   .   -  ;;;;;
ANTIGO PONTO X;;;MIRANDAO;;;;RUA PRESIDENTE JOAO GOULART, 929;;;;;;;;;;;

;;;;;;;;;;;;;;;;;;;;;;;;

5790;VILARIO DA SILVA PEREIRA;;;JUAZEIRO DO NORTE;;;;CE;63.051-050;;(  )99950-4645;;;24.570.943/0001-18;;064934535;;;
VS DISTRIBUIDORA;;;JOAO CABRAL;;;;DA PAZ, 1413;;;;;;;;;;;

;;;;;;;;;;;;;;;;;;;;;;;;

;;;;;;;;;;;;;;;;;;;;;;;;

ERES Informática LTDA.;;;;;PAG: 151;;;20/08/2026 - 09:44:21;;;025;

;;;;;;;;;;;;;;;;;;;;;;;;
;;;;;;;;;;;;;;;;;;;;;;;;;;;

;;
;;;FRANCISCO LUCIANO ALVES HONORIO ME;;;;;;;
;;;Clientes por Vendedor  ;;;;;
;;

;;;;;;;;;;;;;;;;;;;;;;;;;;;

Código;Nome Cliente;;;;;;Cidade;;;;UF;CEP;;FONE;;;C.P.F./C.N.P.J;;R.G./C.G.F.;;;
Nome Fantasia;;;;;;Bairro;;;;Endereço;;;;;

6809;WANDEESON MATHEUS SOARES DE SOUZA;;;;;;JUAZEIRO DO NORTE;;;;CE;63.024-310;;(88)99706-5752;;;073.203.323-37;;20086001170;;;
FRIGORIFICO E MERCADINHO SAO MIGUEL;;;;;;SÃO JOSÉ;;;;RUA ANTONIO DE CASTRO NETO, 100;;;;;;;;;;;

;;;;;;;;;;;;;;;;;;;;;;;;;;;

5722;WELLERY GONCALVES MOREIRA;;;;;;JUAZEIRO DO NORTE;;;;CE;63.031-140;;(88)99288-0460;;;20.128.703/0001-07;;067309690;;;
MERCANTIL MOREIRA;;;;;;TIRADENTES;;;;PROF IVANIR FEITOSA DE OLIVEIRA, 400;;;;;;;;;;;

;;;;;;;;;;;;;;;;;;;;;;;;;;;

5509;WESLEY MUNIZ BARBOSA;;;;;;CRATO;;;;CE;63.122-000;;(  ) 3523-2984;;;070.501.303-03;;;;;
SAO FRANCISCO;;;;;;BATATEIRAS;;;;AV J P B DE MENEZES, 120;;;;;;;;;;;

;;;;;;;;;;;;;;;;;;;;;;;;;;;

Clientes listados Vendedor:;;;;;;;;301;;;;;;;;;;;;;;;;;;;

Vendedor:;6832;;WILTON MATIAS GUEDES PINHEIRO;;;;;;;;;;;;;;;;;;;
6784;MARCIO PEDRO ALENCAR;;;;;;CRATO;;;;CE;63.133-450;;(88)99901-1846;;;085.788.364-05;;;;;
MERCADINHO DO MARCIO;;;;;;SAO JOSE;;;;RUA MOACIR GONDIM LOSSIO, 1115;;;;;;;;;;;

;;;;;;;;;;;;;;;;;;;;;;;;;;;

Clientes listados Vendedor:;;;;;;;;1;;;;;;;;;;;;;;;;;;;

Vendedor:;6879;;JOAO HUMBERTO DUARTE ROCHA;;;;;;;;;;;;;;;;;;;
6884;ADERNILSON DA SILVA BARBOSA;;;;;;ARARIPE;;;;CE;63.170-000;;(  )     -    ;;;37.028.185/0001-52;;06.254359-8;;;
MINI PRECO ;;;;;;CAMPO DE AVIAÇÃO ;;;;RUA SANTOS DUMMONT , 0;;;;;;;;;;;

;;;;;;;;;;;;;;;;;;;;;;;;;;;

7057;CICERO VALDEMAR DA SILVA;;;;;;JATI;;;;CE;63.275-000;;(88)98819-4489;;;43.185.820/0001-08;;070114625;;;
CASA DA RACAO;;;;;;CENTRO;;;;R MANOEL LEOBINO, 113;;;;;;;;;;;

;;;;;;;;;;;;;;;;;;;;;;;;;;;

Clientes listados Vendedor:;;;;;;;;2;;;;;;;;;;;;;;;;;;;

Vendedor:;6933;;FRANCISCO PERICLYS BRILHANTE;;;;;;;;;;;;;;;;;;;
6879;JOAO HUMBERTO DUARTE ROCHA;;;;;;BARBALHA;;;;CE;63.180-000;;(88)98130-8057;;;068.075.893-36;;20072574326;;;
HUMBERTO;;;;;;CENTRO;;;;RUA SENADOR ALENCAR, 261;;;;;;;;;;;

;;;;;;;;;;;;;;;;;;;;;;;;;;;

6993;JUNIO DOS SANTOS;;;;;;ALTANEIRA;;;;CE;  .   -   ;;(  )     -    ;;;037.870.413-38;;2002098042383;;;
JUNIO;;;;;;;;;;, 0;;;;;;;;;;;

;;;;;;;;;;;;;;;;;;;;;;;;;;;

Clientes listados Vendedor:;;;;;;;;2;;;;;;;;;;;;;;;;;;;

;;;;;;;;;;;;;;;;;;;;;;;;;;;

ERES Informática LTDA.;;;;;;PAG: 152;;;20/08/2026 - 09:44:21;;;025;

;;;;;;;;;;;;;;;;;;;;;;;;;;;
;;;;;;;;;;;;;;;;;;;;;;;;;

;;
;;;FRANCISCO LUCIANO ALVES HONORIO ME;;;;;;;
;;;Clientes por Vendedor  ;;;;;
;;

;;;;;;;;;;;;;;;;;;;;;;;;;

Código;Nome Cliente;;;;Cidade;;;;UF;CEP;;FONE;;;C.P.F./C.N.P.J;;R.G./C.G.F.;;;
Nome Fantasia;;;;Bairro;;;;Endereço;;;;;

Vendedor:;6993;;JUNIO DOS SANTOS;;;;;;;;;;;;;;;;;
702;ALDENIA GONCALVES DA SILVA MICROEMPRESA;;;;IPAUMIRIM;;;;CE;63.340-000;;( 8)83567-1303;;;07.094.412/0001-87;;066993989;;;
ALDENIA;;;;CENTRO;;;;TRAV JOSE FERREIRA BARROS, 70;;;;;;;;;;;

;;;;;;;;;;;;;;;;;;;;;;;;;

7106;ANDRADE & MARTINS SUPERMERCADO LTDA;;;;PARAMBU;;;;CE;63.680-000;;(88)99989-4999;;;18.840.788/0001-00;;065286006;;;
SUPER PARAIBA;;;;CENTRO;;;;R MANOEL ALVES TEIXEIRA, 147;;;;;;;;;;;

;;;;;;;;;;;;;;;;;;;;;;;;;

1167;ANTONIO A. DE OLIVEIRA - EPP;;;;IPAUMIRIM;;;;CE;63.340-000;;( 8)83567-1187;;;07.518.624/0001-44;;064277518;;;
;;;;CENTRO;;;;TRAV CEL JOSE DIAS, 10;;;;;;;;;;;

;;;;;;;;;;;;;;;;;;;;;;;;;

652;AURELIANO TAVARES DE LUNA - EPP;;;;IPAUMIRIM;;;;CE;63.340-000;;( 8)8 567-1003;;;05.643.364/0001-03;;066783640;;;
;;;;CENTRO;;;;R. TRAVESSA CEL. JORGE DIAS, 38;;;;;;;;;;;

;;;;;;;;;;;;;;;;;;;;;;;;;

644;BALBINO ROLIN NETO - EPP;;;;IPAUMIRIM;;;;CE;63.340-000;;( 8)83567-3003;;;03.190.917/0001-94;;062827570;;;
BALBINO ROLIN;;;;FELIZARDO;;;;RUA ZECA FELIZARDO, 169;;;;;;;;;;;

;;;;;;;;;;;;;;;;;;;;;;;;;

6691;CICERA MARIANNE BATISTA SILVA;;;;JUAZEIRO DO NORTE;;;;CE; 6.300-000;;(  ) 9728-1910;;;036.509.263-00;;;;;
PONTO DAS RACOES;;;;ROMEIRÃO;;;;RUA DR JOSE PARACAMPOS, 490;;;;;;;;;;;

;;;;;;;;;;;;;;;;;;;;;;;;;

7020;CRISTIANO RICARTE EVANGELISTA;;;;ASSARE;;;;CE;63.140-000;;( 8)89689-2827;;;36.492.605/0001-94;;062321021;;;
C R RACOES;;;;PEDRA DE FOGO;;;; AVENIDA FILEMON FREIRE , 304;;;;;;;;;;;

;;;;;;;;;;;;;;;;;;;;;;;;;

7290;FRANCISCO GILVAN JUSTINO RIBEIRO ;;;;JUAZEIRO DO NORTE;;;;CE;63.000-000;;(  )     -    ;;;10.571.069/0001-29;;063727609;;;
MERCADINHO SAO FRANCISCO ;;;;ANTONIO VIEIRA ;;;;RUA LADISLAU DE ARRUDA CAMPOS , 181;;;;;;;;;;;

;;;;;;;;;;;;;;;;;;;;;;;;;

2712;FRANCISCO IVAN JORGE;;;;IPAUMIRIM;;;;CE;  .   -   ;;( 8)89911-5729;;;07.568.355/0001-20;;068382766;;;
;;;;CENTRO;;;;RUA BENTO VIEIRA 298, 0;;;;;;;;;;;

;;;;;;;;;;;;;;;;;;;;;;;;;

7208;GERALDO EDILON COELHO;;;;PEDRA BRANCA;;;;CE;63.631-000;;(88)98121-0249;;;41.662.225/0001-90;;061325139;;;
SUPERMERCADO DO JOSE FILHO ;;;;SANTA CRUZ DO BANABUIU CRUZETA 0-20;;;;RUA CECILIA VIANA, 0;;;;;;;;;;;

;;;;;;;;;;;;;;;;;;;;;;;;;

7268;ISLANIA FERREIRA MOREIRA;;;;JUAZEIRO DO NORTE;;;;CE;63.022-160;;(  )     -    ;;;18.478.043/0001-42;;065189957;;;
BOI DE OURO;;;;ANTÔNIO VIEIRA;;;;LADISLAU DE ARRUDA CAMPOS , 700;;;;;;;;;;;

;;;;;;;;;;;;;;;;;;;;;;;;;

;;;;;;;;;;;;;;;;;;;;;;;;;

ERES Informática LTDA.;;;;;;PAG: 153;;;20/08/2026 - 09:44:21;;;025;

;;;;;;;;;;;;;;;;;;;;;;;;;
;;;;;;;;;;;;;;;;;;;;;;;;;;;

;;
;;;FRANCISCO LUCIANO ALVES HONORIO ME;;;;;;;
;;;Clientes por Vendedor  ;;;;;
;;

;;;;;;;;;;;;;;;;;;;;;;;;;;;

Código;Nome Cliente;;;;;;Cidade;;;;UF;CEP;;FONE;;;C.P.F./C.N.P.J;;R.G./C.G.F.;;;
Nome Fantasia;;;;;;Bairro;;;;Endereço;;;;;

Vendedor:;6993;;JUNIO DOS SANTOS;;;;;;;;;;;;;;;;;;;
6794;JOSE ARNALDO DA SILVA ;;;;;;JUAZEIRO DO NORTE;;;;CE;63.041-050;;(88)99995-1598;;;19.257.198/0001-11;;067109446;;;
SACALAO ANJO GABRIEL;;;;;;TRIANGULO;;;;RUA CLOTILDE NOROES MOTA , 5;;;;;;;;;;;

;;;;;;;;;;;;;;;;;;;;;;;;;;;

5539;JOSEFA CANDIDO DA SILVA;;;;;;JUAZEIRO DO NORTE;;;;CE;63.020-080;;(88)98818-7748;;;589.124.363-68;;00000000000;;;
MERCADINHO FARIAS;;;;;;LIMOEIRO;;;;RUA PRIMEIRO DE MAIO, 1015;;;;;;;;;;;

;;;;;;;;;;;;;;;;;;;;;;;;;;;

7011;M. V. MOTA ALIMENTOS;;;;;;PARAMBU;;;;CE;63.680-000;;(88)99668-0308;;;30.551.484/0001-28;;067684424;;;
SUPER MATEUS ATACAREJO;;;;;;BELEZA;;;;R FRANCISCO COTA, 77;;;;;;;;;;;

;;;;;;;;;;;;;;;;;;;;;;;;;;;

7608;MARCOS ALVES DA SILVA ;;;;;;JUAZEIRO DO NORTE;;;;CE;63.082-000;;(88)99447-8370;;;022.832.103-48;;;;;
MERCANTIL MAIZA;;;;;;PALMEIRINHA ;;;;RUA NELSON TAVARES , 80;;;;;;;;;;;

;;;;;;;;;;;;;;;;;;;;;;;;;;;

4029;MARIA FILOMENA MORAIS;;;;;;JUAZEIRO DO NORTE;;;;CE;  .   -   ;;( 8)88808-6012;;;556.674.145-20;;;;;
;;;;;;FREI DAMIAO;;;;RUA MARIA DE FREITAS, 74;;;;;;;;;;;

;;;;;;;;;;;;;;;;;;;;;;;;;;;

429;MARIA JOSE LEITE PEREIRA;;;;;;JUAZEIRO DO NORTE;;;;CE;  .   -   ;;(  )     -    ;;;776.738.243-53;;;;;
CICERA LEITE;;;;;;MUTIRAO;;;;R. ANTONIA BERNARDINO DA SILVA, 93, 0;;;;;;;;;;;

;;;;;;;;;;;;;;;;;;;;;;;;;;;

6850;MICHERLA DJANE DUARTE LEITE;;;;;;JUAZEIRO DO NORTE;;;;CE;  .   -   ;;(  )99927-9710;;;016.876.833-01;;;;;
MERCANTIL GELADAO;;;;;;PIRAJA;;;;AVENIDA CASTELO BRANCO, 1526;;;;;;;;;;;

;;;;;;;;;;;;;;;;;;;;;;;;;;;

423;ROSEO NETO GONCALVES ME;;;;;;JUAZEIRO DO NORTE;;;;CE;63.040-090;;( 8)83571-6230;;;41.451.733/0001-20;;06.898.717-0;;;
MARIA LINDETE ;;;;;;LAGOA SECA;;;;R. DAO ALMEIDA, 242, 0;;;;;;;;;;;

;;;;;;;;;;;;;;;;;;;;;;;;;;;

2748;ROSINEIDE A.DO NASCIMENTO;;;;;;JUAZEIRO DO NORTE;;;;CE;63.010-000;;( 8)83541-0003;;;10.546.671/0001-06;;063726025;;;
;;;;;;CENTRO;;;;R.SAO PAULO,665, 0;;;;;;;;;;;

;;;;;;;;;;;;;;;;;;;;;;;;;;;

6497;SAMARA SUIANE SAMPAIO;;;;;;BARBALHA;;;;CE;63.180-000;;(  )99234-6979;;;36.263.992/0001-97;;062274406;;;
CASA DE RACAO E CEREAIS SAMPAIO SIEBRA;;;;;;MALVINAS;;;;RUA P 13 STA TEREZINHA, 18;;;;;;;;;;;

;;;;;;;;;;;;;;;;;;;;;;;;;;;

7019;SEBASTIANA ALEXANDRINO MONTEIRO DE LIMA;;;;;;NOVA OLINDA;;;;CE;63.165-000;;(88)99334-8297;;;42.258.466/0001-31;;06.176538-4;;;
AGROPET NOVA OLINDA;;;;;;CENTRO;;;;10A RUA ALVIM ALVES, 84;;;;;;;;;;;

;;;;;;;;;;;;;;;;;;;;;;;;;;;

Clientes listados Vendedor:;;;;;;;;22;;;;;;;;;;;;;;;;;;;

;;;;;;;;;;;;;;;;;;;;;;;;;;;

ERES Informática LTDA.;;;;;;PAG: 154;;;20/08/2026 - 09:44:21;;;025;

;;;;;;;;;;;;;;;;;;;;;;;;;;;
;;;;;;;;;;;;;;;;;;;;;;;;;;;

;;
;;;FRANCISCO LUCIANO ALVES HONORIO ME;;;;;;;
;;;Clientes por Vendedor  ;;;;;
;;

;;;;;;;;;;;;;;;;;;;;;;;;;;;

Código;Nome Cliente;;;;;;Cidade;;;;UF;CEP;;FONE;;;C.P.F./C.N.P.J;;R.G./C.G.F.;;;
Nome Fantasia;;;;;;Bairro;;;;Endereço;;;;;

Vendedor:;7193;;DIÓGENES MAGALHÃES AZEVEDO FEITOZA;;;;;;;;;;;;;;;;;;;
6810;IZABEL HOLANDA BEZERRA-ME;;;;;;CRATO;;;;CE;63.113-190;;(88)99691-9807;;;40.754.610/0001-03;;0614719992;;;
FOCINHOS CARINHOSOS;;;;;;NOVO CRATO;;;;RUA IRMÃ PAULITA, 155;;;;;;;;;;;

;;;;;;;;;;;;;;;;;;;;;;;;;;;

4749;MARCOS ANTONIO;;;;;;SERRITA;;;;PE;  .   -   ;;(  )     -    ;;;   .   .   -  ;;;;;
;;;;;;CENTRO;;;;AV. CORONEL CHICO ROMA, 646;;;;;;;;;;;

;;;;;;;;;;;;;;;;;;;;;;;;;;;

7655;MARIA DA PENHA BRITO PETSHOP LTDA;;;;;;CRATO;;;;CE;63.100-100;;(88)98112-2183;;;45.362.049/0001-22;;;;;
PETMANIA CRATO;;;;;;CENTRO;;;;RUA TRISTAO GONCALVES, 317;;;;;;;;;;;

;;;;;;;;;;;;;;;;;;;;;;;;;;;

4776;MERCADINHO FELIZARDO;;;;;;SERRITA;;;;PE;  .   -   ;;(  )     -    ;;;   .   .   -  ;;;;;
PAULO;;;;;;CENTRO;;;;AV. BELTRAO DE HOLANDA, 145;;;;;;;;;;;

;;;;;;;;;;;;;;;;;;;;;;;;;;;

4698;MERCANTIL MOURAO;;;;;;CRATO;;;;CE;  .   -   ;;(  )     -    ;;;   .   .   -  ;;;;;
;;;;;;SOSSEGO;;;;RUA PADRE DAVID, 64;;;;;;;;;;;

;;;;;;;;;;;;;;;;;;;;;;;;;;;

Clientes listados Vendedor:;;;;;;;;5;;;;;;;;;;;;;;;;;;;

Vendedor:;7195;;FRANCISCO EDSON CLEMENTE SIEBRA;;;;;;;;;;;;;;;;;;;
7233;FRANCISCO XAVIER SANTANA FILHO ;;;;;;;;;;CE;63.111-230;;(88)9    -    ;;;800.717.913-53;;263472693;;;
MERCADINHO XAVIER ;;;;;;NOVO LAMEIRO;;;;RUA FRANCISCO EDSON , 4;;;;;;;;;;;

;;;;;;;;;;;;;;;;;;;;;;;;;;;

Clientes listados Vendedor:;;;;;;;;1;;;;;;;;;;;;;;;;;;;

;;;;;;;;;;;;;;;;;;;;;;;;;;;

ERES Informática LTDA.;;;;;;PAG: 155;;;20/08/2026 - 09:44:21;;;025;

;;;;;;;;;;;;;;;;;;;;;;;;;;;
;;;;;;;;;;;;;;;;;;;;;;;;;

;;
;;;FRANCISCO LUCIANO ALVES HONORIO ME;;;;;;;
;;;Clientes por Vendedor  ;;;;;
;;

;;;;;;;;;;;;;;;;;;;;;;;;;

Código;Nome Cliente;;;;Cidade;;;;UF;CEP;;FONE;;;C.P.F./C.N.P.J;;R.G./C.G.F.;;;
Nome Fantasia;;;;Bairro;;;;Endereço;;;;;

Vendedor:;7280;;JONAS VENANCIO DA SILVA;;;;;;;;;;;;;;;;;
7855; EDVAR ALVES LIMA FILHO;;;;TAUA;;;;CE;63.660-000;;(  )99931-1248;;;53.014.368/0001-75;;071635777;;;
PET HAUSE;;;;ALTO NELANDIA;;;;AVENIDA ODILON AGUIAR, 269;;;;;;;;;;;

;;;;;;;;;;;;;;;;;;;;;;;;;

7893; FRANCISCO EDGLEUSON FERREIRA LIMA;;;;AIUABA;;;;CE;63.575-000;;(  )99846-8786;;;12.411.230/0001-22;;064086666;;;
;;;;CAICARA;;;;R AUGUSTA SANTANA SILVA, 130;;;;;;;;;;;

;;;;;;;;;;;;;;;;;;;;;;;;;

7822; INGRID LIMA OLIVEIRA VIEIRA;;;;ARARIPE;;;;CE;63.170-000;;(83)99699-8805;;;53.885.967/0001-64;;071751157;;;
VIEIRA PET;;;;CENTRO;;;;AVENIDA JOSE LOIOLA ALENCAR, 0;;;;;;;;;;;

;;;;;;;;;;;;;;;;;;;;;;;;;

7996; LEILSON RODRIGUES LIMA;;;;PARAMBU;;;;CE;63.680-000;;(88)99669-1846;;;60.953.124/0001-13;;072612231;;;
LEILSON RACOES ;;;;CENTRO;;;;RUA PEDRO ALVES DA COSTA, 110;;;;;;;;;;;

;;;;;;;;;;;;;;;;;;;;;;;;;

8072; PAULO MARTINS BARBOZA;;;;SALITRE;;;;CE;63.155-000;;(88)99367-5015;;;63.237.738/0001-97;;067513310;;;
COMERCIAL MARTINS;;;;CENTRO;;;;10A RUA RUA SANTO ANTONIO, 497;;;;;;;;;;;

;;;;;;;;;;;;;;;;;;;;;;;;;

7162;A A DE A NASCIMENTO;;;;CRATEUS;;;;CE;63.700-088;;(88)99496-0020;;;43.757.389/0001-27;;07.027144-5;;;
ESPACO ANIMAL;;;;CENTRO;;;;RUA DOUTOR MOREIRA DA ROCHA, 941;;;;;;;;;;;

;;;;;;;;;;;;;;;;;;;;;;;;;

7848;A ALMEIDA DA FRANCA;;;;TAUA;;;;CE;63.660-000;;(  )99944-0520;;;27.740.111/0001-90;;066524270;;;
CASA DO ANIMAL - VETMIX;;;;CENTRO;;;;RUA FARMACEUTICA NENEM BORGES, 277;;;;;;;;;;;

;;;;;;;;;;;;;;;;;;;;;;;;;

7749;A E BEZERRA JUNIOR ME;;;;CRATEUS;;;;CE;63.700-061;;(88)99262-7469;;;12.565.342/0001-38;;064152766;;;
MERCANTIL PRIMAVERA ;;;;CENTRO ;;;;CEL LUCIO, 639;;;;;;;;;;;

;;;;;;;;;;;;;;;;;;;;;;;;;

5660;A INACIO NETO EIRELI - ME;;;;TAUA;;;;CE;63.660-000;;(  )     -    ;;;23.170.490/0001-70;;064753255;;;
NETO IRRIGACOES;;;;CENTRO;;;;GAL ANTONIO LUIZ G. NETO, 15;;;;;;;;;;;

;;;;;;;;;;;;;;;;;;;;;;;;;

7285;A PEREIRA DA SILVA ARMARINHO;;;;ALTANEIRA;;;;CE;63.195-000;;(88)99862-8848;;;00.072.567/0001-73;;06.910981-8;;;
MERCEARIA BOM PRECO;;;;ZONA RURAL;;;;LOC SERRA DO VALERIO, 230;;;;;;;;;;;

;;;;;;;;;;;;;;;;;;;;;;;;;

;;;;;;;;;;;;;;;;;;;;;;;;;

ERES Informática LTDA.;;;;;;PAG: 156;;;20/08/2026 - 09:44:21;;;025;

;;;;;;;;;;;;;;;;;;;;;;;;;
;;;;;;;;;;;;;;;;;;;;;;;;

;;
;;;FRANCISCO LUCIANO ALVES HONORIO ME;;;;;;;
;;;Clientes por Vendedor  ;;;;;
;;

;;;;;;;;;;;;;;;;;;;;;;;;

Código;Nome Cliente;;;Cidade;;;;UF;CEP;;FONE;;;C.P.F./C.N.P.J;;R.G./C.G.F.;;;
Nome Fantasia;;;Bairro;;;;Endereço;;;;;

6979;A W BATISTA SOUSA;;;SABOEIRO;;;;CE;63.590-000;;(  )     -    ;;;35.370.350/0001-24;;062977440;;;
ATACAREJO SOUSA;;;CENTRO;;;;R FERNANDES BASTOS, 378;;;;;;;;;;;

;;;;;;;;;;;;;;;;;;;;;;;;

6639;A. A MOREIRA SUPERMERCADO EIRELI;;;CAMPOS SALES;;;;CE;63.150-000;;(  )99699-8220;;;37.407.089/0001-15;;062831739;;;
SACOLAO AVENIDA;;;CENTRO;;;;FRANCISCO DA CHAGAS, 226;;;;;;;;;;;

;;;;;;;;;;;;;;;;;;;;;;;;

7474;A. A. MOREIRA SUPERMERCADO LTDA;;;CAMPOS SALES;;;;CE;63.150-000;;(88)99699-8220;;;37.407.089/0002-04;;070702845;;;
ATACAREJO AVENIDA;;;CENTRO;;;;R CORONEL BALECO, 720;;;;;;;;;;;

;;;;;;;;;;;;;;;;;;;;;;;;

5291;A. B. BEZERRA BRAGA MERCANTIL - ME;;;SABOEIRO;;;;CE;63.590-000;;(88)99780-9793;;;12.350.910/0001-83;;064218139;;;
MERCANTIL DERLI;;;CENTRO;;;;TV CENTRO DE ABASTECIMENTO, 5;;;;;;;;;;;

;;;;;;;;;;;;;;;;;;;;;;;;

3594;A. CESARIO DA SILVA ME;;;SALITRE;;;;CE;63.155-000;;( 8)89413-9554;;;13.875.740/0001-13;;065663357;;;
RAIMUNDO CESARIO;;;ALTO ALEGRE;;;;RUA SANTA LUZIA, 84;;;;;;;;;;;

;;;;;;;;;;;;;;;;;;;;;;;;

8097;A. E. L. P. JUNIOR LTDA;;;INDEPENDENCIA;;;;CE;63.640-000;;(88)99986-0975;;;55.780.369/0001-56;;029509834;;;
RANCHO PEET;;;CENTRO;;;;R DAS PEDRINHAS, 249;;;;;;;;;;;

;;;;;;;;;;;;;;;;;;;;;;;;

7013;A. GERILAN VITOR EVANGELISTA;;;CATARINA;;;;CE;63.595-000;;(88)98831-6848;;;09.591.741/0001-69;;063635550;;;
MERCANTIL DO GERILAN;;;VILA LAGOINHA;;;;AV ANTONIO AMANCIO RODRIGUES, 64;;;;;;;;;;;

;;;;;;;;;;;;;;;;;;;;;;;;

7016;A.I. VITOR EVANGELISTA ME;;;CATARINA;;;;CE;63.595-000;;(88)98808-8602;;;11.454.879/0001-68;;063909952;;;
SUPERMERCADO E PANIFICADORA  PALADAR;;;CENTRO ;;;;RUA ANTÔNIO LEITÃO , 541;;;;;;;;;;;

;;;;;;;;;;;;;;;;;;;;;;;;

4447;ADAILTON MANOEL DE ALENCAR MERCEARIA ME;;;CAMPOS SALES;;;;CE;63.150-000;;(88)99983-7419;;;09.339.916/0001-45;;063586495;;;
COMERCIAL VIEIRAO;;;CENTRO;;;;TRAVESSA MOTA, 60;;;;;;;;;;;

;;;;;;;;;;;;;;;;;;;;;;;;

7745;ADRIANA DE PAULA CASTRO;;;CRATEUS;;;;CE;63.705-774;;(88)99623-8138;;;17.335.731/0001-90;;065013808;;;
MERCADINHO E FRIGORIFICO UNIAO ;;;CIDADE NOVA;;;;RUA JOELSON SILVA BARROS, 890;;;;;;;;;;;

;;;;;;;;;;;;;;;;;;;;;;;;

7997;ADRIEL GONCALVES DOS SANTOS;;;PARAMBU;;;;CE;  .   -   ;;(  )99298-4026;;;612.184.073-01;;;;;
;;;BAIRRO BELEZA;;;;RUA CAZE NORONHA, 195;;;;;;;;;;;

;;;;;;;;;;;;;;;;;;;;;;;;

7042;AGAPITO CIRILO DE OLIVEIRA 00827662319;;;ARARIPE;;;;CE;63.170-000;;(88)99437-4503;;;45.847.920/0001-88;;070541930;;;
AGAPITO RACOES;;;RIACHO GRANDE;;;;RUA  JOSE CIRILO, 14;;;;;;;;;;;

;;;;;;;;;;;;;;;;;;;;;;;;

;;;;;;;;;;;;;;;;;;;;;;;;

ERES Informática LTDA.;;;;;PAG: 157;;;20/08/2026 - 09:44:21;;;025;

;;;;;;;;;;;;;;;;;;;;;;;;
;;;;;;;;;;;;;;;;;;;;;;;;

;;
;;;FRANCISCO LUCIANO ALVES HONORIO ME;;;;;;;
;;;Clientes por Vendedor  ;;;;;
;;

;;;;;;;;;;;;;;;;;;;;;;;;

Código;Nome Cliente;;;Cidade;;;;UF;CEP;;FONE;;;C.P.F./C.N.P.J;;R.G./C.G.F.;;;
Nome Fantasia;;;Bairro;;;;Endereço;;;;;

7049;AGLAYRTON GUEDES FEITOSA- ME;;;CATARINA;;;;CE;63.595-000;;(88)99972-2975;;;40.353.738/0001-57;;063283352;;;
AGRO PET;;;CENTRO ;;;;RUA JOSE RODRIGUES P NETO, 909;;;;;;;;;;;

;;;;;;;;;;;;;;;;;;;;;;;;

6312;AGRO & PET CENTER RACOES EIRELI;;;CRATEUS;;;;CE;63.700-000;;(  )99742-0888;;;30.877.221/0001-03;;067692982;;;
AGRO PET CENTER;;;CENTRO;;;;RUA CORONEL LUCIO, 650;;;;;;;;;;;

;;;;;;;;;;;;;;;;;;;;;;;;

5500;ALBERTO GONCALVES DE PINHO NETO;;;AIUABA;;;;CE;  .   -   ;;(  )     -    ;;;035.770.993-48;;2004034048840SSP-CE;;;
LH CONSTRUCOES E VETERINARIA;;;;;;;RUA FRANCISCO VALDIVNO, 33;;;;;;;;;;;

;;;;;;;;;;;;;;;;;;;;;;;;

6074;ALDAIR ALMEIDA DA FRANCA;;;TAUA;;;;CE;63.155-000;;(88)99944-0520;;;601.428.003-09;;;;;
ALDAIR RACOES;;;CENTRO;;;;RUA FARMACEUTICO NENE BORDGES, 277;;;;;;;;;;;

;;;;;;;;;;;;;;;;;;;;;;;;

4302;ALEICA REJANE SOUSA DA SILVA - ME;;;ASSARE;;;;CE;63.140-000;;(88)99685-6548;;;08.789.509/0001-77;;062074920;;;
MERCADINHO DO CAETANO;;;VEQUEJADA;;;;RUA DO CAMPO, 4;;;;;;;;;;;

;;;;;;;;;;;;;;;;;;;;;;;;

6463;ALVARO ERONALDO DA SILVA;;;ASSARE;;;;CE;63.140-000;;(  )99215-9201;;;27.588.580/0001-36;;066480191;;;
AGROEXTREMA;;;CENTRO;;;;RUA PADRE EMILIO CABRAL, 220;;;;;;;;;;;

;;;;;;;;;;;;;;;;;;;;;;;;

7345;ALZERINA DA COSTA SOUSA SILVA;;;ARARIPE;;;;CE;63.170-000;;(88)99338-6390;;;30.787.993/0001-54;;;;;
MERCADINHO DO CAMPO;;;AEROPORTO;;;;R RUA AFONSO NILTON DE ALENCAR LIMA, 104;;;;;;;;;;;

;;;;;;;;;;;;;;;;;;;;;;;;

7907;AMAURI  HONORATO RIBEIRO ;;;SALITRE;;;;CE;  .   -   ;;(55)19988-9146;;;864.496.483-68;;;;;
;;;CENTRO ;;;;RUA SAO PEDRO, 225;;;;;;;;;;;

;;;;;;;;;;;;;;;;;;;;;;;;

5615;ANA ALVES VIDAL DO NACIMENTO;;;SANTANA DO CARIRI;;;;CE;63.190-000;;(88)99669-5252;;;264.887.508-52;;;;;
MERCADINHO VIDAL;;; HIUMAS;;;;RUA CENTRAL, 345;;;;;;;;;;;

;;;;;;;;;;;;;;;;;;;;;;;;

7774;ANA ARISLA BEZERRA LIMA;;;TAUA;;;;CE;63.660-000;;(88)99931-1248;;;47.615.262/0001-24;;070812489;;;
PET HAUSE;;;CENTRO;;;;10A AVENIDA ODILON AGUIAR, 269;;;;;;;;;;;

;;;;;;;;;;;;;;;;;;;;;;;;

7920;ANA BEATRIZ ALEXANDRINO GONCALVES;;;NOVA OLINDA;;;;CE;63.165-000;;(  )99334-8297;;;59.732.459/0001-22;;072463317;;;
AGROPET;;;CENTRO;;;;RUA NAZARIO RIBEIRO, 106;;;;;;;;;;;

;;;;;;;;;;;;;;;;;;;;;;;;

7237;ANA JULIA GOMES FERREIRA ;;;ARARIPE;;;;CE;63.170-000;;(88)99259-5503;;;096.246.143-18;;;;;
CESTA BASICA MERCANTIL DO POVO;;;CENTRO ;;;;RUA ALEXANDRE ARRAIS, 729;;;;;;;;;;;

;;;;;;;;;;;;;;;;;;;;;;;;

;;;;;;;;;;;;;;;;;;;;;;;;

ERES Informática LTDA.;;;;;PAG: 158;;;20/08/2026 - 09:44:21;;;025;

;;;;;;;;;;;;;;;;;;;;;;;;
;;;;;;;;;;;;;;;;;;;;;;;;

;;
;;;FRANCISCO LUCIANO ALVES HONORIO ME;;;;;;;
;;;Clientes por Vendedor  ;;;;;
;;

;;;;;;;;;;;;;;;;;;;;;;;;

Código;Nome Cliente;;;Cidade;;;;UF;CEP;;FONE;;;C.P.F./C.N.P.J;;R.G./C.G.F.;;;
Nome Fantasia;;;Bairro;;;;Endereço;;;;;

7094;ANA KAROLINY RIBEIRO DA SILVA;;;ARARIPE;;;;CE;63.617-000;;(88)99280-2815;;;100.568.483-90;;;;;
;;;CAMPO DO AVIÃO ;;;;RUA JOSE NILTON DE ALENCAR, 236;;;;;;;;;;;

;;;;;;;;;;;;;;;;;;;;;;;;

5665;ANA MARIA LINARD ARRAIS - ME;;;ANTONINA DO NORTE;;;;CE;63.570-000;;(  )99400-3899;;;09.488.687/0001-20;;063611384;;;
CLIK STUDIO;;;CENTRO;;;;R SANTO ANTONIO, 107;;;;;;;;;;;

;;;;;;;;;;;;;;;;;;;;;;;;

8069;ANCELMO M GOMES;;;CRATEUS;;;;CE;63.700-121;;(88)99801-3442;;;50.309.583/0001-05;;;;;
PONTO DAS RACOES;;;CENTRO;;;;RUA GENTIL LINHARES, 111;;;;;;;;;;;

;;;;;;;;;;;;;;;;;;;;;;;;

2389;ANDRE SILVIO GOMES DOS SANTOS;;;ASSARE;;;;CE;63.140-000;;(  )     -    ;;;867.071.833-20;;;;;
MERCADINHO CASA DA ECONOMIA ;;;CENTRO;;;;RUA  EUCLIDES ONOFRE, 278;;;;;;;;;;;

;;;;;;;;;;;;;;;;;;;;;;;;

7075;ANTONIA AGLAETE MACEDO DE ALENCAR;;;ALTANEIRA;;;;CE;63.195-000;;(88)99292-0225;;;004.514.093-61;;99099047755;;;
;;;CENTRO ;;;;RUA JOSE RUFINO DE OLIVEIRA , 18;;;;;;;;;;;

;;;;;;;;;;;;;;;;;;;;;;;;

6504;ANTONIA AMELIA VIERA;;;POTENGI;;;;CE;63.160-000;;(  )99309-1648;;;233.127.773-72;;;;;
MERCADINHO SEU RAIMUNDO;;;CENTRO;;;;RUA MANOEL MONTEIRO, 492;;;;;;;;;;;

;;;;;;;;;;;;;;;;;;;;;;;;

7758;ANTONIA AVELINO DOS SANTOS SOUZA;;;TARRAFAS;;;;CE;63.145-000;;(88)99279-3026;;;071.054.463-40;;;;;
;;;BULANDEIRA;;;;AVENIDA MARIA LUIZA LEITE SANTOS , 1021;;;;;;;;;;;

;;;;;;;;;;;;;;;;;;;;;;;;

6690;ANTONIA BARROS DE SOUSA;;;ASSARE;;;;CE;63.140-000;;(  )99865-2146;;;35.279.001/0001-00;;;;;
RESTAURANTE COME BEM SELF SERVICE;;;CENTRO;;;;RUA PADRE AGAMENOM DE MATOS COELHO, 78;;;;;;;;;;;

;;;;;;;;;;;;;;;;;;;;;;;;

6408;ANTONIA CONSUELO BEZERRA LIMA;;;NOVA OLINDA;;;;CE;63.165-000;;(  )99323-6401;;;026.869.653-55;;;;;
MERCADINHO DO FABIANO;;;PISSARREIRA;;;;TRAVESSA LEONEL PEREIRA, 10;;;;;;;;;;;

;;;;;;;;;;;;;;;;;;;;;;;;

7666;ANTONIA ELIEUZA GUEDES;;;SALITRE;;;;CE;63.155-000;;(  )99321-5361;;;781.524.613-34;;;;;
MERCANTIL DO DADA;;;CENTRO;;;;RUA ANTONIO LEITE ALENCAR, 420;;;;;;;;;;;

;;;;;;;;;;;;;;;;;;;;;;;;

5819;ANTONIA IVA FERREIRA DOS SANTOS;;;TAUA;;;;CE;63.660-000;;(88)99631-1061;;;143.895.718-18;;;;;
R LEITAO RACOES E CEREAIS;;;CENTRO;;;;RUA GERVINA MARIA DE LIMA, 32;;;;;;;;;;;

;;;;;;;;;;;;;;;;;;;;;;;;

7717;ANTONIA KAROENY GONCALVES MOREIRA;;;QUITERIANOPOLIS;;;;CE;63.650-000;;(  )     -    ;;;070.303.053-10;;;;;
;;;SITIO TREVO ;;;;Sítio trevo, 0;;;;;;;;;;;

;;;;;;;;;;;;;;;;;;;;;;;;

;;;;;;;;;;;;;;;;;;;;;;;;

ERES Informática LTDA.;;;;;PAG: 159;;;20/08/2026 - 09:44:21;;;025;

;;;;;;;;;;;;;;;;;;;;;;;;
;;;;;;;;;;;;;;;;;;;;;;;;

;;
;;;FRANCISCO LUCIANO ALVES HONORIO ME;;;;;;;
;;;Clientes por Vendedor  ;;;;;
;;

;;;;;;;;;;;;;;;;;;;;;;;;

Código;Nome Cliente;;;Cidade;;;;UF;CEP;;FONE;;;C.P.F./C.N.P.J;;R.G./C.G.F.;;;
Nome Fantasia;;;Bairro;;;;Endereço;;;;;

3695;ANTONIA VERA LUCIA DA SILVA ME;;;ASSARE;;;;CE;63.140-000;;(88)99357-0252;;;13.396.498/0001-03;;065579194;;;
MERCANTIL MAXIMO;;;CENTRO;;;;RUA PADRE EMILIO CABRA, 354;;;;;;;;;;;

;;;;;;;;;;;;;;;;;;;;;;;;

7679;ANTONIO ALBERTO BENEVIDES SOARES JUNIOR;;;TAUA;;;;CE;63.660-000;;(  )99654-2666;;;037.439.243-90;;070431671;;;
AGROPECUARIA INHAMUNS;;;CENTRO ;;;;RUA JORNALISTA DOMINGO , 19;;;;;;;;;;;

;;;;;;;;;;;;;;;;;;;;;;;;

4119;ANTONIO ALVES DE SOUSA AGROPECUARIOS;;;TARRAFAS;;;;CE;63.145-000;;(88)99413-0731;;;05.056.875/0001-29;;066679850;;;
;;;CENTRO;;;;RUA BOA VISTA, 295;;;;;;;;;;;

;;;;;;;;;;;;;;;;;;;;;;;;

7089;ANTONIO ALVES DE SOUZA CEREAIS;;;TARRAFAS;;;;CE;63.145-000;;(88)99469-8850;;;07.570.047/0001-30;;062512730;;;
MERCANTIL E DISTRIBUIDORA SOUZA;;;CENTRO;;;;RUA JOSE CANDIDO DE ARAUJO, 13;;;;;;;;;;;

;;;;;;;;;;;;;;;;;;;;;;;;

5578;ANTONIO ALVES DOS SANTOS;;;SABOEIRO;;;;CE;63.590-000;;(88) 3526-1191;;;223.092.503-25;;;;;
CASA DO SERTÃO;;;CENTRO;;;;FERNANDO VASTO , 5;;;;;;;;;;;

;;;;;;;;;;;;;;;;;;;;;;;;

7619;ANTONIO ANTERO DE OLIVEIRA;;;AIUABA;;;;CE;  .   -   ;;(67)99633-3320;;;041.365.394-36;;;;;
MERCADINHO FORTALEZA ;;;CENTRO;;;;ARMANDO ARRAIS FEITOZA, 34;;;;;;;;;;;

;;;;;;;;;;;;;;;;;;;;;;;;

6309;ANTONIO BEZERRA DE MELO MICROEMPRESA;;;CRATEUS;;;;CE;63.700-000;;(  ) 3691-7393;;;06.940.407/0001-85;;068074417;;;
ANTONIO BEZERRA;;;CENTRO;;;;MERCADO PUBLICO CRATEUS, 6;;;;;;;;;;;

;;;;;;;;;;;;;;;;;;;;;;;;

7010;ANTONIO CARDOSO DE OLIVEIRA;;;ARARIPE;;;;CE;63.170-000;;(88)99404-1099;;;46.101.670/0001-03;;07.057749-8;;;
CASA RURAL;;;RIACHO GRANDE;;;;10  RUA RAIMUNDO ELESBAO, 0;;;;;;;;;;;

;;;;;;;;;;;;;;;;;;;;;;;;

6334;ANTONIO CELIO MACEDO SOARES;;;NOVO ORIENTE;;;;CE;63.560-000;;(88)99602-1009;;;480.513.732-00;;;;;
AGROPECUARIA MACHADO;;;CENTRO;;;;AV FRANCISCO RUFINO, 10;;;;;;;;;;;

;;;;;;;;;;;;;;;;;;;;;;;;

8033;ANTONIO CLAUDIO MONTEIRO CHUPIL;;;ALTANEIRA;;;;CE;63.195-000;;(  )99276-3385;;;024.687.809-65;;;;;
;;;MANIÇOBA ;;;;RUA PADRE AGAMENON COELHO , 30;;;;;;;;;;;

;;;;;;;;;;;;;;;;;;;;;;;;

7543;ANTONIO CLEBSON DE OLIVEIRA ;;;TAUA;;;;CE;63.660-000;;(88)99939-7033;;;061.348.123-23;;;;;
MERCADINHO BASTIANA;;;ALTO BRILHANTE ;;;;JULIO GONSALVES DA SILVA, 1170;;;;;;;;;;;

;;;;;;;;;;;;;;;;;;;;;;;;

6427;ANTONIO FRANCISCO DE SOUSA;;;PARAMBU;;;;CE;63.680-000;;(  )99906-4638;;;046.325.776-69;;;;;
CASA DO TEMPERO E EMBALAGENS;;;CENTRO;;;;RUA MANOEL ALEXANDRE, 83;;;;;;;;;;;

;;;;;;;;;;;;;;;;;;;;;;;;

;;;;;;;;;;;;;;;;;;;;;;;;

ERES Informática LTDA.;;;;;PAG: 160;;;20/08/2026 - 09:44:21;;;025;

;;;;;;;;;;;;;;;;;;;;;;;;
;;;;;;;;;;;;;;;;;;;;;;;;

;;
;;;FRANCISCO LUCIANO ALVES HONORIO ME;;;;;;;
;;;Clientes por Vendedor  ;;;;;
;;

;;;;;;;;;;;;;;;;;;;;;;;;

Código;Nome Cliente;;;Cidade;;;;UF;CEP;;FONE;;;C.P.F./C.N.P.J;;R.G./C.G.F.;;;
Nome Fantasia;;;Bairro;;;;Endereço;;;;;

499;ANTONIO GOMES DA SILVA BAR - EPP;;;AIUABA;;;;CE;63.575-000;;(88) 3524-6005;;;00.836.722/0001-80;;068258399;;;
MERCANTIL SILVA;;;ZONA RURAL;;;;SAO NICOLAU, 5;;;;;;;;;;;

;;;;;;;;;;;;;;;;;;;;;;;;

7696;ANTONIO IRANILDO PEREIRA BATISTA;;;ASSARE;;;;CE;63.140-000;;(88)99445-8061;;;53.616.370/0001-14;;071717811;;;
CENTRO AGRO RACOES;;;CENTRO;;;;RUA PADRE AGAMENON DE MATOS COELHO, 50;;;;;;;;;;;

;;;;;;;;;;;;;;;;;;;;;;;;

3488;ANTONIO ISAIAS PEREIRA SEVERO ME;;;POTENGI;;;;CE;63.160-000;;(88) 3538-1161;;;69.714.434/0001-50;;068524730;;;
MERCADINHO  TETA;;;CENTRO;;;;RUA FRANCISCO GUEDES, 35;;;;;;;;;;;

;;;;;;;;;;;;;;;;;;;;;;;;

6858;ANTONIO JACKSON TOMAS CAVALCANTE;;;CAMPOS SALES;;;;CE;63.150-000;;(88)99981-6052;;;087.993.353-44;;;;;
;;;APARECIDA;;;;AV. FRANCISCO VELOSO DE ANDRADE, 63;;;;;;;;;;;

;;;;;;;;;;;;;;;;;;;;;;;;

6310;ANTONIO JORGE A SOARES ME;;;CRATEUS;;;;CE;63.700-000;;(  )99902-9579;;;27.492.540/0001-96;;066491045;;;
PET SHOP & CIA;;;FATIMA II;;;;RUA DOM PEDRO II, 1590;;;;;;;;;;;

;;;;;;;;;;;;;;;;;;;;;;;;

4152;ANTONIO LEONARDO DA SILVA;;;ANTONINA DO NORTE;;;;CE;63.570-000;;(88) 3525-1525;;;078.292.208-24;;;;;
KMA MOVEIS,MERCADINHO E CONSTRUCOES;;;CENTRO;;;;RUA ANANIAS DE MATOS ARRAS, 550;;;;;;;;;;;

;;;;;;;;;;;;;;;;;;;;;;;;

7095;ANTONIO LUAN GOMES FARIAS;;;CRATEUS;;;;CE;63.708-445;;(88)99666-7202;;;29.955.163/0001-00;;067535267;;;
L A CONSTRUCAO;;;VENANCIOS;;;;AVENIDA DOUTOR SOARES COSTA, 260;;;;;;;;;;;

;;;;;;;;;;;;;;;;;;;;;;;;

6336;ANTONIO LUIZ GOMES BATISTA;;;QUITERIANOPOLIS;;;;CE;63.650-000;;(85)99642-4228;;;28.647.707/0001-03;;06.680818-9;;;
A L G RACAO E CONSTRUCAO;;;CENTRO;;;;RUA PADRE MOACIR, 177;;;;;;;;;;;

;;;;;;;;;;;;;;;;;;;;;;;;

7158;ANTONIO RIBAMAR VIEIRA;;;INDEPENDENCIA;;;;CE;63.640-000;;(88)92000-0132;;;01.439.373/0001-26;;069773700;;;
MERCADINHO SENHORA SANTANA;;;SAO VICENTE;;;;RUA  SAO VICENTE, 905;;;;;;;;;;;

;;;;;;;;;;;;;;;;;;;;;;;;

4114;ANTONIO RIBEIRO SAMPAIO ME;;;ANTONINA DO NORTE;;;;CE;63.570-000;;(  ) 3538-4059;;;06.176.400/0001-39;;063734060;;;
CASA DO CRIADOR;;;CENTRO;;;;AV NELITO MENDES, 351;;;;;;;;;;;

;;;;;;;;;;;;;;;;;;;;;;;;

5775;ANTONIO RODRIGUES VIEIRA;;;CRATEUS;;;;CE;63.700-000;;(88)99966-1660;;;366.853.303-25;;0000000000;;;
MAGALHAES CEREAIS;;;CENTRO;;;;MERCADO PUBLICO BLOCO, 20;;;;;;;;;;;

;;;;;;;;;;;;;;;;;;;;;;;;

6341;ANTONIO SOARES DE SOUSA;;;CRATEUS;;;;CE;63.700-000;;(  )     -    ;;;35.016.336/0001-27;;06.009814-7;;;
MERCADINHO JULIMAR;;;CENTRO;;;;MERCADO NOVO, 56;;;;;;;;;;;

;;;;;;;;;;;;;;;;;;;;;;;;

;;;;;;;;;;;;;;;;;;;;;;;;

ERES Informática LTDA.;;;;;PAG: 161;;;20/08/2026 - 09:44:21;;;025;

;;;;;;;;;;;;;;;;;;;;;;;;
;;;;;;;;;;;;;;;;;;;;;;;;

;;
;;;FRANCISCO LUCIANO ALVES HONORIO ME;;;;;;;
;;;Clientes por Vendedor  ;;;;;
;;

;;;;;;;;;;;;;;;;;;;;;;;;

Código;Nome Cliente;;;Cidade;;;;UF;CEP;;FONE;;;C.P.F./C.N.P.J;;R.G./C.G.F.;;;
Nome Fantasia;;;Bairro;;;;Endereço;;;;;

6559;ANTONIO VERISSIMO SUBRINHO;;;TAUA;;;;CE;63.660-000;;(  )99932-7760;;;37.092.471/0001-87;;06.255828-5;;;
ADEGA DO ALMIR;;;ALDEOTA;;;;AVENIDA CHERMONT ALVES, 72;;;;;;;;;;;

;;;;;;;;;;;;;;;;;;;;;;;;

6342;ANTONIO WAGNER CLAUDINO SALES ME;;;CRATEUS;;;;CE;63.700-000;;(88)99692-9911;;;07.532.757/0001-75;;06.009603-9;;;
RANCHARIA W E S;;;CENTRO;;;;R DR. MOREIRA DA ROCHA, 654;;;;;;;;;;;

;;;;;;;;;;;;;;;;;;;;;;;;

7005;APARECIDO DE OLIVEIRA  E SILVA;;;POTENGI;;;;CE;63.160-000;;(  )     -    ;;;794.037.943-72;;;;;
;;;POPULAR ;;;;RUA 102 , 93;;;;;;;;;;;

;;;;;;;;;;;;;;;;;;;;;;;;

6351;AQUILES VIEIRA VIANA ME;;;NOVO ORIENTE;;;;CE;63.740-000;;(88)99970-1212;;;25.280.720/0001-89;;06.537297-2;;;
MERCADINHO JOSAFA;;;CENTRO;;;;RUA ANTONIO CLAUDINO, 297;;;;;;;;;;;

;;;;;;;;;;;;;;;;;;;;;;;;

5771;ARLINDO BESERRA CAMELO MERCEARIA MICROEMPRESA;;;CRATEUS;;;;CE;63.700-000;;( 8)83692-3180;;;00.487.885/0001-03;;069508658;;;
OMEGA MERCADINHO;;;CAJAS;;;;RUA QUINTINO CUNHA , 1113;;;;;;;;;;;

;;;;;;;;;;;;;;;;;;;;;;;;

7082;ASSOCIACAO PROJETO LILICA;;;NOVA OLINDA;;;;CE;63.165-000;;(88)99283-6726;;;30.720.752/0001-98;;ISENTO;;;
ASSOCIACAO PROJETO LILICA;;;CENTRO;;;;R 7 DE SETEMBRO, 69;;;;;;;;;;;

;;;;;;;;;;;;;;;;;;;;;;;;

6703;BENEDITO CANDIDO DE SOUSA;;;ARARIPE;;;;CE;63.170-000;;(  )     -    ;;;41.328.840/0001-65;;;;;
MERCANTIL PADRE CICERO;;;ALAGOINHA;;;;R JOAO LUIZ, 60;;;;;;;;;;;

;;;;;;;;;;;;;;;;;;;;;;;;

7583;C MARCOS NETO MERCADINHO;;;CAMPOS SALES;;;;CE;63.150-000;;( 6)18538-0797;;;20.424.185/0001-79;;;;;
MERCADINHO SAO MIGUEL;;;CENTRO;;;;AVENIDA FRANCISCO DAS CHAGAS ARRAIS, 244;;;;;;;;;;;

;;;;;;;;;;;;;;;;;;;;;;;;

5340;CAIO LIBORIO COMERCIAL DE ALIMENTOS LTDA - ME;;;ASSARE;;;;CE;63.140-000;;(88) 3535-1033;;;12.948.351/0001-08;;064193322;;;
MERCANTIL PAGUE MENOS;;;CENTRO;;;;RUA PADRE EMILIO CABRAL, 270;;;;;;;;;;;

;;;;;;;;;;;;;;;;;;;;;;;;

7125;CAMILA DE CASTRO HONORIO ALEXANDRE;;;INDEPENDENCIA;;;;CE;63.640-000;;(85)98198-6808;;;37.884.680/0001-63;;061693170;;;
AGROPECUARIA DATERRA;;;CENTRO;;;;RUA SANTA TEREZINHA, 432;;;;;;;;;;;

;;;;;;;;;;;;;;;;;;;;;;;;

7006;CARLA LUANA DE OLIVEIRA SANTOS;;;ARARIPE;;;;CE;63.170-000;;(  )     -    ;;;065.855.103-56;;20078785060;;;
MERCADO FEITOSA;;;BREJINHO ;;;;RUA ANTÔNIO GUEDES, 189;;;;;;;;;;;

;;;;;;;;;;;;;;;;;;;;;;;;

7699;CARLOS MARTINS DE OLIVEIRA ;;;QUITERIANOPOLIS;;;;CE;63.650-000;;(92)98154-8321;;;749.077.432-20;;;;;
CARLOS MARTINS;;;ALTO BRILHANTE ;;;;RUA ZACARIA ANTONIO OLIVEIRA , 80;;;;;;;;;;;

;;;;;;;;;;;;;;;;;;;;;;;;

;;;;;;;;;;;;;;;;;;;;;;;;

ERES Informática LTDA.;;;;;PAG: 162;;;20/08/2026 - 09:44:21;;;025;

;;;;;;;;;;;;;;;;;;;;;;;;
;;;;;;;;;;;;;;;;;;;;;;;;

;;
;;;FRANCISCO LUCIANO ALVES HONORIO ME;;;;;;;
;;;Clientes por Vendedor  ;;;;;
;;

;;;;;;;;;;;;;;;;;;;;;;;;

Código;Nome Cliente;;;Cidade;;;;UF;CEP;;FONE;;;C.P.F./C.N.P.J;;R.G./C.G.F.;;;
Nome Fantasia;;;Bairro;;;;Endereço;;;;;

7698;CASA DA RACAO CATARINA LTDA;;;CATARINA;;;;CE;63.595-000;;(88)98822-7487;;;52.558.796/0001-04;;071579184;;;
CASA DA RACAO;;;CENTRO;;;;PRACA ALZIRA RODRIGUES DE ALBUQUERQUE, 494;;;;;;;;;;;

;;;;;;;;;;;;;;;;;;;;;;;;

981;CASA DO CRIADOR DOIS IRMAOS LTDA ME;;;NOVA OLINDA;;;;CE;63.165-000;;(88) 3546-1210;;;04.785.422/0001-70;;063179270;;;
FLAVIO ARAUJO/CASA DO CRIADOR;;;CENTRO;;;;AVENIDA JEREMIAS PEREIRA, 208;;;;;;;;;;;

;;;;;;;;;;;;;;;;;;;;;;;;

7150;CESAR OLIVEIRA DOS SANTOS;;;NOVO ORIENTE;;;;CE;63.740-000;;(88)99636-9610;;;26.274.657/0001-30;;065451767;;;
PADARIA DO CESAR ;;;CENTRO;;;;RUA ELPIDIO RODRIGUES, 290;;;;;;;;;;;

;;;;;;;;;;;;;;;;;;;;;;;;

4205;CEZARINO ALVES DE OLIVEIRA NETO;;;SABOEIRO;;;;CE;63.590-000;;(88)99799-5407;;;13.533.170/0001-83;;065627229;;;
MERCANTIL OLINDA;;;CENTRO;;;;R AMELIA LIMA BRAGA, 191;;;;;;;;;;;

;;;;;;;;;;;;;;;;;;;;;;;;

4144;CICERA ROMANA DA SILVA ME;;;SANTANA DO CARIRI;;;;CE;63.190-000;;(  )     -    ;;;00.614.660/0001-62;;06.954327-5;;;
MERCADINHO ROMANA;;;ESTIVA;;;;RUA DO COMERCIO, 127;;;;;;;;;;;

;;;;;;;;;;;;;;;;;;;;;;;;

5769;CICERO ALVES DE ALBUQUERQUE FILHO ME;;;NOVO ORIENTE;;;;CE;63.740-000;;(88)99750-1492;;;23.002.385/0001-21;;064618641;;;
AGROPECUARIA ALBUQUERQUE;;;CENTRO;;;;RUA SETE DE SETENBRO, 335;;;;;;;;;;;

;;;;;;;;;;;;;;;;;;;;;;;;

6971;CICERO CELIO DA SILVA ;;;NOVA OLINDA;;;;CE;63.165-000;;(  )     -    ;;;42.750.424/0001-13;;;;;
CASA DO TEMPERO SHALOM;;;CENTRO;;;;AVENIDA JEREMIAS PEREIRA , 223;;;;;;;;;;;

;;;;;;;;;;;;;;;;;;;;;;;;

8148;CICERO DAMIAO PEREIRA DE CARVALHO ;;;ARARIPE;;;;CE; 6.317-000;;(88)99416-7860;;;033.654.853-25;;;;;
MERCADINHO CARVALHO;;;BREJINHO;;;;LUIZ PEREIRA , 27;;;;;;;;;;;

;;;;;;;;;;;;;;;;;;;;;;;;

6645;CICERO DAMIAO PEREIRA DE CARVALHO;;;ARARIPE;;;;CE; 6.317-000;;(88)99416-7860;;;39.904.501/0001-38;;061319961;;;
MERCADINHO CARVALHO;;;BREJINHO;;;;LUIZ PEREIRA , 27;;;;;;;;;;;

;;;;;;;;;;;;;;;;;;;;;;;;

638;CICERO GERALDO DE OLIVEIRA ME;;;POTENGI;;;;CE;63.160-000;;(88)99238-8808;;;00.923.915/0001-79;;060603089;;;
MERCADINHO O GERALDINHO;;;CENTRO;;;;RUA MANOEL MONTEIRO, 258;;;;;;;;;;;

;;;;;;;;;;;;;;;;;;;;;;;;

583;CICERO L B RIBEIRO ME;;;SANTANA DO CARIRI;;;;CE;63.190-000;;(88)99206-5444;;;04.673.999/0001-90;;063160820;;;
MERCANTIL  BATISTA;;;CENTRO;;;;RUA  DR. JOSE AUGUSTO, 255;;;;;;;;;;;

;;;;;;;;;;;;;;;;;;;;;;;;

6440;CICERO LUIZ RODRIGUES DE MARTINS;;;ALTANEIRA;;;;CE;63.195-000;;(  )99928-9621;;;34.636.250/0001-34;;06.146608-5;;;
CASA DE RACAO RALY;;;CENTRO;;;;PADRE DAVID MOREIRA, 114;;;;;;;;;;;

;;;;;;;;;;;;;;;;;;;;;;;;

;;;;;;;;;;;;;;;;;;;;;;;;

ERES Informática LTDA.;;;;;PAG: 163;;;20/08/2026 - 09:44:21;;;025;

;;;;;;;;;;;;;;;;;;;;;;;;
;;;;;;;;;;;;;;;;;;;;;;;;

;;
;;;FRANCISCO LUCIANO ALVES HONORIO ME;;;;;;;
;;;Clientes por Vendedor  ;;;;;
;;

;;;;;;;;;;;;;;;;;;;;;;;;

Código;Nome Cliente;;;Cidade;;;;UF;CEP;;FONE;;;C.P.F./C.N.P.J;;R.G./C.G.F.;;;
Nome Fantasia;;;Bairro;;;;Endereço;;;;;

6792;CICERO MIGUEL FERREIRA;;;SALITRE;;;;CE;63.155-000;;(  )99946-7637;;;24.905.962/0001-58;;06.500123-0;;;
MERCADO DO CICINHO;;;ZONA RURAL;;;;RUA ESPIRITO SANTO, 158;;;;;;;;;;;

;;;;;;;;;;;;;;;;;;;;;;;;

5980;CICERO RODRIGUES FEITOSA NUNES;;;TAUA;;;;CE;63.660-000;;(88)99617-7633;;;28.173.559/0001-32;;066590299;;;
VETERINARY PET SHOP;;;CENTRO;;;;MARFISA CIDRAO, 11;;;;;;;;;;;

;;;;;;;;;;;;;;;;;;;;;;;;

2630;CICERO RODRIGUES PAIVA EPP;;;ASSARE;;;;CE;63.140-000;;(88)99446-5156;;;02.315.546/0001-67;;062672916;;;
FARMA CLINICA;;;CENTRO;;;;AVENIDA SAO FRANCISCO, 65;;;;;;;;;;;

;;;;;;;;;;;;;;;;;;;;;;;;

8101;CICERO S. SOUZA;;;SALITRE;;;;CE;63.155-000;;(88)99437-8418;;;38.497.009/0001-22;;061761060;;;
MERCADINHO SOLAR;;;CENTRO;;;;R STO ANTONIO, 944;;;;;;;;;;;

;;;;;;;;;;;;;;;;;;;;;;;;

8099;CICERO SOARES DE LIMA;;;POTENGI;;;;CE;63.160-000;;(  )98829-9621;;;53.322.610/0001-78;;071691430;;;
MERCEARIA LIMA;;;CENTRO;;;;RUA FRANCISCO GUEDES, 203;;;;;;;;;;;

;;;;;;;;;;;;;;;;;;;;;;;;

3517;CICERO SOARES DE LIMA;;;POTENGI;;;;CE;63.160-000;;(88)99484-3200;;;12.832.784/0001-01;;064172961;;;
MEI;;;CENTRO;;;;R. FRANCISCO GUEDES, 203;;;;;;;;;;;

;;;;;;;;;;;;;;;;;;;;;;;;

6894;CICERO TARCISIO GUEDES DA SILVA ME;;;ASSARE;;;;CE;63.143-000;;(88)98130-8899;;;18.413.958/0001-70;;065169832;;;
MERCANTIL T&F ;;;DISTRITO ARATAMA;;;;AV ALENCAR SEVERINO, S/N, 0;;;;;;;;;;;

;;;;;;;;;;;;;;;;;;;;;;;;

7044;CLAIRTON NICULAU DOS SANTOS;;;ASSARE;;;;CE;63.140-000;;(88)99972-0009;;;10.373.653/0001-70;;063691027;;;
PANIFICADORA E MERCADINHO SANTOS;;;CENTRO;;;;RUA CORONEL JOAO ALVES, 56;;;;;;;;;;;

;;;;;;;;;;;;;;;;;;;;;;;;

7325;CLAUDEICE MENDES DA SILVA 87362813368;;;ALTANEIRA;;;;CE;63.195-000;;(  )99259-9742;;;20.258.053/0001-14;;;;;
MERCADINHO BRUNIELLY;;;CENTRO;;;;R PADRE AGAMENON COELHO, 276;;;;;;;;;;;

;;;;;;;;;;;;;;;;;;;;;;;;

6413;CLAUDENOR PEREIRA DA SILVA;;;ASSARE;;;;CE;63.140-000;;( 9)99621-7222;;;885.188.173-15;;;;;
TEMPERO DO SERTAO;;;CENTRO;;;;MERCADO CENTRAL , 127;;;;;;;;;;;

;;;;;;;;;;;;;;;;;;;;;;;;

6313;CLEYSON T BRAGA FILHO;;;CRATEUS;;;;CE;63.700-000;;(  )99674-7632;;;29.566.089/0001-30;;067485812;;;
PET AVENIDA;;;SAO VICENTE;;;;RUA SARGENTO HERMINIO, 1664;;;;;;;;;;;

;;;;;;;;;;;;;;;;;;;;;;;;

;;;;;;;;;;;;;;;;;;;;;;;;

ERES Informática LTDA.;;;;;PAG: 164;;;20/08/2026 - 09:44:21;;;025;

;;;;;;;;;;;;;;;;;;;;;;;;
;;;;;;;;;;;;;;;;;;;;;;;;

;;
;;;FRANCISCO LUCIANO ALVES HONORIO ME;;;;;;;
;;;Clientes por Vendedor  ;;;;;
;;

;;;;;;;;;;;;;;;;;;;;;;;;

Código;Nome Cliente;;;Cidade;;;;UF;CEP;;FONE;;;C.P.F./C.N.P.J;;R.G./C.G.F.;;;
Nome Fantasia;;;Bairro;;;;Endereço;;;;;

7794;CLINICA VETERINARIA PETVIDA LTDA;;;TARRAFAS;;;;CE;63.145-000;;(88)99279-3026;;;55.481.730/0001-43;;071960899;;;
CLINICA VETERINARIA PETVIDA;;;CENTRO;;;;1A R SAO JOSE, 311;;;;;;;;;;;

;;;;;;;;;;;;;;;;;;;;;;;;

7240;CLOVIS SERGIO GOMES VASCONCELOS;;;CRATEUS;;;;CE;63.700-001;;(88)99751-0010;;;02.235.475/0001-92;;069960224;;;
MERCANTIL CLOVIS ;;;CENTRO;;;;PRACA MERCADO JOAO AFONSO, 40;;;;;;;;;;;

;;;;;;;;;;;;;;;;;;;;;;;;

8184;COMERCIAL BARATAO ALIMENTOS LTDA;;;QUITERIANOPOLIS;;;;CE;63.650-000;;(88)99629-6484;;;65.556.254/0001-36;;073243000;;;
MIX BARATAO;;;CENTRO;;;;RUA ACADEMICO DEUSDETE PEDROSA, 331;;;;;;;;;;;

;;;;;;;;;;;;;;;;;;;;;;;;

7854;COMERCIAL REI DAS BEBIDAS LTDA;;;TAUA;;;;CE;63.660-000;;(88)98112-8383;;;41.102.964/0001-28;;070004030;;;
DEPOSITO REI DAS BEBIDAS;;;CENTRO;;;;R GERVINA M DE LIMA P MOREIRA, 174;;;;;;;;;;;

;;;;;;;;;;;;;;;;;;;;;;;;

7124;CONFIANCE COMERCIO DE ALIMENTOS LTDA;;;CRATEUS;;;;CE;63.700-001;;(88)99792-5942;;;31.906.410/0001-20;;067887643;;;
DISTRIBUIDORA CONFIANCE;;;FATIMA II;;;;RUA JOSE ALBANO, 1216;;;;;;;;;;;

;;;;;;;;;;;;;;;;;;;;;;;;

7642;CRISTIANE OLIVEIRA LOIOLA DE ARAUJO;;;TAUA;;;;CE;63.660-000;;(  )99959-5189;;;04.594.007/0001-30;;063143194;;;
MERCANTIL AMILTON;;;CENTRO;;;;PRAÇA HENRIQUE ANDRADE, 55;;;;;;;;;;;

;;;;;;;;;;;;;;;;;;;;;;;;

5639;CRISTIANO GOMES DE LIMA;;;TAUA;;;;CE;63.660-000;;(88) 3437-3021;;;050.044.563-05;;0000000000;;;
MERCANTIL AVENIDA;;;ALTO BRILHANTE;;;;JULIO GONCALVES DA SILVA, 851;;;;;;;;;;;

;;;;;;;;;;;;;;;;;;;;;;;;

826;DAMIAO BATISTA DE OLIVEIRA;;;POTENGI;;;;CE;  .   -   ;;(88)03538-1264;;;00.439.732/0001-82;;06.003.006-2;;;
;;;CENTRO;;;;R. MANOEL MONTEIRO,215, 0;;;;;;;;;;;

;;;;;;;;;;;;;;;;;;;;;;;;

6719;DAMIAO DA SILVA AMORIM;;;ARARIPE;;;;CE;63.170-000;;(  )99375-1653;;;023.493.473-54;;;;;
MERCADINHO AMORIM;;;CENTRO;;;;RUA SANTO ANTONIO, 186;;;;;;;;;;;

;;;;;;;;;;;;;;;;;;;;;;;;

7151;DANILO SAMPAIO MARTINS TEIXEIRA;;;NOVO ORIENTE;;;;CE;63.740-000;;(88)99992-8152;;;42.825.914/0001-31;;070052573;;;
AGROVET SAMPAIO;;;CENTRO;;;;AVENIDA SAO FRANCISCO, 19;;;;;;;;;;;

;;;;;;;;;;;;;;;;;;;;;;;;

4426;DANUZIO JOAO DUARTE;;;CAMPOS SALES;;;;CE;63.150-000;;(88) 3533-3006;;;532.054.643-20;;;;;
;;;CARMELOPOLIS;;;;R. VIRGILIO GOMES, 58;;;;;;;;;;;

;;;;;;;;;;;;;;;;;;;;;;;;

5817;DAVY SOARES DE MELO;;;TAUA;;;;CE;63.660-000;;(88)99601-3482;;;17.054.900/0001-14;;066209021;;;
ESPACO ANIMAL PET SHOP;;;CHIQUINHO PARMENHO;;;;AVENIDA SERMONTE ALVES DE OLIVEIRA, 1938;;;;;;;;;;;

;;;;;;;;;;;;;;;;;;;;;;;;

;;;;;;;;;;;;;;;;;;;;;;;;

ERES Informática LTDA.;;;;;PAG: 165;;;20/08/2026 - 09:44:21;;;025;

;;;;;;;;;;;;;;;;;;;;;;;;
;;;;;;;;;;;;;;;;;;;;;;;;

;;
;;;FRANCISCO LUCIANO ALVES HONORIO ME;;;;;;;
;;;Clientes por Vendedor  ;;;;;
;;

;;;;;;;;;;;;;;;;;;;;;;;;

Código;Nome Cliente;;;Cidade;;;;UF;CEP;;FONE;;;C.P.F./C.N.P.J;;R.G./C.G.F.;;;
Nome Fantasia;;;Bairro;;;;Endereço;;;;;

6610;DENIS DIEGO DA CONCEICAO LIMA;;;PARAMBU;;;;CE;63.680-000;;(88)99666-3122;;;067.336.673-12;;;;;
HORTFRUTI PARAMBU;;;CENTRO;;;;RUA ANTONIO BENICIO PINHEIRO, 75;;;;;;;;;;;

;;;;;;;;;;;;;;;;;;;;;;;;

8091;DEUSDETE FERREIRA VIANA;;;NOVO ORIENTE;;;;CE;  .   -   ;;( 8)89918-9275;;;060.672.043-04;;;;;
MERCADINHO BAIA;;;CENTRO;;;;RUA DEUCLESIO ARAGÃO , 214;;;;;;;;;;;

;;;;;;;;;;;;;;;;;;;;;;;;

8067;DOMICILIA TORQUATO MAXIMO RICARDO;;;PARAMBU;;;;CE;63.680-000;;(88)99792-0862;;;31.816.947/0001-07;;067848362;;;
CASA DE RACAO ROMUALDO;;;BRASILIA;;;;AVENIDA LUIS GONZAGA FREIRE, 14;;;;;;;;;;;

;;;;;;;;;;;;;;;;;;;;;;;;

2541;EDILANDIA FERNANDES DE FREITAS;;;ANTONINA DO NORTE;;;;CE;63.570-000;;(  )     -    ;;;09.325.469/0001-75;;063579286;;;
MERCADINHO FREITAS;;;CENTRO;;;;RUA JOANA LIMA, 114;;;;;;;;;;;

;;;;;;;;;;;;;;;;;;;;;;;;

6343;EDIMILSON CARLOS DA SILVA;;;NOVO ORIENTE;;;;CE;63.740-000;;(88)99716-1632;;;02.969.455/0001-45;;06.277039-0;;;
SUPERMERCADO EDMILSON;;;CENTRO;;;;RUA ELPIDIO RODRIGUES, 235;;;;;;;;;;;

;;;;;;;;;;;;;;;;;;;;;;;;

4555;EDMAR OLIVEIRA DA SILVA ME;;;ASSARE;;;;CE;63.140-000;;(88)99935-1205;;;17.441.448/0001-43;;06.630405-9;;;
MERCATIL NOSSA SENHORA DA PENHA;;;CENTRO;;;;RUA  EUCLIDES ONOFRE, 308;;;;;;;;;;;

;;;;;;;;;;;;;;;;;;;;;;;;

6311;EDMILSON MOURAO SOARES ME;;;CRATEUS;;;;CE;63.700-000;;(  ) 3691-1936;;;35.063.379/0001-63;;068504195;;;
CASA DO PRODUTOR;;;CENTRO;;;;RUA DOM PEDRO II, 825;;;;;;;;;;;

;;;;;;;;;;;;;;;;;;;;;;;;

8215;ELEN CRISTINA NORONHA FERREIRA ;;;PARAMBU;;;;CE;63.680-000;;(88)99669-1846;;;116.473.933-61;;;;;
LEYLSON RACOES;;;CENTRO;;;;RUA PEDRO ALVES DA COSTA, 110;;;;;;;;;;;

;;;;;;;;;;;;;;;;;;;;;;;;

4820;ELIAS DE NEGREIROS SOUZA;;;SALITRE;;;;CE;63.155-000;;( 8)89293-7478;;;18.787.004/0001-27;;065259211;;;
;;;CENTRO;;;;R.SAO PEDRO, 63;;;;;;;;;;;

;;;;;;;;;;;;;;;;;;;;;;;;

7688;ELIZABETH BATISTA DE SOUZA;;;ARARIPE;;;;CE;63.160-000;;(88)98195-1988;;;026.292.273-83;;;;;
MERCADINHO PAJEU;;;PAJEU;;;;RUA FELIX PEREIRA , 795;;;;;;;;;;;

;;;;;;;;;;;;;;;;;;;;;;;;

6353;ELTON CLAUDENIO DE SOUSA ME;;;NOVO ORIENTE;;;;CE;63.740-000;;(88)99747-8765;;;14.081.874/0001-25;;06.571073-8;;;
AGROPECUARIA SOARES;;;CENTRO;;;;RUA SAO JOSE, 382;;;;;;;;;;;

;;;;;;;;;;;;;;;;;;;;;;;;

902;ENOQUE P SOBRINHO ME;;;ARARIPE;;;;CE;63.170-000;;(88) 3530-1185;;;41.394.461/0001-73;;060897813;;;
TUTERLA LORENA;;;CENTRO;;;;R. ANTONIO NUNES ALENCAR, 241;;;;;;;;;;;

;;;;;;;;;;;;;;;;;;;;;;;;

;;;;;;;;;;;;;;;;;;;;;;;;

ERES Informática LTDA.;;;;;PAG: 166;;;20/08/2026 - 09:44:21;;;025;

;;;;;;;;;;;;;;;;;;;;;;;;
;;;;;;;;;;;;;;;;;;;;;;;;

;;
;;;FRANCISCO LUCIANO ALVES HONORIO ME;;;;;;;
;;;Clientes por Vendedor  ;;;;;
;;

;;;;;;;;;;;;;;;;;;;;;;;;

Código;Nome Cliente;;;Cidade;;;;UF;CEP;;FONE;;;C.P.F./C.N.P.J;;R.G./C.G.F.;;;
Nome Fantasia;;;Bairro;;;;Endereço;;;;;

7692;ENZO BAKICA DE SOUSA SOTERIO DE AQUINO;;;ASSARE;;;;CE;63.140-000;;(88)99956-9341;;;52.994.672/0001-63;;071638164;;;
CLINVET;;;PARQUE DE VAQUEJADA;;;;RUA DEP MANOEL GONCALVES, 244;;;;;;;;;;;

;;;;;;;;;;;;;;;;;;;;;;;;

6493;ERALDO JOSE DE ALENCAR;;;SALITRE;;;;CE;63.155-000;;(  )99334-1503;;;020.982.893-59;;;;;
NEGUIM DO MAR;;;CENTRO;;;;RU SÃO JOSE , 5;;;;;;;;;;;

;;;;;;;;;;;;;;;;;;;;;;;;

6400;ERICA FLAVIA CASTRO LEITE;;;ARNEIROZ;;;;CE;63.670-000;;(  )99712-8966;;;34.620.108/0001-07;;061460710;;;
CASA DO AGRICULTOR;;;CENTRO;;;;RUA VIGRILIO TÁVORA , 58;;;;;;;;;;;

;;;;;;;;;;;;;;;;;;;;;;;;

7598;ESAU FERNANDES BEZERRA;;;SABOEIRO;;;;CE;63.590-000;;(88)99864-6609;;;44.286.644/0001-63;;070299870;;;
AGROPET FERNANDES;;;CENTRO;;;;RUA FRANCISCO CHAGAS CAVALCANTE, 249;;;;;;;;;;;

;;;;;;;;;;;;;;;;;;;;;;;;

7056;ESTEFANE QUIRINO ROQUE;;;NOVA OLINDA;;;;CE;63.165-000;;(88)99436-8890;;;15.114.474/0001-31;;065936841;;;
MERCADINHO CRUZEIRO ;;;CENTRO;;;;RUA  JEREMIAS PEREIRA, 909;;;;;;;;;;;

;;;;;;;;;;;;;;;;;;;;;;;;

6131;EUDVAR E MARCELO PRODUTOS AGROPECUARIOS E VETERINARIOS LTDA;;;SABOEIRO;;;;CE;63.590-000;;(88)98128-0960;;;29.735.340/0001-42;;067564186;;;
AGROVET BELA VISTA;;;CENTRO;;;;RUA AMELIA LIMA BRAGA, 4;;;;;;;;;;;

;;;;;;;;;;;;;;;;;;;;;;;;

6757;EVALDO PEREIRA FERREIRA;;;POTENGI;;;;CE;63.160-000;;(  )99327-9817;;;41.096.984/0001-33;;06.193404-6;;;
CASA DAS RACOES;;;VILA PADRE CICERO;;;;10 R BOA VISTA, 278;;;;;;;;;;;

;;;;;;;;;;;;;;;;;;;;;;;;

5772;EVANDRO ALVES BARCELA ME;;;CRATEUS;;;;CE;63.700-000;;(88)99613-0607;;;04.869.628/0001-89;;063206927;;;
MERCADINHO EVANDRO;;;CENTRO;;;;MERCADO JOÃO AFONSO, 66;;;;;;;;;;;

;;;;;;;;;;;;;;;;;;;;;;;;

6345;EVERALDO FERREIRA DE OLIVEIRA;;;NOVO ORIENTE;;;;CE;63.740-000;;(88)99918-9275;;;07.827.764/0001-02;;06.191473-8;;;
;;;CENTRO;;;;RUA DEOCLECIANO ARAGAO, 200;;;;;;;;;;;

;;;;;;;;;;;;;;;;;;;;;;;;

6267;EVILASIO MARTINS PAZ;;;ASSARE;;;;CE;63.140-000;;(88)99744-4950;;;195.274.703-15;;;;;
MERCADINHO BOM JESUS;;;CENTRO;;;;RUA PADRE EMILIO CABRAL, 240;;;;;;;;;;;

;;;;;;;;;;;;;;;;;;;;;;;;

7002;F. DOS SANTOS;;;NOVA OLINDA;;;;CE;63.165-000;;(88)99807-1128;;;20.599.203/0001-53;;06.338679-8;;;
SAO  FRANCISCO ;;;NOSSA SENHORA  DE FATIMA;;;;RUA RAIMUNDO LUIZDA SILVA, 387;;;;;;;;;;;

;;;;;;;;;;;;;;;;;;;;;;;;

7048;FABIA MARIA TAVARES MOTA;;;CATARINA;;;;CE;63.595-000;;(88)99679-7642;;;349.090.523-72;;;;;
MERCANTIL BEZERRA ;;;CENTRO ;;;;PRAÇA  ALZIRA RODRIGUES , 469;;;;;;;;;;;

;;;;;;;;;;;;;;;;;;;;;;;;

;;;;;;;;;;;;;;;;;;;;;;;;

ERES Informática LTDA.;;;;;PAG: 167;;;20/08/2026 - 09:44:21;;;025;

;;;;;;;;;;;;;;;;;;;;;;;;
;;;;;;;;;;;;;;;;;;;;;;;;

;;
;;;FRANCISCO LUCIANO ALVES HONORIO ME;;;;;;;
;;;Clientes por Vendedor  ;;;;;
;;

;;;;;;;;;;;;;;;;;;;;;;;;

Código;Nome Cliente;;;Cidade;;;;UF;CEP;;FONE;;;C.P.F./C.N.P.J;;R.G./C.G.F.;;;
Nome Fantasia;;;Bairro;;;;Endereço;;;;;

7368;FABIO MARQUES DE ASSIS DA SILVA;;;TAUA;;;;CE;63.660-000;;(  )98195-8746;;;49.316.911/0001-11;;07.109941-7;;;
MERCADINHO SANTA LUZIA;;;ALDEOTA;;;;R ANTONIO FRANCISCO DOS SANTOS, 312;;;;;;;;;;;

;;;;;;;;;;;;;;;;;;;;;;;;

6347;FELIPE DE SOUSA GOMES;;;NOVO ORIENTE;;;;CE;63.740-000;;(88)99273-3467;;;26.579.819/0001-49;;06.551547-1;;;
AGROMEDICA VETERINARIA;;;CENTRO;;;;R ALVARO COELHO, 166;;;;;;;;;;;

;;;;;;;;;;;;;;;;;;;;;;;;

1153;FERNANDES BELO DE SOUZA;;;ALTANEIRA;;;;CE;63.195-000;;(88)99636-9603;;;08.900.170/0001-34;;06.030.427-8;;;
MERCANTIL FERNANDES;;;CENTRO;;;;RUA  AGAMENON COELHO, 682;;;;;;;;;;;

;;;;;;;;;;;;;;;;;;;;;;;;

8181;FLUVIO MOTA DE ABREU;;;CATARINA;;;;CE;  .   -   ;;(88)98822-7487;;;816.931.413-53;;;;;
CASA DE RACAO CATARINA;;;CENTRO;;;;RUA ANTONIO LEITAO DE MENDONÇA , 319;;;;;;;;;;;

;;;;;;;;;;;;;;;;;;;;;;;;

7050;FLUVIO MOTA DE ABREU;;;CATARINA;;;;CE;63.595-000;;(88)98881-2629;;;05.494.689/0001-71;;066752019;;;
CASA DA RACAO;;;CENTRO;;;;RUA JOSE RODRIGUES P NETO, 70;;;;;;;;;;;

;;;;;;;;;;;;;;;;;;;;;;;;

6339;FRANCILIO BARBOSA DO NASCIMENTO;;;CRATEUS;;;;CE;63.700-124;;(88)99813-9077;;;33.863.067/0001-09;;06.952118-2;;;
ESPAÇO ANIMAL;;;CENTRO;;;;R TABELIAO FRANCISCO ANTERO, 1336;;;;;;;;;;;

;;;;;;;;;;;;;;;;;;;;;;;;

8066;FRANCISCA BENEVUTO MOREIRA;;;TAUA;;;;CE;  .   -   ;;(88)99847-2267;;;779.340.833-00;;;;;
MERCANTIL SANTO AMARO(DONA ZULEIDE);;;CENTRO ;;;;RUA DONDON FEITOSA, 291;;;;;;;;;;;

;;;;;;;;;;;;;;;;;;;;;;;;

1481;FRANCISCA C DE L DA CRUZ ME;;;POTENGI;;;;CE;63.160-000;;(88)99213-0714;;;05.380.344/0001-97;;06.672.589-5;;;
COMERCIAL CEARA;;;CENTRO;;;;R. MANOEL MONTEIRO, 186;;;;;;;;;;;

;;;;;;;;;;;;;;;;;;;;;;;;

6046;FRANCISCA DA CONCEICAO ALENCAR;;;CAMPOS SALES;;;;CE;63.155-000;;(88)99750-4475;;;30.655.162/0001-29;;067650864;;;
MERCADINHO DO PAULO BEIRA DAGUA;;;ALTO ALEGRE;;;;RUA ESTRADA DA CONFIANCA , 440;;;;;;;;;;;

;;;;;;;;;;;;;;;;;;;;;;;;

5312;FRANCISCA LEICE PEREIRA ARRUDA;;;SANTANA DO CARIRI;;;;CE;63.190-000;;(88)99767-3140;;;672.819.073-20;;;;;
LUZIRENE/ J J MERCADINHO FRUTARIA;;;ESTIVA;;;;VILA ESTIVA, 89;;;;;;;;;;;

;;;;;;;;;;;;;;;;;;;;;;;;

2815;FRANCISCA SIDNEIA CIDRAO CASTELO;;;TAUA;;;;CE;63.660-000;;(88)99912-2235;;;07.283.906/0001-00;;068489382;;;
ARAQUE/CASA DO CRIADOR;;;CENTRO;;;;R.MONSENHOR JUVINIANO BARRETO, 43;;;;;;;;;;;

;;;;;;;;;;;;;;;;;;;;;;;;

2628;FRANCISCO ALEXANDRE ALVES FEITOSA ME;;;SANTANA DO CARIRI;;;;CE;63.190-000;;(88)99909-0998;;;09.001.208/0001-08;;063568900;;;
FRIGORIFICO E MERCADINHO SÃO FRANCISCO;;;CENTRO;;;;RUA DOUTOR JOSE AUGUSTO , 247;;;;;;;;;;;

;;;;;;;;;;;;;;;;;;;;;;;;

;;;;;;;;;;;;;;;;;;;;;;;;

ERES Informática LTDA.;;;;;PAG: 168;;;20/08/2026 - 09:44:21;;;025;

;;;;;;;;;;;;;;;;;;;;;;;;
;;;;;;;;;;;;;;;;;;;;;;;;

;;
;;;FRANCISCO LUCIANO ALVES HONORIO ME;;;;;;;
;;;Clientes por Vendedor  ;;;;;
;;

;;;;;;;;;;;;;;;;;;;;;;;;

Código;Nome Cliente;;;Cidade;;;;UF;CEP;;FONE;;;C.P.F./C.N.P.J;;R.G./C.G.F.;;;
Nome Fantasia;;;Bairro;;;;Endereço;;;;;

5862;FRANCISCO ALVES DA SILVA;;;CAMPOS SALES;;;;CE;63.160-000;;(88)99967-9690;;;077.554.503-17;;;;;
MERCADINHO BOM PRECO.   DAMIAO;;;ALTO ALEGRE;;;;RUA VICENTE ALEXANDRINO, 691;;;;;;;;;;;

;;;;;;;;;;;;;;;;;;;;;;;;

7128;FRANCISCO ANTONIO LEONARDO MARTINS;;;INDEPENDENCIA;;;;CE;63.640-000;;(88)99986-9212;;;43.544.856/0001-30;;070189862;;;
MARTINS CONSTRUCOES, LOCACOES E SERVICOS;;;LIBERDADE;;;;AVENIDA JORNALISTA MARIA INES PIRES DE SABOIA, 294;;;;;;;;;;;

;;;;;;;;;;;;;;;;;;;;;;;;

6346;FRANCISCO ARNOLDO SAMPAIO DOS SANTOS;;;CRATEUS;;;;CE;63.700-000;;(88)99257-3787;;;08.598.728/0001-79;;06.364023-6;;;
MERCA ARNOLDO;;;SAO JOSE;;;;R ALM. TAMANDARE, 1894;;;;;;;;;;;

;;;;;;;;;;;;;;;;;;;;;;;;

5636;FRANCISCO CAVALCANTE ABREU ME;;;TAUA;;;;CE;63.660-000;;(  )     -    ;;;04.117.717/0001-79;;063901374;;;
J V MERCANTIL;;;CIDADE LESTE;;;;R JOSE ALEXANDRE NOGUEIRA, 152;;;;;;;;;;;

;;;;;;;;;;;;;;;;;;;;;;;;

5716;FRANCISCO CHAGAS LOIOLA;;;TAUA;;;;CE;63.660-000;;(88) 3437-3864;;;302.902.793-72;;;;;
MERCANTIL CEARA;;;ALDEOTA;;;;TORQUATO RODRIGUES DA SILVA, 217;;;;;;;;;;;

;;;;;;;;;;;;;;;;;;;;;;;;

7535;FRANCISCO CLEY SILVA MOURA;;;QUITERIANOPOLIS;;;;CE;63.650-000;;(88)99854-7147;;;31.840.141/0001-46;;067853668;;;
AGRO PEC;;;CENTRO;;;;RUA ACADEMICO DEUSDETE PEDROSA, 361;;;;;;;;;;;

;;;;;;;;;;;;;;;;;;;;;;;;

5630;FRANCISCO CLISANTO BRAGA DE ANDRADE;;;AIUABA;;;;CE;63.575-000;;(  )99756-2432;;;546.803.527-87;;;;;
FRANCISCO;;;CENTRO;;;;RAIMUNDO DIAS DE OLIVEIRA, 92;;;;;;;;;;;

;;;;;;;;;;;;;;;;;;;;;;;;

6709;FRANCISCO DAS CHAGAS ALVES;;;SABOEIRO;;;;CE;63.590-000;;(  )99919-5082;;;40.363.461/0001-43;;;;;
MERCANTIL VANESSA;;;CENTRO;;;;RUA ENEAS BRAGA, 97;;;;;;;;;;;

;;;;;;;;;;;;;;;;;;;;;;;;

7962;FRANCISCO DE ASSIS SOARES DA COSTA;;;NOVO ORIENTE;;;;CE;63.740-000;;(  )99945-2445;;;02.569.398/0001-07;;062678221;;;
AGROPECUARIA DA TERRA;;;CENTRO;;;;RUA ANTONIO CLAUDINO, 286;;;;;;;;;;;

;;;;;;;;;;;;;;;;;;;;;;;;

2320;FRANCISCO DIAS FILHO;;;ASSARE;;;;CE;63.140-000;;(88)99770-3714;;;851.401.473-00;;;;;
MERCEARIA  SAO MIGUEL;;;CENTRO;;;;RUA MERCADO PUBLICO, 82;;;;;;;;;;;

;;;;;;;;;;;;;;;;;;;;;;;;

7384;FRANCISCO ELTON GOMES DA COSTA ;;;QUITERIANOPOLIS;;;;CE;63.650-000;;(88)99671-6440;;;076.156.083-17;;;;;
MERCADINHO RAIMUNDO PEDRO ;;;CENTRO ;;;;TENENTE JOSE LOPES , 29;;;;;;;;;;;

;;;;;;;;;;;;;;;;;;;;;;;;

4446;FRANCISCO EVANDRO SIEBRA;;;ARARIPE;;;;CE;  .   -   ;;(  )     -    ;;;000.000.000-00;;;;;
;;;BREJINHO;;;;6 KM DEPOIS DO CLIENTE ZE HUMERTO, 0;;;;;;;;;;;

;;;;;;;;;;;;;;;;;;;;;;;;

;;;;;;;;;;;;;;;;;;;;;;;;

ERES Informática LTDA.;;;;;PAG: 169;;;20/08/2026 - 09:44:21;;;025;

;;;;;;;;;;;;;;;;;;;;;;;;
;;;;;;;;;;;;;;;;;;;;;;;;

;;
;;;FRANCISCO LUCIANO ALVES HONORIO ME;;;;;;;
;;;Clientes por Vendedor  ;;;;;
;;

;;;;;;;;;;;;;;;;;;;;;;;;

Código;Nome Cliente;;;Cidade;;;;UF;CEP;;FONE;;;C.P.F./C.N.P.J;;R.G./C.G.F.;;;
Nome Fantasia;;;Bairro;;;;Endereço;;;;;

8009;FRANCISCO FERREIRA DE MEDEIROS ;;;TAUA;;;;CE;63.660-000;;(  )99647-3835;;;231.485.003-34;;;;;
AGROPECUARIA INHAMUNS;;;CENTRO;;;;RUA JORNALISTA DOMINGO, 19;;;;;;;;;;;

;;;;;;;;;;;;;;;;;;;;;;;;

6358;FRANCISCO GILVAN DORTA MOURA;;;QUITERIANOPOLIS;;;;CE;63.650-000;;(  )99977-1884;;;19.557.623/0001-98;;067186122;;;
AGROPECUARIA GILVAN;;;CENTRO;;;;RUA ACADEMICO DEUSDETE PEDROSA, 361;;;;;;;;;;;

;;;;;;;;;;;;;;;;;;;;;;;;

3859;FRANCISCO GLEDSON DE SOUSA;;;ALTANEIRA;;;;CE;63.195-000;;(88)99290-5438;;;11.895.743/0001-93;;060304456;;;
MERCANTIL E FRUTARIA LEILA;;;CENTRO;;;;RUA FURTADO LEITE, 21;;;;;;;;;;;

;;;;;;;;;;;;;;;;;;;;;;;;

7515;FRANCISCO JAILSON MESSIAS;;;SANTANA DO CARIRI;;;;CE;63.190-000;;(88)99631-0370;;;042.907.383-62;;;;;
JOAO DA FRUTA;;;DT ARAPORANGA;;;;RUA DO COMERCIO, 89;;;;;;;;;;;

;;;;;;;;;;;;;;;;;;;;;;;;

5607;FRANCISCO JUNIOR MONTEIRO DOS SANTOS;;;SALITRE;;;;CE;63.150-000;;(88)99298-7307;;;051.428.393-90;;;;;
MERCADINHO MONTEIRO;;;CENTRO;;;;RUA SAO JOSE, 185;;;;;;;;;;;

;;;;;;;;;;;;;;;;;;;;;;;;

6348;FRANCISCO LEONARDO DE OLIVEIRA;;;NOVO ORIENTE;;;;CE;63.740-000;;(88)99750-1371;;;28.026.369/0001-92;;06.656572-3;;;
LD RACOES;;;CENTRO;;;;RUA SAO JOSE, 406;;;;;;;;;;;

;;;;;;;;;;;;;;;;;;;;;;;;

7122;FRANCISCO MARDYSON VIEIRA;;;QUITERIANOPOLIS;;;;CE;63.650-000;;(88)99718-6245;;;46.317.185/0001-63;;07.061123-8;;;
CASA VETERINARIA AGRO M. V. COUTINHO;;;CENTRO;;;;R QUITERIA DE LIMA, 129;;;;;;;;;;;

;;;;;;;;;;;;;;;;;;;;;;;;

4796;FRANCISCO MONTE PEREIRA MICROEMPRESA;;;ASSARE;;;;CE;63.140-000;;(88) 9646-1470;;;03.479.807/0001-47;;062931482;;;
ARTS COURO/ AO LADO DO BRADESCO;;;CENTRO;;;;R. PE. AGAMENON MATOS COELHO, 68;;;;;;;;;;;

;;;;;;;;;;;;;;;;;;;;;;;;

6323;FRANCISCO PEREIRA DE LIMA;;;SABOEIRO;;;;CE;63.575-000;;(88)98107-2629;;;221.487.283-34;;;;;
MERCADINHO  FILHO;;;CENTRO;;;;FERNANDO BASTOS, 100;;;;;;;;;;;

;;;;;;;;;;;;;;;;;;;;;;;;

7317;FRANCISCO SAMPAIO DA FRANCA;;;TAUA;;;;CE;63.660-000;;(  )99921-7058;;;04.577.450/0001-00;;;;;
MERCADINHO SAMPAIO;;;CIDADE LESTE ;;;;RUA LUIZ ALVES CARACA, 37;;;;;;;;;;;

;;;;;;;;;;;;;;;;;;;;;;;;

5983;FRANCISCO SANTOS FILHO;;;SALITRE;;;;CE;63.155-000;;(88)99497-1386;;;609.780.393-19;;;;;
MERCADINHO SILVA;;;ALTO ALEGRE;;;;RUA BELA VISITA, 14;;;;;;;;;;;

;;;;;;;;;;;;;;;;;;;;;;;;

;;;;;;;;;;;;;;;;;;;;;;;;

ERES Informática LTDA.;;;;;PAG: 170;;;20/08/2026 - 09:44:21;;;025;

;;;;;;;;;;;;;;;;;;;;;;;;
;;;;;;;;;;;;;;;;;;;;;;;;

;;
;;;FRANCISCO LUCIANO ALVES HONORIO ME;;;;;;;
;;;Clientes por Vendedor  ;;;;;
;;

;;;;;;;;;;;;;;;;;;;;;;;;

Código;Nome Cliente;;;Cidade;;;;UF;CEP;;FONE;;;C.P.F./C.N.P.J;;R.G./C.G.F.;;;
Nome Fantasia;;;Bairro;;;;Endereço;;;;;

637;FRANCISCO SARAIVA CRUZ ME;;;POTENGI;;;;CE;63.160-000;;(88)99232-1880;;;07.325.046/0001-20;;068132379;;;
MERCADINHO SARAIVINHA;;;CENTRO;;;;RUA MANOEL MONTEIRO, 194;;;;;;;;;;;

;;;;;;;;;;;;;;;;;;;;;;;;

6288;FRANCISCO SILVIO SAMPAIO NETO;;;ANTONINA DO NORTE;;;;CE;63.570-000;;(88)99628-2269;;;002.822.403-57;;;;;
CASA TERRA VIVA;;;CENTRO;;;;AV NELITO NENTIS , 416;;;;;;;;;;;

;;;;;;;;;;;;;;;;;;;;;;;;

324;FRANCISCO SOARES DE OLIVEIRA CEREAIS ME;;;CAMPOS SALES;;;;CE;63.150-000;;(88) 3533-1395;;;02.310.649/0001-34;;069983925;;;
GUARANI;;;GUARANI;;;;RUA BOA VISTA, 169;;;;;;;;;;;

;;;;;;;;;;;;;;;;;;;;;;;;

8202;FRANCISCO TALLES HOLANDA E SOUSA;;;TAUA;;;;CE;63.660-000;;(85)99725-4097;;;66.973.242/0001-70;;073386596;;;
SERTAO AGROVET;;;CENTRO;;;;R JORNALISTA DOMINGOS ALMEIDA PAIVA, 0;;;;;;;;;;;

;;;;;;;;;;;;;;;;;;;;;;;;

7702;FRANCISCO WESLLEY B PLACIDO;;;SABOEIRO;;;;CE;63.590-000;;(88)98106-3290;;;46.279.232/0001-21;;071810455;;;
AGRO MIX;;;CENTRO;;;;RUA FRANCISCO CHAGAS CALVACANTE, 315;;;;;;;;;;;

;;;;;;;;;;;;;;;;;;;;;;;;

8041;FRANCISCO WILAS HOLANDA FRANCO;;;CATARINA;;;;CE;63.595-000;;(88)98882-8703;;;40.104.824/0001-26;;061462926;;;
ME HOLANDA ;;;CENTRO;;;;JOSE PEDROSA DE MIRANDA , 343;;;;;;;;;;;

;;;;;;;;;;;;;;;;;;;;;;;;

6430;G G CARVALHO FEITOSA AGROPECUARIA EIRELI;;;PARAMBU;;;;CE;63.680-000;;(85)99840-7580;;;34.905.029/0001-34;;000000000;;;
AGROCAMPO;;;CENTRO;;;;RUA SANTA TEREZINHA , 73;;;;;;;;;;;

;;;;;;;;;;;;;;;;;;;;;;;;

7753;GABRIELA RODRIGUES DE OLIVEIRA;;;CRATEUS;;;;CE;  .   -   ;;(  )     -    ;;;131.891.604-65;;;;;
;;;;;;;R. ZACARIAS CARLOS DE MELO, 1118;;;;;;;;;;;

;;;;;;;;;;;;;;;;;;;;;;;;

7725;GEOVANI MENDES DE BARROS;;;PARAMBU;;;;CE;63.680-000;;(  )     -    ;;;131.476.698-82;;;;;
MERCEARIA MENDES;;;PAU PRETO;;;;SITIO PAU PRETO, 0;;;;;;;;;;;

;;;;;;;;;;;;;;;;;;;;;;;;

7890;GESIO ARAUJO MENDONCA;;;TAUA;;;;CE;63.660-000;;(88)99701-7423;;;57.952.465/0001-60;;072217022;;;
PET FELIZ PET SHOP;;;CENTRO;;;;RUA FARMACÊUTICO LUIZ PATRONIO, 18;;;;;;;;;;;

;;;;;;;;;;;;;;;;;;;;;;;;

7093;GLAUCIANE MACARIO VIEIRA ;;;SANTANA DO CARIRI;;;;CE;63.165-000;;(88)99692-3040;;;965.326.533-49;;;;;
;;;CENTRO ;;;;RUA NICOSTRATO NUVES, 439;;;;;;;;;;;

;;;;;;;;;;;;;;;;;;;;;;;;

7250;HELENO ALVES BARBOSA EIRELI;;;TARRAFAS;;;;CE;63.145-000;;(24)98122-1738;;;40.045.812/0001-78;;067242780;;;
MERCADINHO J J VARIEDADES;;;CENTRO;;;;RUA JOSE CANDIDO DE ARAUJO, 35;;;;;;;;;;;

;;;;;;;;;;;;;;;;;;;;;;;;

;;;;;;;;;;;;;;;;;;;;;;;;

ERES Informática LTDA.;;;;;PAG: 171;;;20/08/2026 - 09:44:21;;;025;

;;;;;;;;;;;;;;;;;;;;;;;;
;;;;;;;;;;;;;;;;;;;;;;;;

;;
;;;FRANCISCO LUCIANO ALVES HONORIO ME;;;;;;;
;;;Clientes por Vendedor  ;;;;;
;;

;;;;;;;;;;;;;;;;;;;;;;;;

Código;Nome Cliente;;;Cidade;;;;UF;CEP;;FONE;;;C.P.F./C.N.P.J;;R.G./C.G.F.;;;
Nome Fantasia;;;Bairro;;;;Endereço;;;;;

7903;HELIZADORA MAGALHAES ROSADO MONTEIRO;;;SABOEIRO;;;;CE;63.590-000;;(88)99870-9912;;;55.096.834/0001-34;;;;;
ANIMAL CENTER;;;SAO JOSE;;;;RUA MANOEL ERNANI PEREIRA, 128;;;;;;;;;;;

;;;;;;;;;;;;;;;;;;;;;;;;

7171;HERBETY ARAUJO CARVALHO;;;ARNEIROZ;;;;CE;63.670-000;;(88)99701-3885;;;32.032.259/0001-00;;067885349;;;
AGROVET CARVALHO ;;;ARNEIROZINHO;;;;11AVENIDA DUQUE DE CAXIAS, 273;;;;;;;;;;;

;;;;;;;;;;;;;;;;;;;;;;;;

6511;HILDEVANHA MODESTO DINIZ RAMOS;;;ARARIPE;;;;CE;63.170-000;;(88)98165-9713;;;865.962.843-87;;;;;
ATACAREJO MODESTO;;;CENTRO;;;;RUA ANTÔNIO NUNES DE ALENCAR, 327;;;;;;;;;;;

;;;;;;;;;;;;;;;;;;;;;;;;

7700;HIPERNACIONAL LTDA;;;CRATEUS;;;;CE;63.700-001;;(88)99429-9851;;;00.397.134/0001-98;;069457522;;;
MERCANTIL NACIONAL;;;CENTRO;;;;R DR MOREIRA DA ROCHA, 770;;;;;;;;;;;

;;;;;;;;;;;;;;;;;;;;;;;;

6978;I LUCIA DE OLIVEIRA DIAS;;;ASSARE;;;;CE;63.140-000;;(  )     -    ;;;39.827.309/0001-95;;061326968;;;
MERCADINHO SERRINHA;;;CENTRO;;;;R EUCLIDES ONOFRE, 194;;;;;;;;;;;

;;;;;;;;;;;;;;;;;;;;;;;;

5328;I M DE LIMA SILVA ME;;;SALITRE;;;;CE;63.155-000;;(88)99225-8800;;;18.326.283/0001-21;;065159772;;;
MERCADINHO  NOSSA SENHORA  DE FATIMA;;;CENTRO;;;;AVENIDA FORTALEZA, 248;;;;;;;;;;;

;;;;;;;;;;;;;;;;;;;;;;;;

8189;I. MARIA DE MORAIS LTDA;;;SALITRE;;;;CE;63.155-000;;(  )     -    ;;;60.600.387/0001-49;;072565667;;;
COMERCIAL MARTINS ;;;CENTRO;;;;R SANTO ANTONIO, 309;;;;;;;;;;;

;;;;;;;;;;;;;;;;;;;;;;;;

7703;IORRANA DE SOUZA AQUINO COSTA ;;;CAMPOS SALES;;;;CE;63.150-000;;(88)99637-9978;;;46.022.317/0001-20;;070566798;;;
ESPACO PET SAUDE ;;;APARECIDA;;;;10A RUA RUA DA CENTRAL, 6;;;;;;;;;;;

;;;;;;;;;;;;;;;;;;;;;;;;

4285;ITALO FILGUEIRAS ANTUNES;;;CRATO;;;;CE;63.113-380;;( 8)89713-3025;;;057.235.293-07;;2006099078597 SSP-CE;;;
ITALO;;;NOVO CRATO;;;;RUA DONA MARIA DE ARAUJO, 12;;;;;;;;;;;

;;;;;;;;;;;;;;;;;;;;;;;;

4232;J DIAS DE OLIVEIRA MICROEMPRESA;;;ASSARE;;;;CE;63.570-000;;(  )99708-0602;;;08.730.993/0001-69;;062082973;;;
MERCADINHO RIBAMAR;;;VILA NILDALINA;;;;RUA MARECHAL AMARANTE, 147;;;;;;;;;;;

;;;;;;;;;;;;;;;;;;;;;;;;

7255;J. M. DA SILVA;;;POTENGI;;;;CE;63.160-000;;(88)99205-3400;;;46.712.341/0001-90;;070701210;;;
ATACAREJO MOURA CENTER;;;CENTRO;;;;VILA MARROCOS, 318;;;;;;;;;;;

;;;;;;;;;;;;;;;;;;;;;;;;

7131;J. MENDES DA SILVA;;;ANTONINA DO NORTE;;;;CE;63.570-000;;(88)99326-3010;;;11.227.457/0001-50;;063869667;;;
PANIFICADORA J.MENDES;;;CENTRO;;;;AVENIDA NELITO MENDES, 983;;;;;;;;;;;

;;;;;;;;;;;;;;;;;;;;;;;;

;;;;;;;;;;;;;;;;;;;;;;;;

ERES Informática LTDA.;;;;;PAG: 172;;;20/08/2026 - 09:44:21;;;025;

;;;;;;;;;;;;;;;;;;;;;;;;
;;;;;;;;;;;;;;;;;;;;;;;;

;;
;;;FRANCISCO LUCIANO ALVES HONORIO ME;;;;;;;
;;;Clientes por Vendedor  ;;;;;
;;

;;;;;;;;;;;;;;;;;;;;;;;;

Código;Nome Cliente;;;Cidade;;;;UF;CEP;;FONE;;;C.P.F./C.N.P.J;;R.G./C.G.F.;;;
Nome Fantasia;;;Bairro;;;;Endereço;;;;;

7792;J. W. RICARDO;;;PARAMBU;;;;CE;63.680-000;;(85)99792-5486;;;55.149.252/0001-79;;071910298;;;
COMERCIAL ROMUALDO;;;CENTRI;;;;R SANTA ROSA, 42;;;;;;;;;;;

;;;;;;;;;;;;;;;;;;;;;;;;

5812;JAKSON MORAIS DE SOUZA;;;CAMPOS SALES;;;;CE;63.150-000;;(88)99938-0990;;;25.278.200/0001-31;;065387317;;;
FARMAVET AGROCAMPOS ;;;CENTRO;;;;RUA CORONEL BALECO, 691;;;;;;;;;;;

;;;;;;;;;;;;;;;;;;;;;;;;

4257;JARDEL MATIAS DA SILVA- ME;;;ASSARE;;;;CE;63.140-000;;(88)99206-4266;;;16.731.020/0001-72;;066129486;;;
MERCATIL E FRIGORICO COMES;;;CENTRO;;;;RUA EUCLIDES ONOFRE, 214;;;;;;;;;;;

;;;;;;;;;;;;;;;;;;;;;;;;

7457;JAYLSON ALENCAR FERREIRA;;;ALTANEIRA;;;;CE;63.195-000;;(88)99869-1445;;;48.480.877/0001-53;;071973389;;;
ALTAPET CENTRO VETERINARIO;;;CENTRO;;;;R JOSE PIO DE OLIVEIRA, 189;;;;;;;;;;;

;;;;;;;;;;;;;;;;;;;;;;;;

6896;JESSYCA MAYANE ALENCAR DE SOUSA -ME;;;SABOEIRO;;;;CE; 6.359-000;;(88)98106-3290;;;42.467.578/0001-00;;061535494;;;
AGROMIX;;;CENTRO ;;;;ELIZEU HERBSTER, 274;;;;;;;;;;;

;;;;;;;;;;;;;;;;;;;;;;;;

7123;JOAO ANTUNES CAVALCANTE;;;QUITERIANOPOLIS;;;;CE;63.650-000;;(88)99650-7155;;;04.579.938/0001-69;;06.097502-4;;;
AGROPECUARIA SANTA CLARA;;;CENTRO;;;;R FRANCA DO VALE, 50;;;;;;;;;;;

;;;;;;;;;;;;;;;;;;;;;;;;

7052;JOAO DELFINO MENDES ;;;ANTONINA DO NORTE;;;;CE;63.570-000;;(88)99426-2027;;;46.404.138/0001-57;;070625760;;;
MERCADINHO  SANTO ANTONIO ;;;CENTRO ;;;;MERCADO PÚBLICO , 14;;;;;;;;;;;

;;;;;;;;;;;;;;;;;;;;;;;;

6338;JOAO GOMES NETO -MICROEMPRESA;;;CRATEUS;;;;CE;63.700-000;;(  )     -    ;;;06.827.604/0001-92;;06.849436-0;;;
MERCADINHO JOAO GOMES;;;CENTRO;;;;R CARLOS ROLIM, 420;;;;;;;;;;;

;;;;;;;;;;;;;;;;;;;;;;;;

3630;JOAO NETO DE SOUZA MERCEARIA EPP;;;SALITRE;;;;CE;63.155-000;;(88)99424-3922;;;01.486.150/0001-10;;069783969;;;
MERCADINHO NOVO HORIZONTE;;;CENTRO;;;;RUA NOVO HORIZONTE, 78;;;;;;;;;;;

;;;;;;;;;;;;;;;;;;;;;;;;

5738;JOAO PAULO PEREIRA;;;TAUA;;;;CE;63.660-000;;(88)99629-1127;;;035.502.133-10;;0000000000;;;
MERCADINHO ANDERSON;;;CIDADE NOVA/JOSE OSIMO;;;;VALDIZAR ALEXADRINO, 190;;;;;;;;;;;

;;;;;;;;;;;;;;;;;;;;;;;;

6163;JOAQKIN LOURENCO DE OLIVEIRA;;;CAMPOS SALES;;;;CE;63.150-000;;(88)99905-1735;;;30.947.651/0001-54;;067706541;;;
AGRO PET MANIA ;;;CENTRO;;;;RUA CORONEL BALECO, 715;;;;;;;;;;;

;;;;;;;;;;;;;;;;;;;;;;;;

7092;JOAQUIM REGINALDODE MORAIS;;;CAMPOS SALES;;;;CE;64.660-000;;(89)99918-2120;;;061.359.588-28;;;;;
;;;ZONA RURAL ;;;;RUA MANAUS PAU FERRO, 0;;;;;;;;;;;

;;;;;;;;;;;;;;;;;;;;;;;;

;;;;;;;;;;;;;;;;;;;;;;;;

ERES Informática LTDA.;;;;;PAG: 173;;;20/08/2026 - 09:44:21;;;025;

;;;;;;;;;;;;;;;;;;;;;;;;
;;;;;;;;;;;;;;;;;;;;;;;;

;;
;;;FRANCISCO LUCIANO ALVES HONORIO ME;;;;;;;
;;;Clientes por Vendedor  ;;;;;
;;

;;;;;;;;;;;;;;;;;;;;;;;;

Código;Nome Cliente;;;Cidade;;;;UF;CEP;;FONE;;;C.P.F./C.N.P.J;;R.G./C.G.F.;;;
Nome Fantasia;;;Bairro;;;;Endereço;;;;;

4138;JOSE ADAUTO DA SILVA ME;;;SALITRE;;;;CE;63.155-000;;(88) 3537-1078;;;03.426.054/0001-01;;062869396;;;
DADA;;;CENTRO;;;;RUA ALENCAR, 399;;;;;;;;;;;

;;;;;;;;;;;;;;;;;;;;;;;;

7785;JOSE ADAUTO E SILVA ME;;;CRATEUS;;;;CE;62.215-000;;(  )     -    ;;;05.961.379/0001-10;;066864291;;;
MERCADINHO SAO JOSE;;;CENTRO;;;;RUA GONCALO DE PAULA BEZERRA , 6;;;;;;;;;;;

;;;;;;;;;;;;;;;;;;;;;;;;

7347;JOSE ADELMO DE OLIVEIRA BRITO;;;ARARIPE;;;;CE;63.170-000;;(  )98157-1866;;;44.565.115/0001-07;;;;;
MERCADINHO SAO JOSE;;;PAJEU;;;;R NOVA, 100;;;;;;;;;;;

;;;;;;;;;;;;;;;;;;;;;;;;

1324;JOSE ALVES MARTINS;;;CAMPOS SALES;;;;CE;63.150-000;;(88)99270-5175;;;214.475.863-87;;;;;
MARCOS ANDRE;;;CENTRO;;;;RUA  CORONEL BALECO, 495;;;;;;;;;;;

;;;;;;;;;;;;;;;;;;;;;;;;

6126;JOSE DANILO ARAUJO ALMEIDA;;;AIUABA;;;;CE;63.575-000;;(88)3524 -6024;;;614.256.713-81;;ISENTO;;;
DANILO CONSTRUCAO;;;SAO NICOLAU;;;;RUA JOSE PALACIOS, 20;;;;;;;;;;;

;;;;;;;;;;;;;;;;;;;;;;;;

5991;JOSE DIMAR ALVES DE OLIVEIRA;;;TAUA;;;;CE;63.660-000;;(88)99624-3064;;;15.449.808/0001-28;;066004756;;;
BOX 16;;;CENTRO;;;;DONDON FEITOSA, 64;;;;;;;;;;;

;;;;;;;;;;;;;;;;;;;;;;;;

4445;JOSE EUDES DE OLIVEIRA;;;ALTANEIRA;;;;CE;63.195-000;;(88)99677-2239;;;510.039.963-53;;;;;
MERCEARIA  PIO;;;CENTRO;;;;RUA . PE AGAMENOM COELHO, 501;;;;;;;;;;;

;;;;;;;;;;;;;;;;;;;;;;;;

6364;JOSE FERREIRA VIANA;;;NOVO ORIENTE;;;;CE;63.740-000;;(  )99858-6265;;;101.450.013-34;;;;;
MERCANTIL VITORIA;;;CENTRO;;;;RUA DELCLICIANO ARAGÃO, 539;;;;;;;;;;;

;;;;;;;;;;;;;;;;;;;;;;;;

7379;JOSE GUALBERTO DE LIMA PEREIRA;;;SANTANA DO CARIRI;;;;CE;63.190-000;;(  )99321-7842;;;34.485.317/0001-87;;;;;
PRECO BAKANNA DEPOSITO DE BEBIDAS;;;LATAO;;;;SIT LATAO, 143;;;;;;;;;;;

;;;;;;;;;;;;;;;;;;;;;;;;

;;;;;;;;;;;;;;;;;;;;;;;;

ERES Informática LTDA.;;;;;PAG: 174;;;20/08/2026 - 09:44:21;;;025;

;;;;;;;;;;;;;;;;;;;;;;;;
;;;;;;;;;;;;;;;;;;;;;;;;

;;
;;;FRANCISCO LUCIANO ALVES HONORIO ME;;;;;;;
;;;Clientes por Vendedor  ;;;;;
;;

;;;;;;;;;;;;;;;;;;;;;;;;

Código;Nome Cliente;;;Cidade;;;;UF;CEP;;FONE;;;C.P.F./C.N.P.J;;R.G./C.G.F.;;;
Nome Fantasia;;;Bairro;;;;Endereço;;;;;

7516;JOSE HUMBERTO COELHO MOTA;;;ASSARE;;;;CE;  . 63-140;;(  ) 9914-3907;;;003.184.513-44;;99099051507;;;
PET FARMA;;;CENTRO;;;;EUA EUCLIDES ONOFRE, 146;;;;;;;;;;;

;;;;;;;;;;;;;;;;;;;;;;;;

960;JOSE HUMBERTO DOS SANTOS ALENCAR ME;;;POTENGI;;;;CE;63.160-000;;(88)99277-1060;;;74.132.390/0001-90;;068524897;;;
MERCANTIL POPULAR;;;CENTRO;;;;RUA CENTO E UM, 68;;;;;;;;;;;

;;;;;;;;;;;;;;;;;;;;;;;;

6321;JOSE ITERMAIA PEREIRA;;;SABOEIRO;;;;CE;63.590-000;;(88)98144-9456;;;828.978.243-87;;;;;
MERCADINHO PONTO CERTO;;;CENTRO;;;;EDITE OLINDA, 94;;;;;;;;;;;

;;;;;;;;;;;;;;;;;;;;;;;;

3609;JOSE NILTON FILHO ME;;;SALITRE;;;;CE;63.155-000;;(88)99279-1130;;;10.174.455/0001-87;;06.365309-5;;;
COMERCIAL APARECIDA;;;CENTRO;;;;AV JOAO LIBANIO LEITE, 487;;;;;;;;;;;

;;;;;;;;;;;;;;;;;;;;;;;;

4269;JOSE RICARDO DE OLIVEIRA ANDRADE;;;AIUABA;;;;CE;63.575-000;;(88)99846-8786;;;26.296.950/0001-07;;065459920;;;
MERCANTIL AVENIDA;;;CAICARA;;;;R AUGUSTO SANTANA SILVA, 130;;;;;;;;;;;

;;;;;;;;;;;;;;;;;;;;;;;;

4507;JOSE ROQUE DOS SANTOS;;;SABOEIRO;;;;CE;63.590-000;;(88) 8102-8749;;;838.667.793-72;;;;;
PROX. DELEGACIA CIVIL;;;N.SRA. APARECIDA;;;;R. ELIZEU HEBERT, 20;;;;;;;;;;;

;;;;;;;;;;;;;;;;;;;;;;;;

7260;JOSE TEIXEIRA MACHADO;;;PEDRA BRANCA;;;;CE;63.630-000;;(88)98115-1173;;;07.805.864/0001-20;;066445710;;;
SUPERMERCADO TEXEIRA ;;;SANTA CRUZ DO BANABUIU;;;;R GERALDA BARBOSA DE CARVALHO, 14;;;;;;;;;;;

;;;;;;;;;;;;;;;;;;;;;;;;

6429;JOSE WAGNER RICARDO ME;;;PARAMBU;;;;CE;63.680-000;;(85)99792-5486;;;00.515.777/0001-99;;06.952727-0;;;
COMERCIAL ROMUADO;;;CENTRO;;;;RUA SANTA ROSA, 43;;;;;;;;;;;

;;;;;;;;;;;;;;;;;;;;;;;;

4560;JOSE WEMERSON DE SOUZA BRITO ME;;;CAMPOS SALES;;;;CE;63.150-000;;(88)99250-4452;;;10.348.942/0001-19;;06.369056-0;;;
MERCANDINHO CHAMAS;;;GUARANI;;;;R. CELERINO NEPOMUCENO DE CARVALHO, 257;;;;;;;;;;;

;;;;;;;;;;;;;;;;;;;;;;;;

6401;JOSE WILAMY BELIZARIO;;;TAUA;;;;CE;63.660-000;;(88)99659-9313;;;27.949.030/0001-03;;06.655841-7;;;
F L MERCADINHO;;;ALDEOTA;;;;RUA ANTONIO FRANCISCO DOS SANTOS, 242;;;;;;;;;;;

;;;;;;;;;;;;;;;;;;;;;;;;

6624;JOSE WILDO DE MORAIS PINTO;;;ANTONINA DO NORTE;;;;CE;63.170-000;;(  )99462-2496;;;051.671.733-29;;ISENTO;;;
CASA DE RACAO MENINO DA APECUARIA;;;PLANALTO;;;;LUIZ NAZARIO DE AMORIM, 88;;;;;;;;;;;

;;;;;;;;;;;;;;;;;;;;;;;;

4887;JOSE WILLIAM DE MOURA SILVA;;;ASSARE;;;;CE;  .   -   ;;(88)99969-2302;;;035.919.023-57;;;;;
AILDO;;;DISTRITO ARATAMA;;;;AV. ALENCAR SEVERINO, 66;;;;;;;;;;;

;;;;;;;;;;;;;;;;;;;;;;;;

;;;;;;;;;;;;;;;;;;;;;;;;

ERES Informática LTDA.;;;;;PAG: 175;;;20/08/2026 - 09:44:21;;;025;

;;;;;;;;;;;;;;;;;;;;;;;;
;;;;;;;;;;;;;;;;;;;;;;;;

;;
;;;FRANCISCO LUCIANO ALVES HONORIO ME;;;;;;;
;;;Clientes por Vendedor  ;;;;;
;;

;;;;;;;;;;;;;;;;;;;;;;;;

Código;Nome Cliente;;;Cidade;;;;UF;CEP;;FONE;;;C.P.F./C.N.P.J;;R.G./C.G.F.;;;
Nome Fantasia;;;Bairro;;;;Endereço;;;;;

3977;JOSEFA ANDRADE DE LACERDA OLIVEIRA;;;CAMPOS SALES;;;;CE;63.150-000;;(88)99698-8703;;;623.691.723-04;;;;;
MERCADINHO DA SONIA;;;CENTRO;;;;RUA PEREIRA FILGUEIRA, 68;;;;;;;;;;;

;;;;;;;;;;;;;;;;;;;;;;;;

5832;JOSINETA LUIZA ALENCAR;;;SALITRE;;;;CE;63.155-000;;(88)99447-8634;;;261.711.803-78;;;;;
MERCADINHO VALDERI;;;CENTRO;;;;RUA JOAO LIBANO LEITE, 154;;;;;;;;;;;

;;;;;;;;;;;;;;;;;;;;;;;;

6882;JOSIVAN PEREIRA RODRIGUES;;;ARARIPE;;;;CE;63.170-000;;(  )     -    ;;;43.575.941/0001-66;;070184488;;;
SACOLAO DA FAMILIA ;;;CENTRO ;;;;AVENIDA ALEXANDRE ARRAIS, 168;;;;;;;;;;;

;;;;;;;;;;;;;;;;;;;;;;;;

8218;JOZIELLY LEANDRO DE SOUSA LTDA;;;ALTANEIRA;;;;CE;63.195-000;;(88)99706-2918;;;36.998.328/0001-96;;062569910;;;
MERCANTIL FERNANDES;;;CENTRO;;;;RUA PADRE AGAMENON COELHO, 590;;;;;;;;;;;

;;;;;;;;;;;;;;;;;;;;;;;;

7757;JULIANA ZEIDAN BRAGA;;;SABOEIRO;;;;CE;63.590-000;;(88)98125-8840;;;46.834.738/0001-55;;070694761;;;
GROM PET;;;RUA PRACA DA BANDEIRA;;;;RUA RUA PRACA DA BANDEIRA, 6;;;;;;;;;;;

;;;;;;;;;;;;;;;;;;;;;;;;

6426;K A O PEDROSA EIRELI ME;;;TAUA;;;;CE;63.660-000;;(  )99660-0484;;;24.892.166/0001-28;;065360451;;;
AGROCLINICA;;;CENTRO;;;;RUA DOMINGOS GOMES, 11;;;;;;;;;;;

;;;;;;;;;;;;;;;;;;;;;;;;

7940;K GOMES SANTOS;;;AIUABA;;;;CE;63.575-000;;(88)99973-9734;;;59.994.204/0001-38;;072515910;;;
CASA DO AGRO;;;CENTRO;;;;RUA CASTELINA DE ANDRADE, 49;;;;;;;;;;;

;;;;;;;;;;;;;;;;;;;;;;;;

4118;KATIA ALVES HONORIO;;;SANTANA DO CARIRI;;;;CE;63.190-000;;(88)99907-7618;;;015.219.193-30;;;;;
MERCEARIA  HONORIO;;;ESTIVA;;;;RUA EDUARDO GOMES, 304;;;;;;;;;;;

;;;;;;;;;;;;;;;;;;;;;;;;

7489;KEYLA TORQUATO FARIAS DA SILVA ;;;TAUA;;;;CE;63.660-000;;(85)99961-8140;;;34.157.171/0001-40;;069784922;;;
RACA FORTE - RACOES & ACESSORIOS;;;CENTRO;;;;10 R MARFISA CIDRAO ROCHA, 11;;;;;;;;;;;

;;;;;;;;;;;;;;;;;;;;;;;;

4641;L S E SILVA ME;;;SALITRE;;;;CE;63.155-000;;(88) 9263-2841;;;17.752.891/0001-35;;065053265;;;
JONAS- MERCADINHO MINI PRECO;;;CENTRO;;;;RUA ANTONIO LEITE DE ALENCAR, 340;;;;;;;;;;;

;;;;;;;;;;;;;;;;;;;;;;;;

8098;LAURINDO MISAEL DA SILVA;;;ALTANEIRA;;;;CE;  .   -   ;;(88)99830-6900;;;135.114.308-52;;;;;
MERCANTIL MISAEL;;;SITIO SERRA DO VALERIO;;;;SITIO SERRA DO VALERIO, 390;;;;;;;;;;;

;;;;;;;;;;;;;;;;;;;;;;;;

5523;LEANDRO ELIAS DE SOUZA;;;SALITRE;;;;CE;63.155-000;;(88)99415-9350;;;276.249.178-90;;;;;
MERCADINHO E PANIFICADORA DOIS IRMAOS;;;CENTRO;;;;AVENIDA DIONISIO FILHO, 930;;;;;;;;;;;

;;;;;;;;;;;;;;;;;;;;;;;;

;;;;;;;;;;;;;;;;;;;;;;;;

ERES Informática LTDA.;;;;;PAG: 176;;;20/08/2026 - 09:44:21;;;025;

;;;;;;;;;;;;;;;;;;;;;;;;
;;;;;;;;;;;;;;;;;;;;;;;;

;;
;;;FRANCISCO LUCIANO ALVES HONORIO ME;;;;;;;
;;;Clientes por Vendedor  ;;;;;
;;

;;;;;;;;;;;;;;;;;;;;;;;;

Código;Nome Cliente;;;Cidade;;;;UF;CEP;;FONE;;;C.P.F./C.N.P.J;;R.G./C.G.F.;;;
Nome Fantasia;;;Bairro;;;;Endereço;;;;;

7284;LEANDRO MISAEL AMARANTE;;;ALTANEIRA;;;;CE;63.195-000;;(  )     -    ;;;32.864.081/0001-64;;;;;
MERCEARIA MISAEL;;;ZONA RURAL;;;;SITIO SERRA DO VALERIO, 1478;;;;;;;;;;;

;;;;;;;;;;;;;;;;;;;;;;;;

7726;LEIDIAN GOMES DE OLIVEIRA BARRETO;;;PARAMBU;;;;CE;63.680-000;;(88)99646-4625;;;31.636.405/0001-44;;067819613;;;
MERCADINHO BARREIRA;;;CENTRO;;;;E PEDRO ALVES DA COSTA , 70;;;;;;;;;;;

;;;;;;;;;;;;;;;;;;;;;;;;

7611;LENILTON DA SILVA MOREIRA;;;CRATO;;;;CE;  .   -   ;;(  )98853-1010;;;800.176.573-34;;;;;
;;;SEMINARIO;;;;RUA DUARTE JUNIOR, 1001;;;;;;;;;;;

;;;;;;;;;;;;;;;;;;;;;;;;

7157;LEONARDO HENRIQUE VASCONCELOS MARTINS ME;;;INDEPENDENCIA;;;;CE;63.640-000;;(88)99200-2000;;;21.537.736/0001-73;;064304450;;;
ESTANCIA AGROPECUARIA;;;CENTRO;;;;RUA DAS PEDRINHAS, 249;;;;;;;;;;;

;;;;;;;;;;;;;;;;;;;;;;;;

6889;LETICIA DE ARAUJO CORREIA ME;;;ANTONINA DO NORTE;;;;CE;63.570-000;;(  )     -    ;;;25.050.757/0001-10;;065341040;;;
MERCADINHO OPCAO ;;;CENTRO ;;;;RUA NELITO MENDES, 509;;;;;;;;;;;

;;;;;;;;;;;;;;;;;;;;;;;;

6412;LISIANA DE OLIVEIRA MERCEARIA;;;NOVA OLINDA;;;;CE;63.165-000;;(  )99778-5022;;;15.624.162/0001-78;;06.606535-6;;;
MERCADINHO SUKITA;;;CENTRO;;;;AV PERIMETRAL SUL, 468;;;;;;;;;;;

;;;;;;;;;;;;;;;;;;;;;;;;

7007;LORINALDO RODRIGUES SAMPAIO JUNIOR ;;;SALITRE;;;;CE;63.155-000;;(  )     -    ;;;028.630.254-30;;;;;
MERCANTIL  NOSSA SENHORA DE FATIMA ;;;CENTRO ;;;;AVENIDA  FORTALEZA , 304;;;;;;;;;;;

;;;;;;;;;;;;;;;;;;;;;;;;

7719;LUCAS GLAUCENI BEZERRA SILVA;;;QUITERIANOPOLIS;;;;CE;63.650-000;;(  )     -    ;;;07.665.758/0001-98;;061879517;;;
MERCANTIL BEZERRA;;;CENTRO;;;;RUA QUITÉRIA DE LIMA, 43;;;;;;;;;;;

;;;;;;;;;;;;;;;;;;;;;;;;

7833;LUCAS GONCALVES DE OLIVEIRA CARVALHO;;;ASSARE;;;;CE;63.140-000;;(  )99743-6902;;;074.626.363-52;;;;;
MERCADINHO PATATIVA;;;CENTRO ;;;;RUA TRAVESSA JOAO PINTO, 30;;;;;;;;;;;

;;;;;;;;;;;;;;;;;;;;;;;;

7668;LUCAS PATRICIO DA SILVA;;;NOVA OLINDA;;;;CE;63.165-000;;(88)99364-6923;;;115.607.423-13;;;;;
MERCADO FUMEIRO;;;CENTRO;;;;TRAVESSA AVELINO FEITOSA , 434;;;;;;;;;;;

;;;;;;;;;;;;;;;;;;;;;;;;

7602;LUCAS PEREIRA FERNANDES ;;;ALTANEIRA;;;;CE;  .   -   ;;(  )99305-8613;;;604.007.893-61;;;;;
MERCADINHO LF;;;CENTRO;;;;RUA JOSE PIO , 337;;;;;;;;;;;

;;;;;;;;;;;;;;;;;;;;;;;;

5741;LUCIA FERREIRA DA COSTA;;;AIUABA;;;;CE;63.575-000;;(88)99997-4460;;;915.501.493-34;;0000000000;;;
MERCADINHO PESSOA;;;CAICARA;;;;AUGUSTA S SILVA, 66;;;;;;;;;;;

;;;;;;;;;;;;;;;;;;;;;;;;

;;;;;;;;;;;;;;;;;;;;;;;;

ERES Informática LTDA.;;;;;PAG: 177;;;20/08/2026 - 09:44:21;;;025;

;;;;;;;;;;;;;;;;;;;;;;;;
;;;;;;;;;;;;;;;;;;;;;;;;

;;
;;;FRANCISCO LUCIANO ALVES HONORIO ME;;;;;;;
;;;Clientes por Vendedor  ;;;;;
;;

;;;;;;;;;;;;;;;;;;;;;;;;

Código;Nome Cliente;;;Cidade;;;;UF;CEP;;FONE;;;C.P.F./C.N.P.J;;R.G./C.G.F.;;;
Nome Fantasia;;;Bairro;;;;Endereço;;;;;

1365;LUCIENE GOMES DOS SANTOS MICROEMPRESA;;;TAUA;;;;CE;63.660-000;;( 8)83437-1969;;;05.046.993/0001-56;;066653681;;;
MERCADO DO SILVIO;;;BEZERRA DE SOUZA;;;;RUA PEDRO INACIO DE SOUSA, 161;;;;;;;;;;;

;;;;;;;;;;;;;;;;;;;;;;;;

4358;LUIZ RAIMUNDO DA SILVA;;;CAMPOS SALES;;;;CE;63.150-000;;(88) 3533-2839;;;838.735.707-34;;;;;
MERCANTIL SILVA;;;BATALHAO;;;;R. PEREIRA FILGUEIRA, 310;;;;;;;;;;;

;;;;;;;;;;;;;;;;;;;;;;;;

7126;LUIZ SERGIO PONTE MELO;;;INDEPENDENCIA;;;;CE;63.640-000;;(88)99994-1900;;;69.699.783/0001-40;;066670870;;;
VETERINARIA INDEPENDENCIA;;;CENTRO;;;;RUA ALEXANDRE BONFIM, 115;;;;;;;;;;;

;;;;;;;;;;;;;;;;;;;;;;;;

5339;LUZIA IVONE FERNANDES BASTOS;;;SABOEIRO;;;;CE;63.590-000;;(88) 9637-5980;;;465.619.783-15;;;;;
MERCANTIL EDIL;;;CENTRO;;;;RUA FERNANDES BASTOS, 346;;;;;;;;;;;

;;;;;;;;;;;;;;;;;;;;;;;;

5028;LYDIA ALENCAR ARAUJO;;;AIUABA;;;;CE;63.575-000;;(88)99436-2325;;;923.642.843-68;;98029244189;;;
AGROCEAREA;;;CENTRO;;;;R CASTELINA DE ANDRADE, 49;;;;;;;;;;;

;;;;;;;;;;;;;;;;;;;;;;;;

5647;M C DUARTE MENDES ME;;;ANTONINA DO NORTE;;;;CE;63.570-000;;(88)99426-2027;;;17.688.527/0001-53;;065025130;;;
MERCANTIL DELFINO;;;CENTRO;;;;RUA JOSE RAFAEL, 1;;;;;;;;;;;

;;;;;;;;;;;;;;;;;;;;;;;;

3407;M GOMES DE SOUZA ME;;;ASSARE;;;;CE;63.140-000;;(  )     -    ;;;08.031.769/0001-89;;061946184;;;
;;;CENTRO;;;;R.EUCLIDES ONOFRE, 237;;;;;;;;;;;

;;;;;;;;;;;;;;;;;;;;;;;;

7047;M J R CAVALCANTE QUEIROS;;;TAUA;;;;CE;63.660-000;;( 8)89916-2612;;;13.318.552/0001-94;;065545729;;;
FILHO - MERCADINHO, RACOES & CEREAIS;;;CENTRO;;;;AVENIDA JOSE WALDEMAR REGO, 184;;;;;;;;;;;

;;;;;;;;;;;;;;;;;;;;;;;;

8074;M JOSE DOS SANTOS;;;SALITRE;;;;CE;63.155-000;;(88)99415-9350;;;22.995.556/0001-06;;061249920;;;
MERCADINHO DOIS IRMAOS;;;NORTE;;;;AVENIDA JOSE DIONISIO FILHO, 930;;;;;;;;;;;

;;;;;;;;;;;;;;;;;;;;;;;;

;;;;;;;;;;;;;;;;;;;;;;;;

ERES Informática LTDA.;;;;;PAG: 178;;;20/08/2026 - 09:44:21;;;025;

;;;;;;;;;;;;;;;;;;;;;;;;
;;;;;;;;;;;;;;;;;;;;;;;;

;;
;;;FRANCISCO LUCIANO ALVES HONORIO ME;;;;;;;
;;;Clientes por Vendedor  ;;;;;
;;

;;;;;;;;;;;;;;;;;;;;;;;;

Código;Nome Cliente;;;Cidade;;;;UF;CEP;;FONE;;;C.P.F./C.N.P.J;;R.G./C.G.F.;;;
Nome Fantasia;;;Bairro;;;;Endereço;;;;;

6118;M M DA SILVA AGROPECUARIOS;;;ARARIPE;;;;CE;63.170-000;;(88)99411-3774;;;29.806.329/0001-26;;06.756.480-1;;;
TM AGROP-A CASA DO SERTANEJO;;;CENTRO;;;;AV. VIVENTE DE ALENCAR BARBOSA,, 621;;;;;;;;;;;

;;;;;;;;;;;;;;;;;;;;;;;;

6157;M OZENEIDE DE OLIVEIRA ME;;;TAUA;;;;CE;63.660-000;;(88)99932-7760;;;27.172.467/0001-75;;066453577;;;
CASA DE RACAO DO ALMIR;;;CENTRO;;;;RUA MARFISA CIDRAO ROCHA, 22;;;;;;;;;;;

;;;;;;;;;;;;;;;;;;;;;;;;

7797;M. K. DE SOUZA OLIVEIRA;;;TARRAFAS;;;;CE;63.145-000;;(  )     -    ;;;37.539.027/0001-67;;063058065;;;
AGROVET;;;CENTRO;;;;R JOSE CANDIDO, 69;;;;;;;;;;;

;;;;;;;;;;;;;;;;;;;;;;;;

7235;MACIEL EMILIANO DE SOUSA;;;CAMPOS SALES;;;;CE;63.150-000;;(88)99209-7473;;;47.219.139/0001-94;;070755892;;;
MERCADINHO MARIA HELENA ;;;CENTRO;;;;RUA ENEAS ARRAIS, 1062;;;;;;;;;;;

;;;;;;;;;;;;;;;;;;;;;;;;

7740;MANOEL B DA SILVA NETO ME;;;CRATEUS;;;;CE;63.700-000;;(88)03691-4953;;;09.245.330/0001-11;;063575329;;;
MERCEARIA DO MANEL;;;COHAB ;;;;RUA PROFESSOR NETO, 256;;;;;;;;;;;

;;;;;;;;;;;;;;;;;;;;;;;;

7003;MANOELA SANDRA DA CRUZ SILVA;;;ASSARE;;;;CE;63.140-000;;(88)99951-9119;;;760.489.933-15;;;;;
;;;CENTRO ;;;;PADRE EMÍLIO CABRAL, 363;;;;;;;;;;;

;;;;;;;;;;;;;;;;;;;;;;;;

7724;MARCELO LUIS DE OLIVEIRA ;;;PARAMBU;;;;CE;63.680-000;;(  )     -    ;;;31.816.899/0001-49;;067848354;;;
MERCANTIL MARCELO;;;HORACIO ALVES NORONHA ;;;;AV SALUSTRINA HENRIQUE DA SILVA, 11;;;;;;;;;;;

;;;;;;;;;;;;;;;;;;;;;;;;

3502;MARCOS PAULO ALEXANDRE VAZ ME;;;SANTANA DO CARIRI;;;;CE;63.180-000;;(88)99804-8173;;;11.863.726/0001-74;;063968282;;;
MERCADINHO VAZ;;;ESTIVA;;;;RUA NOSSA SENHORA  DA SAUDE, 281;;;;;;;;;;;

;;;;;;;;;;;;;;;;;;;;;;;;

7542;MARCOS PAULO SALES MOTA;;;CRATEUS;;;;CE;63.702-045;;(88)98234-9710;;;44.235.399/0001-65;;070291926;;;
MP PRODUTOS AGRICOLAS;;;FATIMA II;;;;RUA DOM PEDRO II - DE 1192/1193 A 2509/2510, 1471;;;;;;;;;;;

;;;;;;;;;;;;;;;;;;;;;;;;

7937;MARIA ALEXANDRINO RODRIGUES ;;;ARARIPE;;;;CE;63.170-000;;(88)99411-3774;;;977.139.453-34;;;;;
TM AGROP-A CASA DO SERTANEJO ;;;CENTRO ;;;;A.V VIVENTE  DE ALENCAR BARBOSA, 621;;;;;;;;;;;

;;;;;;;;;;;;;;;;;;;;;;;;

6048;MARIA BETANIA ALVES;;;SANTANA DO CARIRI;;;;CE;63.190-000;;(88)99928-5381;;;442.805.643-53;;;;;
MERCADINHO SAO FRANCISCO;;;CENTRO;;;;RUA ACELINO ARRAES, 276;;;;;;;;;;;

;;;;;;;;;;;;;;;;;;;;;;;;

2806;MARIA CELIA DE MEDEIROS TORRES - EPP;;;TAUA;;;;CE;63.660-000;;( 8)83437-3750;;;05.536.229/0001-69;;068602642;;;
MARIA CELIA;;;DR JOSE OZIMO;;;;R.CANDIDO ALEXANDRINO BARRETO, 493;;;;;;;;;;;

;;;;;;;;;;;;;;;;;;;;;;;;

;;;;;;;;;;;;;;;;;;;;;;;;

ERES Informática LTDA.;;;;;PAG: 179;;;20/08/2026 - 09:44:21;;;025;

;;;;;;;;;;;;;;;;;;;;;;;;
;;;;;;;;;;;;;;;;;;;;;;;;

;;
;;;FRANCISCO LUCIANO ALVES HONORIO ME;;;;;;;
;;;Clientes por Vendedor  ;;;;;
;;

;;;;;;;;;;;;;;;;;;;;;;;;

Código;Nome Cliente;;;Cidade;;;;UF;CEP;;FONE;;;C.P.F./C.N.P.J;;R.G./C.G.F.;;;
Nome Fantasia;;;Bairro;;;;Endereço;;;;;

6976;MARIA DAS DORES DA SILVA EVANGELISTA ;;;ASSARE;;;;CE;63.140-000;;(  )     -    ;;;026.288.753-30;;;;;
MERCANTIL PADRE CICERO FELIPE ;;;PARQUE DE VAQUEJADA ;;;;DEPUTADO MANUEL GONÇALVES , 145;;;;;;;;;;;

;;;;;;;;;;;;;;;;;;;;;;;;

7156;MARIA DAS GRACAS COSTA MELO- ME;;;INDEPENDENCIA;;;;CE;63.640-000;;(88)99724-1666;;;07.175.913/0001-98;;067010580;;;
CASA DO VAQUEIRO;;;CENTRO;;;;RUA  DAS PEDRINHAS, 223;;;;;;;;;;;

;;;;;;;;;;;;;;;;;;;;;;;;

6481;MARIA DE ARAUJO ROZAL;;;ASSARE;;;;CE;63.160-000;;(  )99718-1918;;;980.490.113-72;;;;;
SACOLAO CENTRAL;;;CENTRO;;;;RUA NENE ARRAES, 64;;;;;;;;;;;

;;;;;;;;;;;;;;;;;;;;;;;;

2780;MARIA DE FATIMA ALVES VIDAL ME;;;SANTANA DO CARIRI;;;;CE;63.190-000;;(  )     -    ;;;02.063.215/0001-87;;06.992.459-7;;;
;;;DIST.INHUMAS;;;;R.CENTRAL, 110, 0;;;;;;;;;;;

;;;;;;;;;;;;;;;;;;;;;;;;

6374;MARIA DE LOURDES SANTOS;;;CAMPOS SALES;;;;CE;63.150-000;;(  )99921-6193;;;32.561.141/0001-70;;067977014;;;
MERCADINHO DE SEU GENIVAL;;;CAIXA D'AGUA;;;;LOGRADOURO TV JOAO XIII, 124;;;;;;;;;;;

;;;;;;;;;;;;;;;;;;;;;;;;

3937;MARIA DISNEYLANDIA DE ALENCAR;;;CAMPOS SALES;;;;CE;53.050-000;;(88) 3533-1583;;;08.414.481/0001-93;;062016091;;;
MERCADINHO SAO JOSE;;;APARECIDA;;;;R.JOSE PINTO, 216;;;;;;;;;;;

;;;;;;;;;;;;;;;;;;;;;;;;

6337;MARIA EDIVAN VIEIRA MARTINS;;;CRATEUS;;;;CE;63.700-000;;(88)99647-9500;;;00.062.314/0001-19;;06.903413-3;;;
MERCADINHO POM POM;;;CENTRO;;;;R BR.DO RIO BRANCO, 1384;;;;;;;;;;;

;;;;;;;;;;;;;;;;;;;;;;;;

6344;MARIA ELIENE ALVES OLIVEIRA;;;NOVO ORIENTE;;;;CE;63.740-000;;(88)99680-7997;;;32.213.883/0001-04;;06.791800-0;;;
ARMAZEM SAO LUIZ;;;CENTRO;;;;R ANTONIO CLAUDINO, 240;;;;;;;;;;;

;;;;;;;;;;;;;;;;;;;;;;;;

7738;MARIA ELIVALDA DO AMARAL MONTEIRO ;;;ARNEIROZ;;;;CE;63.670-000;;(  )     -    ;;;51.737.885/0001-47;;071454322;;;
MERCANTIL NORONHA ;;;JOSÉ RIBEIRO VIANA;;;;RUA DR ALBERTO FEITOSA, 0;;;;;;;;;;;

;;;;;;;;;;;;;;;;;;;;;;;;

7029;MARIA JESSICA CABOCLO DA SILVA;;;ASSARE;;;;CE;63.140-000;;(88)99482-1640;;;069.504.453-26;;;;;
WE MERCADINHO ;;;VILANILDALIA;;;;RUA JOÃO BANTIM DE SOUZA, 107;;;;;;;;;;;

;;;;;;;;;;;;;;;;;;;;;;;;

7138;MARIA LEXVANGIA P BEZERRA;;;SABOEIRO;;;;CE;63.590-000;;(88)98136-8164;;;26.980.261/0001-09;;066404657;;;
MERCADINHO DA VANGINHA;;;CENTRO;;;;RUA EDITE OLINDA CAVALCANTE, 400;;;;;;;;;;;

;;;;;;;;;;;;;;;;;;;;;;;;

6702;MARIA MARLI NICANOR RODRIGUES;;;POTENGI;;;;CE;63.160-000;;( 9)9718--2514;;;41.311.734/0001-79;;06.124919-0;;;
AGROPEC SAO JOSE;;;CENTRO;;;;1A R EDMILSON ROCHA, 203;;;;;;;;;;;

;;;;;;;;;;;;;;;;;;;;;;;;

;;;;;;;;;;;;;;;;;;;;;;;;

ERES Informática LTDA.;;;;;PAG: 180;;;20/08/2026 - 09:44:21;;;025;

;;;;;;;;;;;;;;;;;;;;;;;;
;;;;;;;;;;;;;;;;;;;;;;;;

;;
;;;FRANCISCO LUCIANO ALVES HONORIO ME;;;;;;;
;;;Clientes por Vendedor  ;;;;;
;;

;;;;;;;;;;;;;;;;;;;;;;;;

Código;Nome Cliente;;;Cidade;;;;UF;CEP;;FONE;;;C.P.F./C.N.P.J;;R.G./C.G.F.;;;
Nome Fantasia;;;Bairro;;;;Endereço;;;;;

8102;MARIA MILEIDE DE SOUZA BRITO;;;CAMPOS SALES;;;;CE;  .   -   ;;(88)99287-1482;;;065.751.938-38;;;;;
MERCANTIL CHAMAS;;;GUARANI;;;;RUA CELERINO N DE CARVALHO, 257;;;;;;;;;;;

;;;;;;;;;;;;;;;;;;;;;;;;

7247;MARIA OZILEIDE DINO DE QUEIROZ ;;;TAUA;;;;CE;  .   -   ;;(88)99943-6212;;;48.302.920/0001-90;;;;;
VM RACOES ;;;RODOVIA 020;;;;VILA CASTELO MARRECAS, 123;;;;;;;;;;;

;;;;;;;;;;;;;;;;;;;;;;;;

7372;MARIA RITA DE JESUS GOMES;;;ARARIPE;;;;CE;63.178-000;;(  )99280-7952;;;624.368.053-34;;;;;
MERCANTIL A MAIS VARIEDADE ;;;RIACHO GRANDE ;;;;RUA SAO FRANCISCO , 319;;;;;;;;;;;

;;;;;;;;;;;;;;;;;;;;;;;;

7370;MARIO CEZAR MACHADO SOARES ;;;NOVO ORIENTE;;;;CE;63.740-000;;(88)99602-1009;;;048.051.383-00;;;;;
AGROPECUARIA MACHADO ;;;CENTRO ;;;;AV FRANCISCO RUFINO , 10;;;;;;;;;;;

;;;;;;;;;;;;;;;;;;;;;;;;

2130;MAURILIO DE OLIVEIRA E SILVA;;;CAMPOS SALES;;;;CE;63.150-000;;(88) 3533-1044;;;07.183.205/0001-07;;060053011;;;
CASA DO CRIADOR;;;CENTRO;;;;RUA JULIO NOROES, 239;;;;;;;;;;;

;;;;;;;;;;;;;;;;;;;;;;;;

984;MAURO LOPES DA SILVA ME;;;CAMPOS SALES;;;;CE;63.150-000;;(88)99612-3834;;;04.390.882/0001-08;;06.309.406-1;;;
MERCANTIL SAO PAULO;;;CENTRO;;;;R. CEL. BALECO , 743;;;;;;;;;;;

;;;;;;;;;;;;;;;;;;;;;;;;

5774;MELO SOARES MERCEARIA LTDA ME;;;CRATEUS;;;;CE;63.700-000;;(88)99274-4885;;;07.363.984/0001-14;;061826901;;;
PONTO DO VAREJO;;;CENTRO;;;;RUA CORONEL TOTO, 1292;;;;;;;;;;;

;;;;;;;;;;;;;;;;;;;;;;;;

7031;MERCADINHO POLULAR COMERCIAL DE ALI;;;ASSARE;;;;CE;63.140-000;;(88)99206-3045;;;35.102.800/0001-06;;062592912;;;
MERCADINHO POPULAR;;;PARQUE DE VAQUEJADA;;;;RUA VEREADOR JAIME MONTE PEREIRA, 484;;;;;;;;;;;

;;;;;;;;;;;;;;;;;;;;;;;;

4395;MERCADINHO SANTA MONICA LTDA ME;;;ANTONINA DO NORTE;;;;CE;63.570-000;;(88) 3525-1239;;;08.834.307/0001-08;;062084020;;;
MERCADINHO SANTO MONICA ;;;CENTRO;;;;R. JOAQUIM ELIZEU, 122;;;;;;;;;;;

;;;;;;;;;;;;;;;;;;;;;;;;

6897;MERCADINHO SERGIO ;;;POTENGI;;;;CE;63.160-000;;(  )     -    ;;;027.405.963-08;;;;;
JOSIVANIA SERGIO PIRES NASCIMENTO ;;;CENTRO ;;;;RUA FRANCISCO GUEDUES , 182;;;;;;;;;;;

;;;;;;;;;;;;;;;;;;;;;;;;

3978;MERCADINHO SERVE MAIS LTDA ME;;;CAMPOS SALES;;;;CE;63.150-000;;(88) 3533-3039;;;07.907.600/0001-87;;061925411;;;
MERCADINHO SERVE MAIS;;;DISTRITO CARMELOPOLIS;;;;RUA VIRGILIO GOMES, 74;;;;;;;;;;;

;;;;;;;;;;;;;;;;;;;;;;;;

6168;MERCANTIL BULANDEIRA LTDA;;;CAMPOS SALES;;;;CE;63.150-000;;(88)99965-0523;;;31.031.858/0001-47;;067734774;;;
MERCANTIL BULANDEIRA;;;BATALHAO;;;;RUA PEREIRA FIGUEIRA, 166;;;;;;;;;;;

;;;;;;;;;;;;;;;;;;;;;;;;

;;;;;;;;;;;;;;;;;;;;;;;;

ERES Informática LTDA.;;;;;PAG: 181;;;20/08/2026 - 09:44:21;;;025;

;;;;;;;;;;;;;;;;;;;;;;;;
;;;;;;;;;;;;;;;;;;;;;;;;

;;
;;;FRANCISCO LUCIANO ALVES HONORIO ME;;;;;;;
;;;Clientes por Vendedor  ;;;;;
;;

;;;;;;;;;;;;;;;;;;;;;;;;

Código;Nome Cliente;;;Cidade;;;;UF;CEP;;FONE;;;C.P.F./C.N.P.J;;R.G./C.G.F.;;;
Nome Fantasia;;;Bairro;;;;Endereço;;;;;

7539;MERCEARIA CHICO JOANITO LTDA;;;QUITERIANOPOLIS;;;;CE;63.650-000;;(88)99682-4331;;;01.816.167/0001-98;;060975253;;;
MERCEARIA CHIWCO JOANITO;;;CENTRO;;;;RUA QUITERIA DE LIMA, 13;;;;;;;;;;;

;;;;;;;;;;;;;;;;;;;;;;;;

7697;MERCERIA CORDEIRO LTDA;;;QUITERIANOPOLIS;;;;CE;63.650-000;;(88)99977-1538;;;04.433.230/0001-03;;;;;
MERCEARIA O VALDENOR;;;CENTRO;;;;RUA QUITERIA DE LIMA, 27;;;;;;;;;;;

;;;;;;;;;;;;;;;;;;;;;;;;

8095;MIGUEL ADRIAN DE SOUSA BEZARRA;;;INDEPENDENCIA;;;;CE;  .   -   ;;(  )99662-4320;;;024.486.483-79;;;;;
MERCANTIL SAO MIGUEL;;;BAIRRO COABI;;;;RUA JEROME ALMES DE ARAUJO, 162;;;;;;;;;;;

;;;;;;;;;;;;;;;;;;;;;;;;

7624;MIGUEL ANTUNES DE OLIVEIRA NETO;;;QUITERIANOPOLIS;;;;CE;63.650-000;;(88)99635-6533;;;74.067.968/0001-71;;069208050;;;
MERCEARIA O MIGUEL;;;CENTRO;;;;RUA QUITERIA DE LIMA, 29;;;;;;;;;;;

;;;;;;;;;;;;;;;;;;;;;;;;

7207;MIGUEL GOMES VIEIRA COUTINHO;;;INDEPENDENCIA;;;;CE;63.640-000;;(88)99972-0068;;;03.726.542/0001-34;;062951750;;;
CASA DO SERTANEJO;;;CENTRO;;;;RUA FREI VIDAL, 411;;;;;;;;;;;

;;;;;;;;;;;;;;;;;;;;;;;;

957;MIGUEL RICARDO CARVALHO;;;CAMPOS SALES;;;;CE;63.150-000;;(  )     -    ;;;222.364.063-04;;;;;
MERCANTIL SAO MIGUEL;;;CENTRO;;;;RUA SETE DE SETEMBRO, 244;;;;;;;;;;;

;;;;;;;;;;;;;;;;;;;;;;;;

7258;MILENA ARIMATEA TORCATO;;;CRATEUS;;;;CE;63.700-094;;(88)99256-5370;;;45.321.376/0001-36;;070463212;;;
SHOP DAS AVES;;;CENTRO;;;;RUA ALMIRANTE TAMANDARE, 1009;;;;;;;;;;;

;;;;;;;;;;;;;;;;;;;;;;;;

1489;MOISES GOMES DE LIMA ME;;;TAUA;;;;CE;63.660-000;;(88)99957-0671;;;35.006.279/0001-03;;06.066.811-3;;;
MERCADINHO CATARINA;;;CENTRO;;;;RUA MONSENHOR  JUVINIANO BARRETO, 165;;;;;;;;;;;

;;;;;;;;;;;;;;;;;;;;;;;;

7544;NATALIANY KELLY MACHADO BARROS;;;CRATEUS;;;;CE;63.705-085;;(  )     -    ;;;39.766.766/0001-17;;062413597;;;
MERCADINHO DIA DIA;;;CIDADE 2000;;;;RUA CONTADOR RAIMUNDO LUIS, 106;;;;;;;;;;;

;;;;;;;;;;;;;;;;;;;;;;;;

7362;NATANAEL PORTELA MACHADO ;;;CRATEUS;;;;CE;63.705-085;;(88)99290-4389;;;067.998.693-63;;;;;
NATANAEL E NATALIANE;;;CIDADE DOIS MIL;;;;RUA CONTADOR RAIMUNDO LUIZ , 106;;;;;;;;;;;

;;;;;;;;;;;;;;;;;;;;;;;;

8092;NATHALY ALVES SOUSA;;;CRATEUS;;;;CE;63.702-845;;(  )99647-5335;;;49.827.649/0001-70;;;;;
MUNDO DA RACAO ;;;FATIMA I;;;;RUA DEOLINO BARRETO, 844;;;;;;;;;;;

;;;;;;;;;;;;;;;;;;;;;;;;

7458;NETO DINIZ;;;CAMPOS SALES;;;;CE;  .   -   ;;(  )99651-6833;;;067.913.908-75;;;;;
;;;GUARANI;;;;RUA JOSE BONEFASIO, 439;;;;;;;;;;;

;;;;;;;;;;;;;;;;;;;;;;;;

;;;;;;;;;;;;;;;;;;;;;;;;

ERES Informática LTDA.;;;;;PAG: 182;;;20/08/2026 - 09:44:21;;;025;

;;;;;;;;;;;;;;;;;;;;;;;;
;;;;;;;;;;;;;;;;;;;;;;;;

;;
;;;FRANCISCO LUCIANO ALVES HONORIO ME;;;;;;;
;;;Clientes por Vendedor  ;;;;;
;;

;;;;;;;;;;;;;;;;;;;;;;;;

Código;Nome Cliente;;;Cidade;;;;UF;CEP;;FONE;;;C.P.F./C.N.P.J;;R.G./C.G.F.;;;
Nome Fantasia;;;Bairro;;;;Endereço;;;;;

5779;NIVANNO B DO NASCIMENTO ME;;;QUITERIANOPOLIS;;;;CE;63.650-000;;(88)99728-9004;;;05.676.285/0001-07;;066795249;;;
CASA DE RAÇÃO BOA VISTA;;;CENTRO;;;;RUA TENENTE JOSE LOPES , 77;;;;;;;;;;;

;;;;;;;;;;;;;;;;;;;;;;;;

7452;OSMAR TEIXEIRA DE OLIVEIRA;;;TAUA;;;;CE;  .   -   ;;( 8)89918-2159;;;538.442.033-20;;;;;
OSMAR TEM DE TUDO;;;CENTRO;;;;RUA JOSE SIMIAO , 4;;;;;;;;;;;

;;;;;;;;;;;;;;;;;;;;;;;;

6937;PAGUE MENOS SUPERMERCADO LTDA;;;ASSARE;;;;CE;63.140-000;;(  )99792-6540;;;12.948.351/0002-99;;063535041;;;
ATACAREJO PAGUE MENOS;;;CENTRO;;;;R CEL PEDRO ONOFRE, 127;;;;;;;;;;;

;;;;;;;;;;;;;;;;;;;;;;;;

6677;PAULA MYLENNE FERNANDES OLIVEIRA;;;ASSARE;;;;CE;63.143-000;;(  )     -    ;;;060.480.523-32;;;;;
POSTO NORDESTE;;;ARATAMA;;;;RUA NAIR CANDIDO RODOVIA , 176;;;;;;;;;;;

;;;;;;;;;;;;;;;;;;;;;;;;

7591;PAULO ALENCAR PIRES ;;;PARAMBU;;;;CE;63.680-000;;(  )99602-4272;;;039.574.043-63;;;;;
MERCANTIL IDEAL;;;BELEZA ;;;;RUA MIGUEL NORONHA, 51;;;;;;;;;;;

;;;;;;;;;;;;;;;;;;;;;;;;

7460;PAULO HARLEY;;;NOVA OLINDA;;;;CE;  .   -   ;;(  )99253-7719;;;093.899.763-75;;;;;
CASA DE RACOES;;;CENTRO;;;;RUA 15 DE NOVEMBRO , 222;;;;;;;;;;;

;;;;;;;;;;;;;;;;;;;;;;;;

6744;PAULO ROBERTO MORAIS FEITOSA;;;AIUABA;;;;CE;63.575-100;;(  )99751-8844;;;013.056.633-06;;;;;
MUNDO DAS RACOES;;;CENTRO;;;;RUA CASTELINA DE ANDRADE, 18;;;;;;;;;;;

;;;;;;;;;;;;;;;;;;;;;;;;

7435;PAULO ROBERTO VIEIRA DA SILVA;;;TARRAFAS;;;;CE;  .   -   ;;(  )99278-7099;;;086.770.763-10;;;;;
CASA DE RACAO ;;;CENTRO;;;;RUA 15 DE NOVEMBRO, 24;;;;;;;;;;;

;;;;;;;;;;;;;;;;;;;;;;;;

6893;PAULO VICTOR CAVALCANTE DE MENESES ;;;SANTANA DO CARIRI;;;;CE;63.190-000;;(88)99956-1942;;;43.959.475/0001-12;;070257540;;;
RURAL VET ;;;CENTRO;;;;11 DE JANEIRO , 151;;;;;;;;;;;

;;;;;;;;;;;;;;;;;;;;;;;;

7620;PEDRO B VIEIRA;;;QUITERIANOPOLIS;;;;CE;63.650-000;;(88)99724-8897;;;07.626.077/0001-10;;061863831;;;
MERCEARIA ALTO BRILHANTE ;;;ALTO BRILHANTE;;;;RUA ZACARIAS ANTUNES DE OLIVEIRA, 5;;;;;;;;;;;

;;;;;;;;;;;;;;;;;;;;;;;;

6608;PEDRO EMANOEL BRITO LIMA;;;PARAMBU;;;;CE;63.680-000;;(88)99450-3634;;;082.670.193-08;;;;;
CASA DO TEMPERO ;;;CENTRO ;;;;RUA MANOEL ALEXANDRE, 55;;;;;;;;;;;

;;;;;;;;;;;;;;;;;;;;;;;;

7573;PEDRO HENRILE DE SOUZA OLINDA;;;SABOEIRO;;;;CE;  .   -   ;;(88)98135-7629;;;604.421.803-14;;;;;
MERCANTIL PH;;;CENTRO ;;;;FERNANDES BASTOS, 215;;;;;;;;;;;

;;;;;;;;;;;;;;;;;;;;;;;;

;;;;;;;;;;;;;;;;;;;;;;;;

ERES Informática LTDA.;;;;;PAG: 183;;;20/08/2026 - 09:44:21;;;025;

;;;;;;;;;;;;;;;;;;;;;;;;
;;;;;;;;;;;;;;;;;;;;;;;;

;;
;;;FRANCISCO LUCIANO ALVES HONORIO ME;;;;;;;
;;;Clientes por Vendedor  ;;;;;
;;

;;;;;;;;;;;;;;;;;;;;;;;;

Código;Nome Cliente;;;Cidade;;;;UF;CEP;;FONE;;;C.P.F./C.N.P.J;;R.G./C.G.F.;;;
Nome Fantasia;;;Bairro;;;;Endereço;;;;;

7540;R K C ARAUJO;;;NOVO ORIENTE;;;;CE;63.740-000;;(88)99844-1585;;;27.771.629/0001-91;;066515530;;;
MERCADINHO SMP;;;CENTRO;;;;RUA SAO JOSE, 378;;;;;;;;;;;

;;;;;;;;;;;;;;;;;;;;;;;;

7015;R.C.M. MOTA;;;CATARINA;;;;CE;  .   -   ;;(88)98807-0517;;;12.603.372/0001-91;;064107205;;;
AGROVET;;;TRÊS  PODERES ;;;;PRAÇA ALZIRA RODRIGUES DE ALBUQUERQUE , 472;;;;;;;;;;;

;;;;;;;;;;;;;;;;;;;;;;;;

5713;RAFAEL CARVALHO PESSOA;;;ARNEIROZ;;;;CE;63.670-000;;(88)99914-6782;;;21.845.035/0001-00;;064372359;;;
ORLANDO;;;CENTRO;;;;DOUTOR ALBERTO FEITOSA, 28;;;;;;;;;;;

;;;;;;;;;;;;;;;;;;;;;;;;

6957;RAFAEL LIMA RODRIGUES;;;TAUA;;;;CE;63.660-000;;(88)99937-4837;;;40.992.662/0001-00;;061222976;;;
ENTUSIASMO PET;;;CENTRO;;;;RUA GERVINA MARIA DE LIMA O MOREIRA, 454;;;;;;;;;;;

;;;;;;;;;;;;;;;;;;;;;;;;

7254;RAIANY DINIZ PEREIRA;;;CAMPOS SALES;;;;CE;63.150-000;;(88)99658-5020;;;47.297.416/0001-87;;070784434;;;
;;;CENTRO;;;;RUA CORONEL BALECO, 560;;;;;;;;;;;

;;;;;;;;;;;;;;;;;;;;;;;;

7027;RAIMUNDO FILINTO DOS SANTOS;;;TARRAFAS;;;;CE;63.145-000;;(88)99499-9206;;;17.703.670/0001-77;;065030109;;;
MERCADINHO PAI E FILHO;;;CENTRO;;;;RUA JOSE PEREIRA LEITE, 194;;;;;;;;;;;

;;;;;;;;;;;;;;;;;;;;;;;;

4889;RAIMUNDO IZAEL BARBOSA DE SOUSA ME;;;ANTONINA DO NORTE;;;;CE;63.570-000;;(88) 9401-6713;;;11.652.358/0001-15;;063928299;;;
PROX SECRETARIA DE SAUDE;;;CENTRO;;;;R. CEL VIRGILIO TAVORA, 53;;;;;;;;;;;

;;;;;;;;;;;;;;;;;;;;;;;;

1798;RAIMUNDO ROSENDO DE SOUZA ME;;;TAUA;;;;CE;63.660-000;;(  )99797-9499;;;34.999.896/0001-86;;060247444;;;
RAIMUNDO ROSENDO;;;CENTRO;;;;RUA DONDON FEITOSA, 412;;;;;;;;;;;

;;;;;;;;;;;;;;;;;;;;;;;;

7621;REGINALDO LIMA DE OLIVEIRA;;;QUITERIANOPOLIS;;;;CE;63.650-000;;(88)99619-5691;;;34.680.867/0001-57;;070941408;;;
MERCEARIA ERINALDO;;;CENTRO;;;;RUA ACADEMICO DEUSDETE PEDROSA, 7;;;;;;;;;;;

;;;;;;;;;;;;;;;;;;;;;;;;

5197;REISEILTON FRANCISCO DOS SANTOS;;;SALITRE;;;;CE;63.155-00 ;;(88)99284-7413;;;19.110.895/0001-45;;067081185;;;
PROX AO MERC. SILVA;;;ALTO ALEGRE;;;;RUA BELA VISTA, 8;;;;;;;;;;;

;;;;;;;;;;;;;;;;;;;;;;;;

5913;RENATO JOSE DA SILVA;;;SALITRE;;;;CE;63.155-000;;(  )99212-9755;;;24.055.452/0001-39;;064839648;;;
CASA DO VAQUEIRO;;;CENTRO;;;;AV FORTALEZA , 296;;;;;;;;;;;

;;;;;;;;;;;;;;;;;;;;;;;;

2941;RICARDO ALVES DE OLIVEIRA EPP;;;TAUA;;;;CE;63.660-000;;(88)99607-5700;;;04.085.287/0001-50;;063023350;;;
SHALON RACOES E FERRAGEM;;;CENTRO;;;;RUA FARMACEUTICA NENEN BORGES, 94;;;;;;;;;;;

;;;;;;;;;;;;;;;;;;;;;;;;

;;;;;;;;;;;;;;;;;;;;;;;;

ERES Informática LTDA.;;;;;PAG: 184;;;20/08/2026 - 09:44:21;;;025;

;;;;;;;;;;;;;;;;;;;;;;;;
;;;;;;;;;;;;;;;;;;;;;;;;

;;
;;;FRANCISCO LUCIANO ALVES HONORIO ME;;;;;;;
;;;Clientes por Vendedor  ;;;;;
;;

;;;;;;;;;;;;;;;;;;;;;;;;

Código;Nome Cliente;;;Cidade;;;;UF;CEP;;FONE;;;C.P.F./C.N.P.J;;R.G./C.G.F.;;;
Nome Fantasia;;;Bairro;;;;Endereço;;;;;

7319;RILENYO MOREIRA CARVALHO;;;TAUA;;;;CE;63.660-000;;(  )99620-4830;;;47.994.916/0001-78;;07.087454-9;;;
COMPREAKI;;;MANOEL ALVES MOTA;;;;R FRANCISCO MALAQUIAS SOUSA, 284;;;;;;;;;;;

;;;;;;;;;;;;;;;;;;;;;;;;

8002;ROBERTO FRANKLIN CARVALHO DE SOUZA;;;CAMPOS SALES;;;;CE;63.150-000;;(  )99909-1423;;;51.585.055/0001-41;;;;;
SERTAO AVES E RACOES;;;APARECIDA;;;;RUA FRANCISCO VELOSO DE ANDRADE, 7;;;;;;;;;;;

;;;;;;;;;;;;;;;;;;;;;;;;

3764;ROMERIO RODRIGUES LEITE ME;;;SANTANA DO CARIRI;;;;CE;63.190-000;;(88)99999-5445;;;03.220.549/0001-80;;062818651;;;
MERCADINHO RODRIGUES ;;;ESTIVA;;;;RUA  DO  COMERCIO, 102;;;;;;;;;;;

;;;;;;;;;;;;;;;;;;;;;;;;

7289;ROMULO CIDRAO MARQUES;;;TAUA;;;;CE;63.660-000;;(88)03437-2513;;;42.213.525/0001-55;;06.186262-2;;;
MERCADINHO ROMULO;;;MANOEL ALVES MOTA;;;;RUA BENARDO RODRIGUES, 10;;;;;;;;;;;

;;;;;;;;;;;;;;;;;;;;;;;;

7388;RONAIB CARVALHO FEITOZA ;;;CAMPOS SALES;;;;CE;63.150-000;;(  )99918-2152;;;40.306.808/0001-16;; 06.120507-9;;;
MERCADINHO DO RONY;;;GUARANI;;;;R VALDECI ZACARIAS DE LIMA, 165;;;;;;;;;;;

;;;;;;;;;;;;;;;;;;;;;;;;

7423;RONALDO DANTAS POSSIDONIO;;;PARAMBU;;;;CE;  .   -   ;;(  )99805-7305;;;012.995.483-77;;;;;
MERCANTIL PROGRESSO;;;CENTRO ;;;;PEDRO ALVES DA COSTA, 130;;;;;;;;;;;

;;;;;;;;;;;;;;;;;;;;;;;;

7523;ROSIANA FURTADO LOPES MOTA;;;CAMPOS SALES;;;;CE;63.150-000;;(  )99927-6031;;;010.669.463-45;;222136792;;;
PAZ COMERCIAL;;;CENTRO;;;;TR.JOSE DE ALENCAR, 406;;;;;;;;;;;

;;;;;;;;;;;;;;;;;;;;;;;;

7720;Ryan Alves Sobreira Rodrigues;;;TAUA;;;;CE; 6.366-000;;(  )     -    ;;;094.373.973-09;;;;;
PADARIA ALDEOTA ;;;ALDEOTA ;;;;Rua Torquato Rodrigues da Silva, 231;;;;;;;;;;;

;;;;;;;;;;;;;;;;;;;;;;;;

6308;S M COMERCIO DE RACOES E MEDICAMENTOS VETERINARIOS;;;CRATEUS;;;;CE;63.700-000;;(88)99246-2525;;;09.492.736/0001-07;;063621800;;;
PRABICHO CENTRO;;;CENTRO;;;;RUA BARAO DO RIO  BRANCO, 1158;;;;;;;;;;;

;;;;;;;;;;;;;;;;;;;;;;;;

8188;SAMUEL MENDES GOIS;;;ASSARE;;;;CE;63.140-000;;(88)99459-7759;;;41.822.292/0001-25;;;;;
PRODUZA AGROPECUARIA ;;;PARQUE DE VAQUEIJADA;;;;AREA AV DEPUTADO MANOEL GONSALVES, 93;;;;;;;;;;;

;;;;;;;;;;;;;;;;;;;;;;;;

5225;SANDRA GONCALVES DA SILVA;;;SANTANA DO CARIRI;;;;CE;63.190-000;;(88)99838-5326;;;882.396.833-04;;;;;
MERCANTIL  E CHURRASCARIA GUILHERME ;;;INHUMAS;;;;RUA CENTRAL, 429;;;;;;;;;;;

;;;;;;;;;;;;;;;;;;;;;;;;

7178;SANDRA LUIZ DOS SANTOS ;;;ALTANEIRA;;;;CE;63.195-000;;(88)99661-6683;;;026.715.113-61;;;;;
SADRINHA;;;MUTIRÃO ;;;;RUA FRANCISCA PIO DE OLIVEIRA , 1178;;;;;;;;;;;

;;;;;;;;;;;;;;;;;;;;;;;;

;;;;;;;;;;;;;;;;;;;;;;;;

ERES Informática LTDA.;;;;;PAG: 185;;;20/08/2026 - 09:44:21;;;025;

;;;;;;;;;;;;;;;;;;;;;;;;
;;;;;;;;;;;;;;;;;;;;;;;;

;;
;;;FRANCISCO LUCIANO ALVES HONORIO ME;;;;;;;
;;;Clientes por Vendedor  ;;;;;
;;

;;;;;;;;;;;;;;;;;;;;;;;;

Código;Nome Cliente;;;Cidade;;;;UF;CEP;;FONE;;;C.P.F./C.N.P.J;;R.G./C.G.F.;;;
Nome Fantasia;;;Bairro;;;;Endereço;;;;;

6365;SANDRA PENHA MACIEL;;;NOVO ORIENTE;;;;CE;63.740-000;;(  )     -    ;;;07.973.344/0001-26;;061939994;;;
MERCANTIL MUDANDO PRA MELHOR;;;ALTO ALEGRE;;;;RUA JOAO DONA, 20;;;;;;;;;;;

;;;;;;;;;;;;;;;;;;;;;;;;

7978;SANTA MONICA SUPERMERCADOS LTDA;;;AIUABA;;;;CE;63.575-000;;(88)99449-5367;;;08.834.307/0002-80;;072403080;;;
SANTA MONICA SUPERMERCADOS;;;CENTRO;;;;RUA RUA RAIMUNDO DE MATOS ARRAES, 211;;;;;;;;;;;

;;;;;;;;;;;;;;;;;;;;;;;;

7786;SARA EVELIN V. DE OLIVEIRA;;;PARAMBU;;;;CE;63.680-000;;(88)98195-8963;;;41.023.467/0001-34;;061323730;;;
MERCANTIL SANTA MARIA;;;MIRANDA;;;;RUA SAO JOAO BOSCO, 0;;;;;;;;;;;

;;;;;;;;;;;;;;;;;;;;;;;;

7750;SAUDE PET SERVICOS E COM DE PRO VETERINARIOS LTDA;;;CRATEUS;;;;CE;63.700-245;;(88)99220-3104;;;131.891.604-65;;;;;
SAUDE PET CRATEUS ;;;SAO VICENTE ;;;;RUA DOUTOR MOURA FE, 640;;;;;;;;;;;

;;;;;;;;;;;;;;;;;;;;;;;;

6335;SEBASTIAO GONCALVES FILHO ;;;QUITERIANOPOLIS;;;;CE;63.660-000;;(88)99840-8188;;;15.613.636/0001-86;;066036267;;;
MERCADINHO E FRUTARIA SANTA TEREZA;;;SANTA TEREZA;;;;RUA FELIPE CORREIO JR, 26;;;;;;;;;;;

;;;;;;;;;;;;;;;;;;;;;;;;

8173;SERGIO SILVA CANDIDO;;;TARRAFAS;;;;CE;63.145-000;;(  )99297-0690;;;51.499.827/0001-22;;071425276;;;
AGROFARMA;;;CENTRO;;;;RUA SAO JOSE, 0;;;;;;;;;;;

;;;;;;;;;;;;;;;;;;;;;;;;

7116;SIDNEY GOMES DA SILVA 08524658312;;;ASSARE;;;;CE;63.140-000;;(88)99258-6028;;;36.146.395/0001-82;;06.196296-1;;;
FRIGORIFICO E FRUTARIA MENOR PRECO;;;PARQUE DE VAQURJADA;;;;AVENIDA DEPUTADO MANOEL GONCALVES, 122;;;;;;;;;;;

;;;;;;;;;;;;;;;;;;;;;;;;

6363;SORAYA MARIA COUTINHO DE SA ME;;;CRATEUS;;;;CE;63.700-000;;(  ) 3691-1985;;;12.365.144/0001-20;;060701323;;;
SUPER NOSSO MERCADINHO;;;SÃO VICENTE;;;;RUA AV DESENBARGADOR OLAVO FROTA, 572;;;;;;;;;;;

;;;;;;;;;;;;;;;;;;;;;;;;

7793;SUIANE A. ALENCAR;;;TAUA;;;;CE;63.660-000;;(88)98102-6059;;;55.457.372/0001-33;;071959424;;;
AGRORURAL;;;SANTA TEREZA;;;;R FELIPE CORDEIRO JUNIOR, 2004;;;;;;;;;;;

;;;;;;;;;;;;;;;;;;;;;;;;

7481;SUPERMERCADO INHAMUNS LTDA;;;TAUA;;;;CE;63.660-000;;(88)99626-2431;;;03.604.529/0003-74;;070528799;;;
LOJA 2;;;PLANALTO NELANDIA;;;;AV HELIO PEDROSA CASTELO, 2331;;;;;;;;;;;

;;;;;;;;;;;;;;;;;;;;;;;;

5970;SUPERMERCADO INHAMUNS LTDA;;;TAUA;;;;CE;63.660-000;;(  ) 3437-1339;;;03.604.529/0001-02;;062917099;;;
SUPERMERCDO INHAMUNS;;;CENTRO;;;;RUA DONDON FEITOSA, 398;;;;;;;;;;;

;;;;;;;;;;;;;;;;;;;;;;;;

7102;SUPERMERCADO MERCANTUDO LTDA;;;CRATEUS;;;;CE;63.700-139;;(88)99974-4918;;;06.615.348/0001-70;;06.837401-1;;;
MERCANTUDO;;;CENTRO;;;;R DOM PEDRO II, 1015;;;;;;;;;;;

;;;;;;;;;;;;;;;;;;;;;;;;

;;;;;;;;;;;;;;;;;;;;;;;;

ERES Informática LTDA.;;;;;PAG: 186;;;20/08/2026 - 09:44:21;;;025;

;;;;;;;;;;;;;;;;;;;;;;;;
;;;;;;;;;;;;;;;;;;;;;;;;

;;
;;;FRANCISCO LUCIANO ALVES HONORIO ME;;;;;;;
;;;Clientes por Vendedor  ;;;;;
;;

;;;;;;;;;;;;;;;;;;;;;;;;

Código;Nome Cliente;;;Cidade;;;;UF;CEP;;FONE;;;C.P.F./C.N.P.J;;R.G./C.G.F.;;;
Nome Fantasia;;;Bairro;;;;Endereço;;;;;

7014;SUZANA DOMINGUES VIEIRA DE CARVALHO ;;;CATARINA;;;;CE;63.595-000;;(88)98847-8987;;;027.811.623-02;;;;;
MERCADO E PANIFICADORA CARVALHO ;;;CENTRO ;;;;ANTONIO LEITÃO DE MENDONÇA , 0;;;;;;;;;;;

;;;;;;;;;;;;;;;;;;;;;;;;

7755;T. MARQUES GONCALVES ;;;CRATEUS;;;;CE;63.702-080;;(88)99360-6261;;;41.365.757/0001-66;;063294311;;;
MERCADINHO MEU CAMARAO ;;;FÁTIMA II;;;;TUA PROFESSOR LISBOA RODRIGUES , 1666;;;;;;;;;;;

;;;;;;;;;;;;;;;;;;;;;;;;

7817;TARCISIO DE LIMA GUEDES ;;;ASSARE;;;;CE;63.140-000;;(88)98130-8899;;;101.321.623-77;;;;;
RACOES T&F;;;ARATAMA ;;;;AVENIDA ALENCAR SEVERINO, 39;;;;;;;;;;;

;;;;;;;;;;;;;;;;;;;;;;;;

7417;TARCISIO FERREIRA ROCHA ;;;CRATO;;;;CE;63.119-017;;(  )99993-8419;;;028.220.193-98;;;;;
;;;VILA ALTA CRATO;;;;TENENTE ANTONIO JOAO, 577;;;;;;;;;;;

;;;;;;;;;;;;;;;;;;;;;;;;

7297;TAYNARA CARVALHO MENDES;;;ARARIPE;;;;CE;63.170-000;;(  )     -    ;;;051.863.203-23;;2006032068247;;;
;;;CENTRO;;;;RUA DO COMÉRCIO , 25;;;;;;;;;;;

;;;;;;;;;;;;;;;;;;;;;;;;

6478;THAIS F BEZERRA - ME;;;TAUA;;;;CE;63.660-000;;(  )99668-5198;;;35.843.706/0001-08;;06.229571-3;;;
PONTO DA RACAO;;;CENTRO;;;;RUA FARMACEUTICO NUNES BORGES, 314;;;;;;;;;;;

;;;;;;;;;;;;;;;;;;;;;;;;

6617;THAIS FERNANDES SOUZA;;;SABOEIRO;;;;CE;63.175-000;;(  )98115-0560;;;074.126.643-10;;;;;
IDERLANIO ATACADO;;;CENTRO;;;;RUA EDITE OLINDA, 110;;;;;;;;;;;

;;;;;;;;;;;;;;;;;;;;;;;;

7406;THIAGO ALVES DE SOUSA ;;;AIUABA;;;;CE;63.575-000;;(88)98170-8585;;;47.118.478/0001-84;;070740135;;;
FG MERCADINHO;;;BOA VISTA;;;;R JOSE FEREIRA BARBOSA, 36;;;;;;;;;;;

;;;;;;;;;;;;;;;;;;;;;;;;

7468;TIAGO SOUZA;;;TARRAFAS;;;;CE; 6.314-500;;(88)99361-7283;;;086.398.103-89;;;;;
CASA DA RACAO AGRO E PET;;;CENTRO;;;;21 DE OUTUBRO, 72;;;;;;;;;;;

;;;;;;;;;;;;;;;;;;;;;;;;

7422;V D DINIZ MENESES;;;PARAMBU;;;;CE;63.680-000;;(  )99998-5672;;;48.509.182/0001-57;;;;;
COMERCIAL POSSIDONIO;;;CENTRO;;;;R SANTA ROSA, 152;;;;;;;;;;;

;;;;;;;;;;;;;;;;;;;;;;;;

5627;VAGNER NORONHA DE OLIVEIRA ME;;;ARNEIROZ;;;;CE;63.670-000;;(88)99643-7092;;;13.418.630/0001-22;;065559851;;;
SHOP DA CARNE;;;CENTRO;;;;JOSE DE ALENCAR, 7;;;;;;;;;;;

;;;;;;;;;;;;;;;;;;;;;;;;

7241;VALDEMAR MACHADO DE AGUIAR NETO;;;INDEPENDENCIA;;;;CE;63.640-000;;(88)99996-7079;;;13.753.774/0001-35;;065623495;;;
MERCANTIL POMPEU ;;;LIBERDADE;;;;RUA PRESIDENTE VARGAS, 884;;;;;;;;;;;

;;;;;;;;;;;;;;;;;;;;;;;;

;;;;;;;;;;;;;;;;;;;;;;;;

ERES Informática LTDA.;;;;;PAG: 187;;;20/08/2026 - 09:44:21;;;025;

;;;;;;;;;;;;;;;;;;;;;;;;
;;;;;;;;;;;;;;;;;;;;;;;;;;

;;
;;;FRANCISCO LUCIANO ALVES HONORIO ME;;;;;;;
;;;Clientes por Vendedor  ;;;;;
;;

;;;;;;;;;;;;;;;;;;;;;;;;;;

Código;Nome Cliente;;;;;Cidade;;;;UF;CEP;;FONE;;;C.P.F./C.N.P.J;;R.G./C.G.F.;;;
Nome Fantasia;;;;;Bairro;;;;Endereço;;;;;

2534;VALDENI AMORIM DE ANDRADE;;;;;POTENGI;;;;CE;63.160-000;;(88) 3538-1670;;;09.558.432/0001-97;;063626284;;;
COMERCIAL PADRE CICERO;;;;;CENTRO;;;;RUA JECONIAS DE CARVALHO, 194;;;;;;;;;;;

;;;;;;;;;;;;;;;;;;;;;;;;;;

5094;VALDERI PEREIRA DA SILVA ME;;;;;ALTANEIRA;;;;CE;63.195-000;;(88) 9928-9621;;;00.117.864/0001-98;;069109877;;;
CASA DO CRIADOR;;;;;CENTRO;;;;RUA APOLONIO DE OLIVEIRA, 158;;;;;;;;;;;

;;;;;;;;;;;;;;;;;;;;;;;;;;

6350;VALDIR FERNANDO DO NASCIMENTO;;;;;NOVO ORIENTE;;;;CE;63.740-000;;(88)99788-7320;;;115.227.553-49;;;;;
MERCADINHO DO DARCI;;;;;CENTRO;;;;RUA ANTONIO CLAUDINO, 290;;;;;;;;;;;

;;;;;;;;;;;;;;;;;;;;;;;;;;

8082;VICENTE DE PAULO PAIVA FILHO;;;;;ASSARE;;;;CE;  .   -   ;;(88)99658-0011;;;222.633.733-49;;;;;
FARMA CLINICA;;;;;CENTRO;;;;AVENIDA SAO FRANCISCO, 65;;;;;;;;;;;

;;;;;;;;;;;;;;;;;;;;;;;;;;

5777;VILMAR ALVES SOARES;;;;;CRATEUS;;;;CE;63.740-000;;(88)99752-9344;;;17.496.196/0001-50;;066311632;;;
AGROPECUÁRIA ORIENTE;;;;;CENTRO;;;;RUA DEOCLECIANO ARAGÃO, 580;;;;;;;;;;;

;;;;;;;;;;;;;;;;;;;;;;;;;;

7353;WDYANE LAYANE DA COSTA RODRIGUES ;;;;;CRATEUS;;;;CE;63.700-465;;(88)99361-1802;;;045.348.533-27;;2004021010424;;;
FATIMA E FILHAS ;;;;;IPASE;;;;RUA PROFESSOR NETO , 184;;;;;;;;;;;

;;;;;;;;;;;;;;;;;;;;;;;;;;

7427;YAN KAZUZA NOGUEIRA LIBORIO;;;;;POTENGI;;;;CE;63.160-000;;(  )98105-6072;;;48.353.950/0001-26;;070940690;;;
CLINICA UNIVERSO SAUDE ANIMAL;;;;;CENTRO;;;;R 04 DE SETEMBRO, 33;;;;;;;;;;;

;;;;;;;;;;;;;;;;;;;;;;;;;;

7633;YGOR ROZENO MARQUES;;;;;CAMPOS SALES;;;;CE;63.150-000;;(  )99967-9690;;;069.252.883-01;;;;;
MERCANTIL BOM PRECO ;;;;;ALTO ALEGRE;;;;RUA VICENTE ALEXANDRINO , 691;;;;;;;;;;;

;;;;;;;;;;;;;;;;;;;;;;;;;;

6718;ZENEUDE BARBOSA BARRETO;;;;;CAMPOS SALES;;;;CE;63.150-000;;(  )99249-7121;;;294.029.563-87;;;;;
MERCADINHO BARRETO;;;;;CENTRO;;;;RUA CORONEL BALECO, 603;;;;;;;;;;;

;;;;;;;;;;;;;;;;;;;;;;;;;;

1363;ZULEIDE COUTINHO DE LOIOLA EPP;;;;;TAUA;;;;CE;63.660-000;;(  ) 3437-1921;;;00.057.738/0001-95;;069177678;;;
MERCADINHO SANTO AMORO;;;;;CENTRO;;;;RUA DONDON FEITOSA, 291;;;;;;;;;;;

;;;;;;;;;;;;;;;;;;;;;;;;;;

Clientes listados Vendedor:;;;;;;;384;;;;;;;;;;;;;;;;;;;

;;;;;;;;;;;;;;;;;;;;;;;;;;

ERES Informática LTDA.;;;;;PAG: 188;;;20/08/2026 - 09:44:21;;;025;

;;;;;;;;;;;;;;;;;;;;;;;;;;
;;;;;;;;;;;;;;;;;;;;;;;;;

;;
;;;FRANCISCO LUCIANO ALVES HONORIO ME;;;;;;;
;;;Clientes por Vendedor  ;;;;;
;;

;;;;;;;;;;;;;;;;;;;;;;;;;

Código;Nome Cliente;;;;Cidade;;;;UF;CEP;;FONE;;;C.P.F./C.N.P.J;;R.G./C.G.F.;;;
Nome Fantasia;;;;Bairro;;;;Endereço;;;;;

Vendedor:;7304;;FRANCISCO JAQUELIANO MIGUEL DE LACERDA;;;;;;;;;;;;;;;;;
5379;ALTINO JOSE LIMA;;;;SALGUEIRO;;;;PE;56.100-999;;(87) 3871-3325;;;10.750.578/0001-19;;003920305;;;
MERCADO LIMA;;;;NOSSA SENHORA DAS GRACAS;;;;RUA ALBERTO SOARES, 74;;;;;;;;;;;

;;;;;;;;;;;;;;;;;;;;;;;;;

2906;ALUIZIO ALVES DE SOUZA - EPP;;;;UMARI;;;;CE;63.310-000;;(  )     -    ;;;07.694.458/0001-37;;064535150;;;
;;;;SEDE;;;;RUA DOM QUINTINO, 131;;;;;;;;;;;

;;;;;;;;;;;;;;;;;;;;;;;;;

4458;ANTONIO LUIZ DA CRUZ;;;;SALGUEIRO;;;;PE;56.000-000;;(87)98817-9382;;;402.791.464-34;;;;;
 MERCADINHO COQUEIRO;;;;PLANALTO;;;;RUA  EXPEDITA DE SA ARAUJO, 10;;;;;;;;;;;

;;;;;;;;;;;;;;;;;;;;;;;;;

4497;ANTONIO SOUZA LIMA;;;;SALGUEIRO;;;;PE;56.000-000;;(87) 3871-0790;;;10.751.592/0001-37;;003922510;;;
MERCADINHO PINGO DE OURO;;;;NOSSA SENHORA  APARECIDA;;;;RUA POETA LEVINO NETO, 857;;;;;;;;;;;

;;;;;;;;;;;;;;;;;;;;;;;;;

7581;CICERO RONILSON BRAZ DE SOUSA;;;;SALGUEIRO;;;;PE;56.000-000;;(  )     -    ;;;066.919.664-90;;064107906;;;
MERCADINHO SOFIA ;;;;COHAB;;;;RUA 16 , 175;;;;;;;;;;;

;;;;;;;;;;;;;;;;;;;;;;;;;

7450;DANUSIA FRANCIELE NOGUEIRA ;;;;SALGUEIRO;;;;PE;56.000-000;;(87)98813-6070;;;120.463.934-57;;;;;
MARCEARIA CARVALHO ;;;;DIVINO;;;; RUA MONSENHOR MARIANO SOUSA NETE, 115;;;;;;;;;;;

;;;;;;;;;;;;;;;;;;;;;;;;;

4502;EDSON DE LIMA SANTOS ME;;;;SALGUEIRO;;;;PE;56.100-999;;(87)98856-2860;;;11.180.092/0001-55;;038578913;;;
MERCADINHO ESTRELA DO NORTE;;;;NOSSA SENHORA DAS GRACAS;;;;RUA  ALBERTO SOARES, 20;;;;;;;;;;;

;;;;;;;;;;;;;;;;;;;;;;;;;

4667;FLAVIO FERREIRA ALVES;;;;SALGUEIRO;;;;PE;56.000-000;;(  )     -    ;;;02.586.001/0001-95;;024933813;;;
MERCADINHO F E A;;;;N.SRA. APARECIDA;;;;R. ANTONIO A. CONSERVA, 1181;;;;;;;;;;;

;;;;;;;;;;;;;;;;;;;;;;;;;

4317;FRANCISCA MONICA CANDIDO VASCONCELOS;;;;SALGUEIRO;;;;PE;56.000-000;;(87)38712-145 ;;;00.615.204/0001-37;;021308900;;;
CASA DO TEMPERO;;;;SANTO ANTONIO;;;;RUA  OSMUNDO BEZERRA, 304;;;;;;;;;;;

;;;;;;;;;;;;;;;;;;;;;;;;;

;;;;;;;;;;;;;;;;;;;;;;;;;

ERES Informática LTDA.;;;;;;PAG: 189;;;20/08/2026 - 09:44:21;;;025;

;;;;;;;;;;;;;;;;;;;;;;;;;
;;;;;;;;;;;;;;;;;;;;;;;;

;;
;;;FRANCISCO LUCIANO ALVES HONORIO ME;;;;;;;
;;;Clientes por Vendedor  ;;;;;
;;

;;;;;;;;;;;;;;;;;;;;;;;;

Código;Nome Cliente;;;Cidade;;;;UF;CEP;;FONE;;;C.P.F./C.N.P.J;;R.G./C.G.F.;;;
Nome Fantasia;;;Bairro;;;;Endereço;;;;;

2554;FRANCISCA NEUMA SOBREIRA SANTANA;;;UMARI;;;;CE;63.310-000;;( 8)83578-1176;;;00.651.181/0001-16;;069567018;;;
;;;CENTRO;;;;R. TRINTA E UM  DE MARÇO, 125, 0;;;;;;;;;;;

;;;;;;;;;;;;;;;;;;;;;;;;

4312;FRANCISCO ASSIS LEITE ME;;;SALGUEIRO;;;;PE;56.000-000;;(87)99995-2129;;;10.878.631/0001-61;;038053608;;;
RACOES SAO FRANCISCO (SEU ASSIS);;;CENTRO;;;;R. FRANCISCO DE SA, 45;;;;;;;;;;;

;;;;;;;;;;;;;;;;;;;;;;;;

905;FRANCISCO GRANGEIRO LEITE;;;UMARI;;;;CE;63.310-000;;( 8)83578-1169;;;02.533.507/0001-36;;06.806.626-0;;;
;;;CENTRO;;;;R. TRES DE AGOSTO,235, 0;;;;;;;;;;;

;;;;;;;;;;;;;;;;;;;;;;;;

641;GILTEMBERG FERREIRA SANTANA;;;UMARI;;;;CE;63.310-000;;( 8)83578-1282;;;01.698.990/0001-46;;069858381;;;
MANIM;;;CENTRO;;;;R. CEL. ANTONIO MALHEIRO, 206;;;;;;;;;;;

;;;;;;;;;;;;;;;;;;;;;;;;

7479;GONDIM NEGOCIOS VETERINARIOS LTDA;;;SALGUEIRO;;;;PE;56.000-000;;(87)99964-6949;;;24.259.988/0001-76;;014527707;;;
GONDIM NEGOCIOS VETERINARIOS;;;SANTO ANTÔNIO ;;;; RUA DR ERICK ALVES RIBEIRO E SILVA, 368;;;;;;;;;;;

;;;;;;;;;;;;;;;;;;;;;;;;

7453;ILTON LEITE CLEMENTINO ;;;SALGUEIRO;;;;PE;56.000-000;;(87)98157-4040;;;007.459.764-76;;;;;
MERCADINHO LEITE;;;NOSSA SENHORA APARECIDA ;;;;RUA JOAO DA CRUZ NEVES, 289;;;;;;;;;;;

;;;;;;;;;;;;;;;;;;;;;;;;

5969;JACKELLINE LOPES DE SA CARVALHO EIRELI;;;SALGUEIRO;;;;PE;56.000-000;;(87)98814-5869;;;28.121.916/0001-19;;072733390;;;
DUCAMPO RACOES;;;CENTRO;;;;RUA POETA LEVINO NETO, 1281;;;;;;;;;;;

;;;;;;;;;;;;;;;;;;;;;;;;

6417;JEFFERSON PEREIRA DOS SANTOS;;;SALGUEIRO;;;;PE;56.000-000;;(87)98809-3257;;;08.069.267/402 -  ;;;;;
MERCADINHO DO JEFFERSON;;;SANTA MARGARIDA;;;;TV. SEBASTIAO FERREIRA DOS SANTOS , 244;;;;;;;;;;;

;;;;;;;;;;;;;;;;;;;;;;;;

7646;JOSE IVALDO DE LIMA;;;MILAGRES;;;;CE;63.210-000;;(  )     -    ;;;51.216.597/0001-47;;071380582;;;
PONTO DAS RACOES;;;TABOCAS;;;;VILA FRONTEIRO, 223;;;;;;;;;;;

;;;;;;;;;;;;;;;;;;;;;;;;

6567;KARLLA MARIANA BARROS GOES;;;SALGUEIRO;;;;PE;56.000-000;;(87)98824-8760;;;37.641.290/0001-62;;089539532;;;
SALGUEIRO RACOES;;;NOSSA SENHORA APARECIDA;;;;RUA: JOAQUIM SAMPAIO, 752;;;;;;;;;;;

;;;;;;;;;;;;;;;;;;;;;;;;

7613;LARA RACOES LTDA;;;SALGUEIRO;;;;PE;56.000-000;;(87)98849-6084;;;47.535.145/0001-50;;105751707;;;
LARA RACOES ;;;NOSSA SENHORA DE FATIMA ;;;;R LUIZ BENTO DA SILVA, 518;;;;;;;;;;;

;;;;;;;;;;;;;;;;;;;;;;;;

7392;LINCON FARIAS FERREIRA ;;;BAIXIO;;;;CE;63.320-000;;(  )     -    ;;;46.956.688/0001-89;;070714142;;;
AGROCAMPO FERREIRA;;;CENTRO;;;; RUA CEL FRANCISCO LUIZ , 136;;;;;;;;;;;

;;;;;;;;;;;;;;;;;;;;;;;;

;;;;;;;;;;;;;;;;;;;;;;;;

ERES Informática LTDA.;;;;;PAG: 190;;;20/08/2026 - 09:44:21;;;025;

;;;;;;;;;;;;;;;;;;;;;;;;
;;;;;;;;;;;;;;;;;;;;;;;;

;;
;;;FRANCISCO LUCIANO ALVES HONORIO ME;;;;;;;
;;;Clientes por Vendedor  ;;;;;
;;

;;;;;;;;;;;;;;;;;;;;;;;;

Código;Nome Cliente;;;Cidade;;;;UF;CEP;;FONE;;;C.P.F./C.N.P.J;;R.G./C.G.F.;;;
Nome Fantasia;;;Bairro;;;;Endereço;;;;;

7582;LUCAS PEREIRA DA SILVA ;;;SALGUEIRO;;;;PE;56.000-000;;(87)99926-4691;;;700.052.744-78;;;;;
LUKA MERCANTIL ;;;PRIMAVERA ;;;; RUA FRANCISCO JOSE DA ROSA, 292;;;;;;;;;;;

;;;;;;;;;;;;;;;;;;;;;;;;

4400;LUCIENE BEATRIZ DA SILVA OLIVEIRA;;;SALGUEIRO;;;;PE;56.000-000;;(87)98878-9237;;;12.251.896/0001-60;;040782689;;;
MERCADINHO AMERICA;;;COPO CRISTAL;;;;AVENIDA  1, 2071;;;;;;;;;;;

;;;;;;;;;;;;;;;;;;;;;;;;

4669;LUIZ ALBERTO DA CONCEICAO;;;SALGUEIRO;;;;PE;56.000-000;;( 8)73871-3631;;;008.912.674-25;;;;;
MERC. A.J. DA SILVA, PROX, BAR PITOMBEIRA;;;SANTA;;;;R. HORACIO PANTA, 500;;;;;;;;;;;

;;;;;;;;;;;;;;;;;;;;;;;;

6370;LUIZ TAVARES PEREIRA;;;SALGUEIRO;;;;PE;56.100-999;;(87)98815-1113;;;32.352.747/0001-03;;080818757;;;
MERCADINHO TAVARES;;;NOSSA SENHORA  DE FATIMA;;;;RUA  ANTONIO FILGUEIRA SOARES, 474;;;;;;;;;;;

;;;;;;;;;;;;;;;;;;;;;;;;

6518;LUIZA IZABEL PEREIRA;;;SALGUEIRO;;;;PE; 5.600-000;;(87)98873-1996;;;747.169.054-20;;;;;
MERCANTIL PADRE CICERO;;;COHAB;;;;RUA: 20, 15;;;;;;;;;;;

;;;;;;;;;;;;;;;;;;;;;;;;

7086;MARIA AUXILIADORA ALVES BEZERRA GODIM;;;SALGUEIRO;;;;PE;56.000-000;;(87)99184-0310;;;024.046.204-10;;3277329;;;
MERCADINHO JN (MARIA);;;COHAB;;;;TRAVESSA 19 , 35;;;;;;;;;;;

;;;;;;;;;;;;;;;;;;;;;;;;

4504;MARIA IRACI DOS SANTOS OLIVEIRA;;;SALGUEIRO;;;;PE;56.000-000;;(87)98833-8380;;;054.805.164-00;;;;;
SKINAO SANTA LUZIA;;;DIVINO ESPIRITO SANTO;;;;R. MANOEL BORBA, 100;;;;;;;;;;;

;;;;;;;;;;;;;;;;;;;;;;;;

4430;OSVALDO PEREIRA DOS SANTOS;;;SALGUEIRO;;;;PE;56.000-999;;(87)38712-186 ;;;310.872.804-00;;;;;
MERCADINHO COELHO;;;COHAB;;;;RUA VINTE E SETE, 356;;;;;;;;;;;

;;;;;;;;;;;;;;;;;;;;;;;;

7034;PET PREMIUM SALGUEIRO LTDA;;;SALGUEIRO;;;;PE;56.000-000;;(87)99627-5027;;;44.454.027/0001-20;;100815189;;;
PET PREMIUM;;;SANTO ANTONIO;;;;AV ANTONIO ANGELIM, 533;;;;;;;;;;;

;;;;;;;;;;;;;;;;;;;;;;;;

7035;RAFAELA ALENCAR ROSA SAMPAIO CALABRIA LTDA;;;SALGUEIRO;;;;PE;56.000-000;;(87)98836-0450;;;29.252.224/0001-72;;074994344;;;
MELHORES AMIGOS PET SHOP;;;NOSSA SENHORA DAS GRACAS;;;;AV AGAMENON MAGALHAES, 893;;;;;;;;;;;

;;;;;;;;;;;;;;;;;;;;;;;;

4427;S.R. LIMA ME;;;SALGUEIRO;;;;PE;56.000-000;;( 8)73781-4442;;;02.419.379/0001-02;;024619604;;;
PROX. ESCOLA MARIA NILZA;;;N.S. APARECIDA;;;;R. CEL. URBANO DE CARVALHO, 238;;;;;;;;;;;

;;;;;;;;;;;;;;;;;;;;;;;;

4432;TERESINHA MARIA MARTINS VIEIRA;;;SALGUEIRO;;;;PE;56.000-000;;(87)98809-3029;;;681.845.304-04;;;;;
CASA DAS RACOES;;;CENTRO;;;;RUA  MARIA NOGUEIRA SAMPAIO, 200;;;;;;;;;;;

;;;;;;;;;;;;;;;;;;;;;;;;

;;;;;;;;;;;;;;;;;;;;;;;;

ERES Informática LTDA.;;;;;PAG: 191;;;20/08/2026 - 09:44:21;;;025;

;;;;;;;;;;;;;;;;;;;;;;;;
;;;;;;;;;;;;;;;;;;;;;;;;;;

;;
;;;FRANCISCO LUCIANO ALVES HONORIO ME;;;;;;;
;;;Clientes por Vendedor  ;;;;;
;;

;;;;;;;;;;;;;;;;;;;;;;;;;;

Código;Nome Cliente;;;;;Cidade;;;;UF;CEP;;FONE;;;C.P.F./C.N.P.J;;R.G./C.G.F.;;;
Nome Fantasia;;;;;Bairro;;;;Endereço;;;;;

7037;VIDA DE PET CLINICA VETERINARIA LTDA;;;;;SALGUEIRO;;;;PE;56.000-000;;(87)99809-6037;;;44.475.691/0001-55;;100842666;;;
VIDA DE PET CLINICA VETERINARIA;;;;;NOSSA SENHORA APARECIDA;;;;R JOSE NOVISSIMO DA SILVA, 1031;;;;;;;;;;;

;;;;;;;;;;;;;;;;;;;;;;;;;;

7038;VINICIUS SILVA PEREIRA;;;;;SALGUEIRO;;;;PE;56.000-000;;(  ) 3871-1075;;;15.444.752/0001-19;;048875732;;;
FARMAVET;;;;;SANTO ANTONIO;;;;R OTAVIO LEITINHO, 255;;;;;;;;;;;

;;;;;;;;;;;;;;;;;;;;;;;;;;

Clientes listados Vendedor:;;;;;;;35;;;;;;;;;;;;;;;;;;;

;;;;;;;;;;;;;;;;;;;;;;;;;;

ERES Informática LTDA.;;;;;PAG: 192;;;20/08/2026 - 09:44:21;;;025;

;;;;;;;;;;;;;;;;;;;;;;;;;;
;;;;;;;;;;;;;;;;;;;;;;;;;

;;
;;;FRANCISCO LUCIANO ALVES HONORIO ME;;;;;;;
;;;Clientes por Vendedor  ;;;;;
;;

;;;;;;;;;;;;;;;;;;;;;;;;;

Código;Nome Cliente;;;;Cidade;;;;UF;CEP;;FONE;;;C.P.F./C.N.P.J;;R.G./C.G.F.;;;
Nome Fantasia;;;;Bairro;;;;Endereço;;;;;

Vendedor:;7341;;VENDAS BALCÃO;;;;;;;;;;;;;;;;;
7965; FRANSCIVANIA VENANCIO PEREIRA;;;;ALTANEIRA;;;;CE;63.195-000;;(  )99496-0370;;;60.772.982/0001-61;;072589345;;;
PONTO DO CAMPO;;;;CENTRO;;;;10 R DEPUTADO FURTADO LEITE, 69;;;;;;;;;;;

;;;;;;;;;;;;;;;;;;;;;;;;;

8103;ALLISSON BARROS ROZENDO;;;;JUAZEIRO DO NORTE;;;;CE;63.024-390;;(  )     -    ;;;03.645.081/321 -  ;;;;;
ALLISSON;;;;FREI DAMIÃO;;;;R. ZEFERINO PEDRO DOS SANTOS , 1671;;;;;;;;;;;

;;;;;;;;;;;;;;;;;;;;;;;;;

7708;ANA CLAUDIA FERREIRA CHAVES;;;;TAUA;;;;CE;63.660-000;;(  )     -    ;;;027.843.323-57;;;;;
ANA CLAUDIA;;;;CENTRO;;;;R. VALDERMAR GUEDES DE MENDONÇA, 178;;;;;;;;;;;

;;;;;;;;;;;;;;;;;;;;;;;;;

7828;ANTONIO CAVALCANTE MOTA FILHO;;;;JUAZEIRO DO NORTE;;;;CE;  .   -   ;;(  )     -    ;;;79.737.021/304 -  ;;;;;
KENNEL;;;;LAGOA SECA;;;;Rua Tabelião Luiz Teófilo Machado , 244;;;;;;;;;;;

;;;;;;;;;;;;;;;;;;;;;;;;;

7687;ARTHUR FERREIRA DE SALES;;;;CRATO;;;;CE;63.115-415;;(  )     -    ;;;054.413.283-12;;;;;
ARTHUR;;;;BATATEIRA;;;;RUA JOSE BARROS DE SOUSA, 15;;;;;;;;;;;

;;;;;;;;;;;;;;;;;;;;;;;;;

5483;CICERA LIVIA LEAL EMIDIO;;;;CRATO;;;;CE;63.122-245;;(88)99620-6162;;;023.415.213-39;;;;;
EMPÓRIO PET;;;;SÃO MIGUEL;;;;RUA FARIAS BRITO, 316;;;;;;;;;;;

;;;;;;;;;;;;;;;;;;;;;;;;;

8138;CICERO EMANUEL RODRIGUES DA SILVA;;;;JUAZEIRO DO NORTE;;;;CE;63.050-760;;(  )     -    ;;;051.901.803-60;;;;;
;;;;ROMEIRÃO;;;;R. FARIAS BRITO, 1083;;;;;;;;;;;

;;;;;;;;;;;;;;;;;;;;;;;;;

3066;CICERO SANDRO FEITOSA;;;;CRATO;;;;CE;63.250-70 ;;(88) 9806-4973;;;005.462.883-08;;2001015079383 SSP-CE;;;
SANDRO;;;;MIRANDAO;;;;RUA  LOIOLA DE ALENCAR, 33;;;;;;;;;;;

;;;;;;;;;;;;;;;;;;;;;;;;;

8118;DINIZ SUPERMERCADOS LIMITADA;;;;JUAZEIRO DO NORTE;;;;CE;63.015-010;;(88)35728-800 ;;;03.123.142/0009-91;;071860606;;;
DINIZ SUPERMERCADOS LIMITADA;;;;TRÊS MARIAS;;;;RUA DO AGRICULTOR, 26;;;;;;;;;;;

;;;;;;;;;;;;;;;;;;;;;;;;;

0;DIVERSOS ;;;;CRATO;;;;CE;  .   -   ;;(88) 8888-88  ;;;000.000.000-00;;;;;
;;;;;;;;, 0;;;;;;;;;;;

;;;;;;;;;;;;;;;;;;;;;;;;;

7779;FLAVIO RODRIGUES ALENCAR;;;;JUAZEIRO DO NORTE;;;;CE;63.044-140;;(  )     -    ;;;251.336.888-65;;;;;
FLAVIO;;;;SAO JOSE;;;;R. DANIELA MATOS MENDONCA, 1046;;;;;;;;;;;

;;;;;;;;;;;;;;;;;;;;;;;;;

;;;;;;;;;;;;;;;;;;;;;;;;;

ERES Informática LTDA.;;;;;;PAG: 193;;;20/08/2026 - 09:44:21;;;025;

;;;;;;;;;;;;;;;;;;;;;;;;;
;;;;;;;;;;;;;;;;;;;;;;;;

;;
;;;FRANCISCO LUCIANO ALVES HONORIO ME;;;;;;;
;;;Clientes por Vendedor  ;;;;;
;;

;;;;;;;;;;;;;;;;;;;;;;;;

Código;Nome Cliente;;;Cidade;;;;UF;CEP;;FONE;;;C.P.F./C.N.P.J;;R.G./C.G.F.;;;
Nome Fantasia;;;Bairro;;;;Endereço;;;;;

7534;FRANCISCO APARECIDO DO NASCIMENTO;;;JUAZEIRO DO NORTE;;;;CE;63.030-270;;(  )     -    ;;;400.337.323-53;;;;;
KENNEL;;;TIRADENTES;;;;R. ANTONIO DE FREITAS ROQUE, 37;;;;;;;;;;;

;;;;;;;;;;;;;;;;;;;;;;;;

8143;FRANCISCO DEMOSTENES SANTOS DE MACEDO;;;CRATO;;;;CE;63.100-000;;(  )     -    ;;;717.846.323-68;;;;;
;;;GRANJEIRO;;;;ST. COQUEIRO, 212;;;;;;;;;;;

;;;;;;;;;;;;;;;;;;;;;;;;

7680;JANESCA NUNES TEIXEIRA;;;JUAZEIRO DO NORTE;;;;CE;63.010-970;;(88)98879-2198;;;063.296.113-94;;;;;
KENNEL CLUBE;;;TAQUARI;;;;ST. TAQUARI, 317;;;;;;;;;;;

;;;;;;;;;;;;;;;;;;;;;;;;

7280;JONAS VENANCIO DA SILVA;;;ALTANEIRA;;;;CE;63.195-000;;(  )     -    ;;;072.181.853-63;;;;;
JONAS;;;;;;;ST. SERRA DO VALERIO, 0;;;;;;;;;;;

;;;;;;;;;;;;;;;;;;;;;;;;

7545;JOSE CLAVER XIMENES SOARES;;;CRATO;;;;CE;63.105-175;;(88)99913-0000;;;278.030.153-87;;61384583;;;
KENNEL CLUBE;;;PIMENTA;;;;RUA JOSE ALCANTARA VILAR, 44;;;;;;;;;;;

;;;;;;;;;;;;;;;;;;;;;;;;

8121;LUIZ GUSTAVO CORREIA NUNES;;;JUAZEIRO DO NORTE;;;;CE;63.024-510;;(  )     -    ;;;861.246.843-49;;;;;
;;;SAO JOSE;;;;RUA GILBERTO GRANJEIRO PEREIRA , 531;;;;;;;;;;;

;;;;;;;;;;;;;;;;;;;;;;;;

4675;MARIA DE FATIMA A DE CARVALHO;;;EXU;;;;PE;56.230-000;;( 8)79626-3932;;;782.018.104-49;;;;;
PROX. CEMITERIO NOVO/ MERCANTIL MIRELE;;;N.SRA. APARECIDA;;;;R. JOAQUIM ULISSES, 203;;;;;;;;;;;

;;;;;;;;;;;;;;;;;;;;;;;;

7593;MARIA GILMARA DA SILVA SANTOS;;;JUAZEIRO DO NORTE;;;;CE;63.041-30 ;;(  )     -    ;;;073.419.233-93;;;;;
GILMARA;;;TRIANGULO;;;;R. EDUARDO FURTADO, 229;;;;;;;;;;;

;;;;;;;;;;;;;;;;;;;;;;;;

8122;ROBERIO ALVES DA SILVA;;;JUAZEIRO DO NORTE;;;;CE;63.050-202;;(  )     -    ;;;620.337.433-49;;;;;
ROBERIO MOTORISTA;;;SALESIANO;;;;RUA SANTA CECILIA , 368;;;;;;;;;;;

;;;;;;;;;;;;;;;;;;;;;;;;

7672;ROBSON LIMA DOS SANTOS;;;CRATO;;;;CE;63.100-000;;(  )     -    ;;;036.209.003-37;;;;;
ROBSON;;;SOSSEGO;;;;R. EDILSON SUCUPIRA, 187;;;;;;;;;;;

;;;;;;;;;;;;;;;;;;;;;;;;

7585;SOLUTE MEDICAL GROUP BRAZIL LTDA;;;JUAZEIRO DO NORTE;;;;CE;63.024-700;;(  )     -    ;;;41.319.629/0002-67;;061747785;;;
;;;SÃO JOSÉ;;;;RUA FRANCISCO DE ASSIS ALMEIDA, 247;;;;;;;;;;;

;;;;;;;;;;;;;;;;;;;;;;;;

8129;Samara Tomaz Santos Jesus Morais;;;CRATO;;;;CE;63.133-195;;(  )     -    ;;;026.732.043-42;;;;;
Samara Tomaz Santos Jesus Morais;;;SÃO JOSÉ;;;;Av. Manoel Soares da Silva, 243;;;;;;;;;;;

;;;;;;;;;;;;;;;;;;;;;;;;

;;;;;;;;;;;;;;;;;;;;;;;;

ERES Informática LTDA.;;;;;PAG: 194;;;20/08/2026 - 09:44:21;;;025;

;;;;;;;;;;;;;;;;;;;;;;;;
;;;;;;;;;;;;;;;;;;;;;;;;;;

;;
;;;FRANCISCO LUCIANO ALVES HONORIO ME;;;;;;;
;;;Clientes por Vendedor  ;;;;;
;;

;;;;;;;;;;;;;;;;;;;;;;;;;;

Código;Nome Cliente;;;;;Cidade;;;;UF;CEP;;FONE;;;C.P.F./C.N.P.J;;R.G./C.G.F.;;;
Nome Fantasia;;;;;Bairro;;;;Endereço;;;;;

5978;TEOBALDO DJONES DE CARVALHO;;;;;FARIAS BRITO;;;;CE;63.185-000;;(88)99915-4993;;;27.613.839/0001-51;;066480558;;;
CASA DO AGRICULTOR;;;;;QUICUNCA;;;;RUA RAIMUNDO RODRIGUES, 33;;;;;;;;;;;

;;;;;;;;;;;;;;;;;;;;;;;;;;

7709;THAIS SILVA PRIMO;;;;;CRATO;;;;CE;63.125-085;;(  )     -    ;;;065.645.703-17;;;;;
THAIS;;;;;MIRANDÃO;;;;R. DIGERCILA XENOFONTE, 430;;;;;;;;;;;

;;;;;;;;;;;;;;;;;;;;;;;;;;

8160;Teobaldo Djones De Darvalho;;;;;FARIAS BRITO;;;;CE;63.185-000;;(  )     -    ;;;980.439.863-04;;;;;
;;;;;Serra do Quincuncá;;;;Rua Raimundo Rodrigues Quincuncá, 0;;;;;;;;;;;

;;;;;;;;;;;;;;;;;;;;;;;;;;

8213;WANESSA MARIA BRITO DE AQUINO - ME;;;;;GRANJEIRO;;;;CE;63.230-000;;(88)99483-0040;;;55.248.767/0001-26;;071948635;;;
AGROPET;;;;;CENTRO;;;;R. HENRIQUE MACEDO, 156;;;;;;;;;;;

;;;;;;;;;;;;;;;;;;;;;;;;;;

Clientes listados Vendedor:;;;;;;;27;;;;;;;;;;;;;;;;;;;

;;;;;;;;;;;;;;;;;;;;;;;;;;

ERES Informática LTDA.;;;;;PAG: 195;;;20/08/2026 - 09:44:21;;;025;

;;;;;;;;;;;;;;;;;;;;;;;;;;
;;;;;;;;;;;;;;;;;;;;;;;;;;;

;;
;;;FRANCISCO LUCIANO ALVES HONORIO ME;;;;;;;
;;;Clientes por Vendedor  ;;;;;
;;

;;;;;;;;;;;;;;;;;;;;;;;;;;;

Código;Nome Cliente;;;;;;Cidade;;;;UF;CEP;;FONE;;;C.P.F./C.N.P.J;;R.G./C.G.F.;;;
Nome Fantasia;;;;;;Bairro;;;;Endereço;;;;;

Vendedor:;7672;;ROBSON LIMA DOS SANTOS;;;;;;;;;;;;;;;;;;;
2581;ANTONIO SARAIVA CORDEIRO;;;;;;BARBALHA;;;;CE;  .   -   ;;( 8)83532-1973;;;013.451.108-55;;;;;
RETORNO EM FRENTE A FORD/DESCENDO;;;;;;BULANDEIRA;;;;R. PE. AGOSTINHO MASCARENHAS, 312;;;;;;;;;;;

;;;;;;;;;;;;;;;;;;;;;;;;;;;

5171;CIBENIA PONTES RIBEIRO;;;;;;BARBALHA;;;;CE;  .   -   ;;(  )     -    ;;;652.002.173-34;;;;;
;;;;;;ARAJARA;;;;SITIO ARAJARA, 0;;;;;;;;;;;

;;;;;;;;;;;;;;;;;;;;;;;;;;;

5181;CICERO PEREIRA SELESTINO;;;;;;BARBALHA;;;;CE;  .   -   ;;(  )     -    ;;;000.000.000-00;;;;;
MERCEARIA DO FORRADAO/EM FRENTE A TETE;;;;;;BULANDEIRA;;;;AV PAULO MARQUES, 241;;;;;;;;;;;

;;;;;;;;;;;;;;;;;;;;;;;;;;;

4217;DEYSELILDE CIDRAO OLIVEIRA;;;;;;CRATO;;;;CE;63.100-972;;(  )     -    ;;;991.792.453-15;;;;;
;;;;;;VILA ALTA;;;;R DR ROLIM, 569;;;;;;;;;;;

;;;;;;;;;;;;;;;;;;;;;;;;;;;

2552;FRANCISCO ALVES DE OLIVEIRA;;;;;;VARZEA ALEGRE;;;;CE;63.540-000;;( 8)83541-2133;;;00.389.556/0001-11;;069514860;;;
CHICO ALVES;;;;;;VARJOTA;;;;R.JOAQUIM ALEXANDRINO,18, 0;;;;;;;;;;;

;;;;;;;;;;;;;;;;;;;;;;;;;;;

6817;FRANCISCO FLAVIO AGUIAR DE MELO;;;;;;CRATO;;;;CE;63.100-050;;(88)99291-5729;;;879.692.463-20;;;;;
MERCADINHO TEOTONIO;;;;;;SITIO TEOTONIO VILA SAO BENTO;;;;AVENIDA SAO BENTO, 0;;;;;;;;;;;

;;;;;;;;;;;;;;;;;;;;;;;;;;;

7307;JOAO FELIPE LIMA MUNIZ;;;;;;CRATO;;;;CE;63.100-161;;(88)99679-5700;;;092.315.853-71;;;;;
AI PET;;;;;;SAO MIGUEL ;;;;, 629;;;;;;;;;;;

;;;;;;;;;;;;;;;;;;;;;;;;;;;

Clientes listados Vendedor:;;;;;;;;7;;;;;;;;;;;;;;;;;;;

;;;;;;;;;;;;;;;;;;;;;;;;;;;

ERES Informática LTDA.;;;;;;PAG: 196;;;20/08/2026 - 09:44:21;;;025;

;;;;;;;;;;;;;;;;;;;;;;;;;;;
;;;;;;;;;;;;;;;;;;;;;;;;;

;;
;;;FRANCISCO LUCIANO ALVES HONORIO ME;;;;;;;
;;;Clientes por Vendedor  ;;;;;
;;

;;;;;;;;;;;;;;;;;;;;;;;;;

Código;Nome Cliente;;;;Cidade;;;;UF;CEP;;FONE;;;C.P.F./C.N.P.J;;R.G./C.G.F.;;;
Nome Fantasia;;;;Bairro;;;;Endereço;;;;;

Vendedor:;7709;;THAIS SILVA PRIMO;;;;;;;;;;;;;;;;;
7607; EDIVANIA AZEVEDO ARAUJO CASIMIRO;;;;CRATO;;;;CE;63.123-321;;(88)99839-5669;;;49.380.187/0001-95;;071109552;;;
MERCADINHO LAGOA ENCANTADA;;;;SAO BENTO;;;;RUA JULIA GOMES DE MATOS TAVARES, 38;;;;;;;;;;;

;;;;;;;;;;;;;;;;;;;;;;;;;

8100;A CARLOS RODRIGUES ;;;;CRATO;;;;CE;63.100-040;;(88)99721-0832;;;64.604.396/0001-69;;073081930;;;
AGRO TERRA ;;;;CENTRO;;;;RUA SANTOS DUMONT , 3;;;;;;;;;;;

;;;;;;;;;;;;;;;;;;;;;;;;;

5643;A R NASCIMENTO SILVA EIRELI;;;;MISSAO VELHA;;;;CE;63.200-000;;(88)99926-2672;;;23.004.687/0001-39;;064637484;;;
HIPERMERCADO NIWLAN;;;;NOVO MILENIO;;;;RUA ISAIAS ARRUDA AV.FRANCISCO AGAPITO TAVARES RIBEIRO, 843;;;;;;;;;;;

;;;;;;;;;;;;;;;;;;;;;;;;;

872;A.FERREIRA VIANA MICROEMPRESA;;;;MISSAO VELHA;;;;CE;63.200-000;;(88)99699-1569;;;00.548.576/0001-98;;069525145;;;
CASA VIANA;;;;CENTRO;;;;RUA SAO FRANCISCO, 28;;;;;;;;;;;

;;;;;;;;;;;;;;;;;;;;;;;;;

7972;ADEMIR PEREIRA LEITE;;;;CRATO;;;;CE;  .   -   ;;(88)98196-2355;;;325.290.073-49;;;;;
DEMIR;;;;PONTA DA SERRA;;;;RUA BERNARDO VIEIRA, 154;;;;;;;;;;;

;;;;;;;;;;;;;;;;;;;;;;;;;

5560;ADRIANO JOSE ARAUJO BEZERRA;;;;CRATO;;;;CE;63.122-360;;(  ) 9608-4321;;;21.711.867/0001-25;;064340694;;;
MERCADINHO ADRIANO;;;;SAO MIGUEL;;;;RUA DOM MELO, 406;;;;;;;;;;;

;;;;;;;;;;;;;;;;;;;;;;;;;

6678;AGRO & PETS CARIRI EIRELI - ME;;;;BARBALHA;;;;CE;63.180-000;;(  )98191-9607;;;39.765.419/0001-70;;061320404;;;
AGRO & PETS;;;;CENTRO;;;;AV. SALUSTIANO CANUTO, 79;;;;;;;;;;;

;;;;;;;;;;;;;;;;;;;;;;;;;

2238;AGROCAMPO COMERCIO DE PRODUTOS AGROPECUARIOS LTD;;;;CRATO;;;;CE;63.113-500;;(88) 3523-8495;;;07.106.196/0001-42;;06.699.210-9;;;
;;;;CENTRO;;;;R.CORONEL L.LUIZ TEIXEIRA, 1137;;;;;;;;;;;

;;;;;;;;;;;;;;;;;;;;;;;;;

7885;AGROTOP & CIA LTDA;;;;MISSAO VELHA;;;;CE;63.200-000;;(88)99805-6482;;;57.866.231/0001-08;;072223863;;;
AGROTOP & CIA LTDA;;;;CENTRO ;;;;RUA PE CICERO , 253;;;;;;;;;;;

;;;;;;;;;;;;;;;;;;;;;;;;;

927;AGUEDA MARIA BARRETO SAMPAIO GORGONHA;;;;MISSAO VELHA;;;;CE;63.200-000;;(88)99638-6900;;;04.938.641/0001-42;;06.663.437-7;;;
MERCEARIA  E CASA DE FRIOS  GORGONHA;;;;CENTRO;;;;R. AFONSO RIBEIRO, 62;;;;;;;;;;;

;;;;;;;;;;;;;;;;;;;;;;;;;

7530;ALDENORA FRUTUOSO DE OLIVEIRA;;;;CRATO;;;;CE;63.100-045;;(88)99663-7887;;;36.834.664/0001-01;;062496077;;;
MERCADINHO OLIVEIRA ;;;;CENTRO;;;;RUA CORONEL LUIS TEIXEIRA, 1035;;;;;;;;;;;

;;;;;;;;;;;;;;;;;;;;;;;;;

;;;;;;;;;;;;;;;;;;;;;;;;;

ERES Informática LTDA.;;;;;;PAG: 197;;;20/08/2026 - 09:44:21;;;025;

;;;;;;;;;;;;;;;;;;;;;;;;;
;;;;;;;;;;;;;;;;;;;;;;;;

;;
;;;FRANCISCO LUCIANO ALVES HONORIO ME;;;;;;;
;;;Clientes por Vendedor  ;;;;;
;;

;;;;;;;;;;;;;;;;;;;;;;;;

Código;Nome Cliente;;;Cidade;;;;UF;CEP;;FONE;;;C.P.F./C.N.P.J;;R.G./C.G.F.;;;
Nome Fantasia;;;Bairro;;;;Endereço;;;;;

7805;ALEX MATOS SILVA;;;CRATO;;;;CE;63.113-520;;(  )     -    ;;;008.020.533-00;;;;;
CASA DE CARNES E MERCADO MELO;;;SEMINÁRIO ;;;;RUA COMANDANTE MARCELO TEIXEIRA, 25;;;;;;;;;;;

;;;;;;;;;;;;;;;;;;;;;;;;

7928;ALEXANDRE DE ALENCAR MACEDO;;;CRATO;;;;CE;63.100-490;;(88)99808-2254;;;020.475.253-14;;;;;
ESPACO PET;;;CENTRO;;;;RUA CAROLINO SUCUPIRA, 802;;;;;;;;;;;

;;;;;;;;;;;;;;;;;;;;;;;;

5864;ALEXSANDRA RODRIGUES DA SILVA;;;CRATO;;;;CE;63.119-340;;(88)99815-2101;;;17.165.438/0001-22;;066220424;;;
"VERDURAO POPULAR "" GLOBAL""";;;VILA ALTA;;;;AV THOMAZ OSTERNES DE ALENCAR, 1110;;;;;;;;;;;

;;;;;;;;;;;;;;;;;;;;;;;;

4837;ALINE LOBO TELES;;;CRATO;;;;CE;63.100-000;;(  )     -    ;;;022.446.503-16;;;;;
POR TRAS DO SÃO LUIZ;;;SAO MIGUEL;;;;R. CAMPOS SALES, 499;;;;;;;;;;;

;;;;;;;;;;;;;;;;;;;;;;;;

6995;ALLYSON NOBRE SANTOS;;;CRATO;;;;CE;63.100-080;;(  )99965-3593;;;45.837.260/0001-54;;070557071;;;
CASA DE RACAO MDPF;;;CENTRO;;;;RUA SENADOR POMPEU, 34;;;;;;;;;;;

;;;;;;;;;;;;;;;;;;;;;;;;

7248;ANA CECILIA PONTES RIBEIRO MOREIRA;;;BARBALHA;;;;CE;63.180-000;;(  )     -    ;;;007.924.043-78;;;;;
MERCANTIL ARAJARA;;;ARAJARA;;;;RUA DO COMERCIO, 110;;;;;;;;;;;

;;;;;;;;;;;;;;;;;;;;;;;;

7589;ANA ISADORA PEREIRA DA COSTA;;;CRATO;;;;CE;63.132-200;;(88)99984-5942;;;40.306.547/0001-34;;;;;
MERCADINHO SANTA ISABEL (BELO);;;MURITI;;;;RUA LUIZ GONZAGA, 611;;;;;;;;;;;

;;;;;;;;;;;;;;;;;;;;;;;;

7798;ANA MESTRA CHAVES BRITO;;;CRATO;;;;CE;63.110-000;;(88)99495-3046;;;704.969.003-15;;;;;
MERCADINHO LAYS;;;CENTRO;;;;RUA MONSENHOR ESMERALDO , 633;;;;;;;;;;;

;;;;;;;;;;;;;;;;;;;;;;;;

1852;ANA PAULA ALVES DA COSTA;;;CARIRIACU;;;;CE;63.220-000;;(88) 3547-1700;;;292.718.318-02;;;;;
MERCEARIA ;;;CENTRO;;;;R. CORONEL VULPINO, 160;;;;;;;;;;;

;;;;;;;;;;;;;;;;;;;;;;;;

6270;ANA PAULA ALVES DA COSTA/ ZEZIN;;;CARIRIACU;;;;CE;63.220-000;;(  )99693-8218;;;422.007.683-20;;;;;
DONA BAR MERCEARIA ;;;CENTRO;;;;RUA CORONEL BOTELHO, 343;;;;;;;;;;;

;;;;;;;;;;;;;;;;;;;;;;;;

5667;ANA PAULA FERNANDES DA SILVA MERCANTIL ME;;;CARIRIACU;;;;CE;63.220-000;;(  )   00-0000;;;07.877.399/0001-32;;061921840;;;
MERCANTIL BOM PRECO;;;CENTRO;;;;RUA CORONEL BOTELHO, 452;;;;;;;;;;;

;;;;;;;;;;;;;;;;;;;;;;;;

7825;ANA PEREIRA DA SILVA;;;CRATO;;;;CE;63.100-541;;(88)98825-5882;;;032.531.923-50;;;;;
ANA PEREIRA DA SILVA;;;PALMEIRAL ;;;;RUA CEL FRANCISCO JOSE DE BRITO, 0;;;;;;;;;;;

;;;;;;;;;;;;;;;;;;;;;;;;

;;;;;;;;;;;;;;;;;;;;;;;;

ERES Informática LTDA.;;;;;PAG: 198;;;20/08/2026 - 09:44:21;;;025;

;;;;;;;;;;;;;;;;;;;;;;;;
;;;;;;;;;;;;;;;;;;;;;;;;

;;
;;;FRANCISCO LUCIANO ALVES HONORIO ME;;;;;;;
;;;Clientes por Vendedor  ;;;;;
;;

;;;;;;;;;;;;;;;;;;;;;;;;

Código;Nome Cliente;;;Cidade;;;;UF;CEP;;FONE;;;C.P.F./C.N.P.J;;R.G./C.G.F.;;;
Nome Fantasia;;;Bairro;;;;Endereço;;;;;

3469;ANDERSON BRUNO S. DA SILVA;;;CRATO;;;;CE;63.115-490;;(88) 3521-5759;;;049.889.953-56;;;;;
LUIZA RODRIGUES;;;BATATEIRAS;;;;AV JOAQUIM PINHEIRO BEZERRA DE MENEZES, 220;;;;;;;;;;;

;;;;;;;;;;;;;;;;;;;;;;;;

6767;ANDRE PEIXOTO DE MELO;;;CRATO;;;;CE;63.122-096;;( 8)89713-5143;;;29.712.137/0001-50;;06.748740-8;;;
AU-MIA;;;SANTA LUZIA;;;;AV PERIMETRAL DOM FRANCISCO, 1004;;;;;;;;;;;

;;;;;;;;;;;;;;;;;;;;;;;;

7710;ANDRESSA BARBOSA MOREIRA;;;CRATO;;;;CE;63.115-110;;(  )     -    ;;;072.101.063-67;;;;;
;;;GISELIA PINHEIRO;;;;RUA SAO RAIMUNDO, 107;;;;;;;;;;;

;;;;;;;;;;;;;;;;;;;;;;;;

8054;ANNE ANTONIETA MORAIS NEPOMUCENO;;;CRATO;;;;CE;63.113-140;;(88)99734-4113;;;19.126.133/0001-37;;067080154;;;
MINI BOX ANNE;;;MISERICÓRDIA;;;;RUA FRANCISCO PIANCÓ LEITE, 70;;;;;;;;;;;

;;;;;;;;;;;;;;;;;;;;;;;;

7404;ANTONIA ALEXANDRINO OLIVEIRA;;;CRATO;;;;CE;63.100-000;;(88)99288-4013;;;32.025.300/0001-11;;;;;
MERCADINHO DO SEU VICENTE;;;NOVO CRATO;;;;R HERON FELICIO DE ALENCAR, 9;;;;;;;;;;;

;;;;;;;;;;;;;;;;;;;;;;;;

7579;ANTONIO ALEXANDRE DO NASCIMENTO SILVA;;;CRATO;;;;CE;63.102-205;;(88)99225-6242;;;51.758.086/0001-57;;71457224;;;
AGRO FORTE;;;VILA LOBO;;;;RUA ANTONIO FERNANDES TELES, 849;;;;;;;;;;;

;;;;;;;;;;;;;;;;;;;;;;;;

7609;ANTONIO ALISSON DA SILVA SANTOS ;;;BARBALHA;;;;CE;63.180-000;;(88)98174-9969;;;066.101.733-89;;;;;
MERCEARIA SOCORRO DO BOLO;;;SITIO MATA DOS DUDAS;;;;RUA ABAIARA, 508;;;;;;;;;;;

;;;;;;;;;;;;;;;;;;;;;;;;

321;ANTONIO BARBOSA VANDERLEI MERCEARIA;;;CARIRIACU;;;;CE;63.220-000;;(88) 3547-1683;;;06.149.851/0001-87;;06.690.648-2;;;
MERCARIA VANDERLEY;;;CENTRO;;;;RUA CORONEL BOTELHO, 503;;;;;;;;;;;

;;;;;;;;;;;;;;;;;;;;;;;;

1925;ANTONIO BATISTA OLIVEIRA DE SOUSA ME;;;CRATO;;;;CE;63.122-375;;(88) 3521-4062;;;35.037.589/0001-87;;060752912;;;
MERCADINHO BATISTA;;;PINTO MADEIRA;;;;AV. PERIMETRAL DOM FRANCISCO, 100;;;;;;;;;;;

;;;;;;;;;;;;;;;;;;;;;;;;

5528;ANTONIO DIOGO LUNA FEITOSA;;;CRATO;;;;CE;63.122-445;;(  ) 3523-3345;;;630.532.843-91;;;;;
MERCANTIL NOSSA SENHORA DE FATIMA;;;SAO MIGUEL;;;;AVENIDA PADRE CICERO, 1711;;;;;;;;;;;

;;;;;;;;;;;;;;;;;;;;;;;;

8141;ANTONIO FERREIRA LIMA ;;;BARBALHA;;;;CE;  .   -   ;;(  )98114-1209;;;289.478.783-91;;;;;
ANTONIO FERREIRA LIMA ;;;PROX AO CALDAS ;;;;SITIO PIQUET , 0;;;;;;;;;;;

;;;;;;;;;;;;;;;;;;;;;;;;

7387;ANTONIO GOMES DA SILVA;;;CRATO;;;;CE;63.113-640;;(  )99375-9671;;;569.093.223-04;;;;;
PADARIA BOA ESPERANCA ;;;SEMINÁRIO ;;;;TRAVESSA CARIRIAÇU , 573;;;;;;;;;;;

;;;;;;;;;;;;;;;;;;;;;;;;

;;;;;;;;;;;;;;;;;;;;;;;;

ERES Informática LTDA.;;;;;PAG: 199;;;20/08/2026 - 09:44:21;;;025;

;;;;;;;;;;;;;;;;;;;;;;;;
;;;;;;;;;;;;;;;;;;;;;;;;

;;
;;;FRANCISCO LUCIANO ALVES HONORIO ME;;;;;;;
;;;Clientes por Vendedor  ;;;;;
;;

;;;;;;;;;;;;;;;;;;;;;;;;

Código;Nome Cliente;;;Cidade;;;;UF;CEP;;FONE;;;C.P.F./C.N.P.J;;R.G./C.G.F.;;;
Nome Fantasia;;;Bairro;;;;Endereço;;;;;

6180;ANTONIO JAIME SILVA BOTELHO;;;CARIRIACU;;;;CE;63.220-000;;(88)99607-9598;;;814.331.903-20;;;;;
CARIRIACU RACOES;;;CENTRO;;;;RUA JOSÉ JOAQUIM DE SATANA, 144;;;;;;;;;;;

;;;;;;;;;;;;;;;;;;;;;;;;

126;ANTONIO ROSENDO DA SILVA SOBRINHO;;;BARBALHA;;;;CE;63.180-000;;( 8)8 532-2244;;;72.556.087/0001-99;;069214840;;;
MERCADINHO CENTRAL;;;CENTRO;;;;RUA SETE DE SETEMBRO, 58;;;;;;;;;;;

;;;;;;;;;;;;;;;;;;;;;;;;

7747;BIANCA SILVA HOLANDA;;;CRATO;;;;CE;63.119-185;;(  )     -    ;;;062.996.433-58;;;;;
MERCADINHO HOLANDA;;;VILA ALTA ;;;;RUA DESEMBARGADOR EDMILSON DA CRUZ NEVES - DE 73/74 A , 799;;;;;;;;;;;

;;;;;;;;;;;;;;;;;;;;;;;;

1848;BRUNO CEZAR MACEDO CARVALHO;;;BARBALHA;;;;CE;63.180-000;;(88) 3532-0810;;;04.737.597/0001-02;;06.663.818-6;;;
VAREJAO BOM PRECO;;;CIROLANDIA;;;;RUA ALFREDO CORREIA, 153;;;;;;;;;;;

;;;;;;;;;;;;;;;;;;;;;;;;

6357;C DE SOUSA COSTA NETO;;;CRATO;;;;CE;63.100-345;;(88)99608-9289;;;33.972.796/0001-01;;069618020;;;
AGRO RACOES;;;CENTRO;;;;RUA BARBARA DE  ALENCAR  LOJA 06, 1107;;;;;;;;;;;

;;;;;;;;;;;;;;;;;;;;;;;;

6036;C FERNANDES MERCADINHO LTDA;;;CARIRIACU;;;;CE;63.220-000;;(  )99482-7146;;;60.693.420/0001-22;;072629924;;;
MERCADINHO FERNANDES;;;PERNAMBUQUINHO;;;;RUA CARLOS MORAIS, 81;;;;;;;;;;;

;;;;;;;;;;;;;;;;;;;;;;;;

8133;CANIFEL PET SHOP LTDA;;;CRATO;;;;CE;63.100-051;;(88)99942-7298;;;59.041.174/0001-45;;072384875;;;
CANIFEL PETSHOP;;;CENTRO;;;;AVENIDA JOSÉ ALVES DE FIGUEIREDO até 1281 - lado ímpar, 795;;;;;;;;;;;

;;;;;;;;;;;;;;;;;;;;;;;;

6926;CANTINHO DO PET SOCIEDADE UNIPESSOAL LTDA;;;CRATO;;;;CE;63.113-808;;(88)99343-7577;;;28.207.338/0001-38;;066602033;;;
CANTINHO DO PET;;;SEMINÁRIO ;;;;RUA JOAO ALVES ROCHA, 697;;;;;;;;;;;

;;;;;;;;;;;;;;;;;;;;;;;;

7939;CAOVILLE PETSHOP;;;CRATO;;;;CE;63.125-035;;(88)99368-4176;;;56.137.694/0001-68;;64532821;;;
CAOVILLE PETSHOP;;;MIRANDÃO ;;;;RUA CELESTE LIRA MACÊDO, 174;;;;;;;;;;;

;;;;;;;;;;;;;;;;;;;;;;;;

197;CARLOS CESAR GONCALVES LEITE ME;;;MISSAO VELHA;;;;CE;63.200-000;;(  )     -    ;;;02.308.904/0001-04;;069980918;;;
MERCADINHO MOREIRA;;;CENTRO;;;;RUA CORONEL JOSE DANTAS, 1103;;;;;;;;;;;

;;;;;;;;;;;;;;;;;;;;;;;;

782;CARLOS FERNANDES LOBO;;;CRATO;;;;CE;63.100-000;;( 8)83521-3014;;;350.116.420-00170;;06.030.942-3;;;
FERNANDES LOBO;;;MURITI;;;;R. NOSSA SENHORA DA CONCEICAO, 35;;;;;;;;;;;

;;;;;;;;;;;;;;;;;;;;;;;;

7592;CARLOS IAN CRUZ LUNA GOMES;;;JUAZEIRO DO NORTE;;;;CE;63.040-005;;(88)99696-0034;;;52.818.407/0001-24;;;;;
PELLOS;;;LAGOA SECA ;;;;AVENIDA DEPUTADO LEÃO SAMPAIO - LADO ÍMPAR, 0;;;;;;;;;;;

;;;;;;;;;;;;;;;;;;;;;;;;

;;;;;;;;;;;;;;;;;;;;;;;;

ERES Informática LTDA.;;;;;PAG: 200;;;20/08/2026 - 09:44:21;;;025;

;;;;;;;;;;;;;;;;;;;;;;;;
;;;;;;;;;;;;;;;;;;;;;;;;

;;
;;;FRANCISCO LUCIANO ALVES HONORIO ME;;;;;;;
;;;Clientes por Vendedor  ;;;;;
;;

;;;;;;;;;;;;;;;;;;;;;;;;

Código;Nome Cliente;;;Cidade;;;;UF;CEP;;FONE;;;C.P.F./C.N.P.J;;R.G./C.G.F.;;;
Nome Fantasia;;;Bairro;;;;Endereço;;;;;

7826;CARLOS IAN CRUZ LUNA GOMES PET SHOP LTDA;;;JUAZEIRO DO NORTE;;;;CE;63.050-262;;(88)99696-0034;;;52.818.407/0002-05;;072084774;;;
PELLOS;;;SALESIANOS;;;;R SAO PAULO, 1431;;;;;;;;;;;

;;;;;;;;;;;;;;;;;;;;;;;;

8014;CARLOS JOAO DE SOUSA;;;CRATO;;;;CE;63.010-240;;(87)98179-1053;;;865.533.803-68;;;;;
PADARIA VILA ALTA;;;VILA ALTA;;;;R AIRES DE AQUINO , 38;;;;;;;;;;;

;;;;;;;;;;;;;;;;;;;;;;;;

7958;CICERA DAIANE RODRIGUES  DA SILVA;;;CARIRIACU;;;;CE;63.220-000;;(88)99924-3678;;;59.252.584/0001-35;;;;;
CASA DE RACOES SALES;;;PERNAMBUQUINHO;;;;AV. CAXIMBAO, 1236;;;;;;;;;;;

;;;;;;;;;;;;;;;;;;;;;;;;

7403;CICERA DE CASSIA BARBOSA BIER;;;CRATO;;;;CE;63.130-104;;(88)99859-8931;;;49.513.100/0001-00;;;;;
MERCADINHO STO EXPEDITO;;;NOSSA SENHORA DE FÁTIMA;;;;RUA RAIMUNDA DOMINGOS ALVES, 10;;;;;;;;;;;

;;;;;;;;;;;;;;;;;;;;;;;;

6907;CICERA KAILANE DA SILVA MENEZES;;;BARBALHA;;;;CE;63.180-000;;(  )     -    ;;;086.869.403-74;;;;;
DOM APOLLO PET;;;MALVINAS;;;;AVENIDA LUIZ GONZAGA , 602;;;;;;;;;;;

;;;;;;;;;;;;;;;;;;;;;;;;

8212;CICERA REJIVANIA DOS SANTOS;;;CRATO;;;;CE;63.100-000;;(  )     -    ;;;038.269.433-33;;;;;
MERCADINHO CASSEMIRO;;;ROMUALDO;;;;SÍTIO ROMUALDO , 0;;;;;;;;;;;

;;;;;;;;;;;;;;;;;;;;;;;;

7367;CICERA ROGERIA LOPES ROCHA;;;BARBALHA;;;;CE;  .   -   ;;(88) 9979-6-76;;;705.539.633-68;;;;;
ROGERIA ;;;LAGOA SECA 1;;;;R EDGAR BEVILAQUA, 80;;;;;;;;;;;

;;;;;;;;;;;;;;;;;;;;;;;;

4466;CICERO DE ARAUJO SILVA;;;CARIRIACU;;;;CE;63.220-000;;(88)99971-4991;;;16.585.699/0001-39;;066102103;;;
C. DIAS RACOES;;;PERNAMBUQUINHO;;;;AV. CACHIMBAO, 710;;;;;;;;;;;

;;;;;;;;;;;;;;;;;;;;;;;;

6835;CICERO DO NASCIMENTO;;;CRATO;;;;CE;63.113-643;;(  )98868-6155;;;744.630.983-00;;;;;
MERCADINHO DO ROGERIO;;;SEMINÁRIO;;;;RUA LAVRAS DA MANGABEIRA, 1194;;;;;;;;;;;

;;;;;;;;;;;;;;;;;;;;;;;;

1771;CICERO EDMAR FERNANDES AQUINO;;;CARIRIACU;;;;CE;63.220-000;;(88)99901-1821;;;07.824.696/0001-10;;061911127;;;
MERCANTIL AQUINO;;;CENTRO;;;;RUA  CORONEL BOTELHO, 533;;;;;;;;;;;

;;;;;;;;;;;;;;;;;;;;;;;;

7691;CICERO JOSE DA CONCEICAO ;;;MISSAO VELHA;;;;CE;63.200-000;;(88)98821-0956;;;025.561.673-27;;;;;
MERCADINHO PE  CICERO ;;;JAMACARU;;;;RUA DO COMÉRCIO , 42;;;;;;;;;;;

;;;;;;;;;;;;;;;;;;;;;;;;

7763;CICERO LUAN BEZERRA PEREIRA;;;BARBALHA;;;;CE;63.180-000;;(88)99763-4851;;;072.096.263-36;;;;;
AGROPEC;;;BULANDEIRA ;;;; AV LEÃO SAMPAIO , 1320;;;;;;;;;;;

;;;;;;;;;;;;;;;;;;;;;;;;

;;;;;;;;;;;;;;;;;;;;;;;;

ERES Informática LTDA.;;;;;PAG: 201;;;20/08/2026 - 09:44:21;;;025;

;;;;;;;;;;;;;;;;;;;;;;;;
;;;;;;;;;;;;;;;;;;;;;;;;

;;
;;;FRANCISCO LUCIANO ALVES HONORIO ME;;;;;;;
;;;Clientes por Vendedor  ;;;;;
;;

;;;;;;;;;;;;;;;;;;;;;;;;

Código;Nome Cliente;;;Cidade;;;;UF;CEP;;FONE;;;C.P.F./C.N.P.J;;R.G./C.G.F.;;;
Nome Fantasia;;;Bairro;;;;Endereço;;;;;

7599;CICERO MIRANDA NASCIMENTO;;;MISSAO VELHA;;;;CE;63.200-000;;(88)99685-7990;;;30.652.128/0001-09;;;;;
ARMAZEN CF ;;;JAMACARU;;;;R FILEMON LORENCO, 257;;;;;;;;;;;

;;;;;;;;;;;;;;;;;;;;;;;;

7087;CICERO RAIMUNDO NUNES ME;;;BARBALHA;;;;CE;63.180-000;;(  )98170-4746;;;25.248.016/0001-49;;065414039;;;
CICERO NUNES;;;ARAJARA;;;;SÍTIO MACAÚBA, 5140;;;;;;;;;;;

;;;;;;;;;;;;;;;;;;;;;;;;

7416;CICERO ROMAO DE MACEDO MORAES;;;MISSAO VELHA;;;;CE;63.200-000;;(88)99636-4884;;;48.166.585/0001-40;;070907790;;;
HOME VET MV;;;CENTRO;;;;RUA PADRE FELIX, 233;;;;;;;;;;;

;;;;;;;;;;;;;;;;;;;;;;;;

6399;CICERO SANTANA FILHO;;;BARBALHA;;;;CE;  .   -   ;;(  )     -    ;;;674.338.803-30;;211560891;;;
MARCADINHO SANTANA;;;ALTO DA ALEGRIA;;;;RUA ANTONIO MANOEL DE QUEIROZ, 388;;;;;;;;;;;

;;;;;;;;;;;;;;;;;;;;;;;;

7840;CLAUDEMILSON DOS SANTOS;;;CRATO;;;;CE;63.119-105;;(88)98816-5585;;;066.231.373-94;;;;;
MERCADINHO MEU CARIRI;;;VILA ALTA ;;;;RUA ANTONINA DO NORTE - ATÉ 427/428, 563;;;;;;;;;;;

;;;;;;;;;;;;;;;;;;;;;;;;

7218;CLEIA GOMES PEREIRA ;;;CRATO;;;;CE;63.101-095;;(  )99292-2021;;;020.555.633-78;;34882162000;;;
E PET ;;;PINTO MADEIRA;;;;AV. PERIMETRAL , 55;;;;;;;;;;;

;;;;;;;;;;;;;;;;;;;;;;;;

5231;COASU COMERCIO DE PRODUTOS AGROPECUARIOS LTDA ME;;;CRATO;;;;CE;63.100-080;;(85)99669-7118;;;11.744.862/0001-45;;063986361;;;
EM FRENTE AO BANCO DO BRASIL;;;CENTRO;;;;RUA SENADOR POMPEU, 283;;;;;;;;;;;

;;;;;;;;;;;;;;;;;;;;;;;;

7292;COISAS DO SERTAO ALIMENTOS LTDA;;;BARBALHA;;;;CE;63.180-000;;(88)98213-7437;;;46.505.290/0001-26;;070651833;;;
COISAS DO SERTAO ;;;DISTRITO ARAJARA;;;;SITIO SANTO ANTONIO, 62;;;;;;;;;;;

;;;;;;;;;;;;;;;;;;;;;;;;

7847;CORDEIROS LATICINEOS EM GERAL LTDA;;;CRATO;;;;CE;63.113-500;;(88)98141-4069;;;57.356.359/0001-13;;072155906;;;
CORDEIROS;;;SEMINÁRIO;;;;RUA CORONEL LUÍS TEIXEIRA, 1768;;;;;;;;;;;

;;;;;;;;;;;;;;;;;;;;;;;;

2893;CRISTIANO VILAR PEREIRA;;;CARIRIACU;;;;CE;  .   -   ;;(88)99712-1614;;;024.213.063-10;;;;;
;;;CENTRO;;;;RUA CORONEL VULPINO, 151;;;;;;;;;;;

;;;;;;;;;;;;;;;;;;;;;;;;

7995;CRISTINA FERREIRA DE MOURA;;;CRATO;;;;CE;63.119-055;;(88)99736-7175;;;015.410.613-57;;;;;
MERCEARIA GONCALVES ;;;VILA ALTA ;;;;RUA CARIRIS - DE 111/112 AO FIM, 114;;;;;;;;;;;

;;;;;;;;;;;;;;;;;;;;;;;;

7328;CRISTINA MARIA DO NASCIMENTO ;;;CRATO;;;;CE;63.100-480;;(  )99958-1300;;;926.009.213-20;;;;;
RESIDENCIA PARTICULAR ;;;CENTRO ;;;;RUA.CORONEL SECUNDO CHAVES, 72;;;;;;;;;;;

;;;;;;;;;;;;;;;;;;;;;;;;

;;;;;;;;;;;;;;;;;;;;;;;;

ERES Informática LTDA.;;;;;PAG: 202;;;20/08/2026 - 09:44:21;;;025;

;;;;;;;;;;;;;;;;;;;;;;;;
;;;;;;;;;;;;;;;;;;;;;;;;

;;
;;;FRANCISCO LUCIANO ALVES HONORIO ME;;;;;;;
;;;Clientes por Vendedor  ;;;;;
;;

;;;;;;;;;;;;;;;;;;;;;;;;

Código;Nome Cliente;;;Cidade;;;;UF;CEP;;FONE;;;C.P.F./C.N.P.J;;R.G./C.G.F.;;;
Nome Fantasia;;;Bairro;;;;Endereço;;;;;

7780;DAIANA DA SILVA PEREIRA ;;;CRATO;;;;CE;63.106-140;;(  )     -    ;;;071.843.423-48;;;;;
MERCADINHO TITA;;;PARQUE GRANJEIRO;;;;RUA MARCOS MATIAS, 84;;;;;;;;;;;

;;;;;;;;;;;;;;;;;;;;;;;;

7578;DAMIAO JOSE ANGELIM;;;CRATO;;;;CE;63.118-142;;(  )98219-0963;;;49.260.443/0001-00;;071525483;;;
MERCADINHO VILLA MIX;;;PARQUE RECREIO;;;;RUA ANTONINA DO NORTE, 525;;;;;;;;;;;

;;;;;;;;;;;;;;;;;;;;;;;;

7850;DAMIAO JOSE ANGELIM ME ;;;CRATO;;;;CE;63.119-105;;(88)98982-1909;;;57.991.618/0001-88;;072227257;;;
VILA MIX ;;;VILA ALTA ;;;;RUA ANTONINA DO NORTE - ATÉ 427/428, 525;;;;;;;;;;;

;;;;;;;;;;;;;;;;;;;;;;;;

8016;DAMIAO PEDRO TAVEIRA ;;;CRATO;;;;CE;63.114-000;;(88)99336-1565;;;007.458.003-51;;;;;
VERDURAO DEUS PROVERA;;;FRANCA ALENCAR;;;;AVENIDA RIO GRANDE DO SUL, 20;;;;;;;;;;;

;;;;;;;;;;;;;;;;;;;;;;;;

7902;DANIEL CUNHA DE SA ;;;MISSAO VELHA;;;;CE;63.200-000;;(88)98849-1694;;;58.316.521/0001-32;;;;;
CASA DAS RACOES RIBEIRO;;;JAMACARU;;;;R JOSE PEREIRA E SOUZA, 2;;;;;;;;;;;

;;;;;;;;;;;;;;;;;;;;;;;;

7991;DAVI ALVES SOUSA;;;CRATO;;;;CE;  .   -   ;;(88)98143-7757;;;637.045.783-39;;;;;
MERCADINHO SOUSA;;;PONTA DA SERRA ;;;;RUA JOAQUIM FERREIRA LEITE , 32;;;;;;;;;;;

;;;;;;;;;;;;;;;;;;;;;;;;

6637;DIOGO ALVES PEREIRA;;;MISSAO VELHA;;;;CE;63.200-000;;(  ) 8834-0512;;;061.518.783-88;;;;;
CASA DE RACOES;;;CENTRO;;;;RUA PADRE FELIX, 198;;;;;;;;;;;

;;;;;;;;;;;;;;;;;;;;;;;;

6278;DISTRIBUIDORA DE ALIMENTOS FL LTDA;;;BARBALHA;;;;CE;63.180-000;;(  ) 2155-4951;;;30.095.445/0001-63;;067735657;;;
ATACAREJO BACANA;;;CENTRO;;;;AV. MINISTRO COSTA CAVALCANTE, 1060;;;;;;;;;;;

;;;;;;;;;;;;;;;;;;;;;;;;

7572;DISTRIBUIDORA DE MEDIC. E PROD. VET. VITRINEV;;;CRATO;;;;CE;63.122-445;;(88)99785-4918;;;22.224.184/0002-97;;071542710;;;
PRUBICHO;;;SAO MIGUEL;;;;AV. PADRE CICERO, 1197;;;;;;;;;;;

;;;;;;;;;;;;;;;;;;;;;;;;

7952;DIVANEIDE ALVES ARAUJO (JORDANIA DO VERDURAO);;;CRATO;;;;CE;63.138-000;;(88)99698-7692;;;988.966.606-53;;;;;
RESIDENCIA PARTICULAR ;;;DISTRITO DOM QUINTINO ;;;;RUA DO COMERCIO , 0;;;;;;;;;;;

;;;;;;;;;;;;;;;;;;;;;;;;

2080;DONIZETE DOS SANTOS FIGUEIREDO;;;MISSAO VELHA;;;;CE;63.200-000;;( 8)88805-1377;;;195.844.233-04;;;;;
;;;CENTRO;;;;RUA PE CICERO 18, 0;;;;;;;;;;;

;;;;;;;;;;;;;;;;;;;;;;;;

7265;E & M HIPER SUPERMERCADO LTDA;;;MISSAO VELHA;;;;CE;63.200-000;;(88)99844-0588;;;26.336.194/0002-75;; 06.233281-3;;;
ATACAREJO HIPER POVAO ;;;CENTRO;;;;R PADRE CICERO, 389;;;;;;;;;;;

;;;;;;;;;;;;;;;;;;;;;;;;

;;;;;;;;;;;;;;;;;;;;;;;;

ERES Informática LTDA.;;;;;PAG: 203;;;20/08/2026 - 09:44:21;;;025;

;;;;;;;;;;;;;;;;;;;;;;;;
;;;;;;;;;;;;;;;;;;;;;;;;

;;
;;;FRANCISCO LUCIANO ALVES HONORIO ME;;;;;;;
;;;Clientes por Vendedor  ;;;;;
;;

;;;;;;;;;;;;;;;;;;;;;;;;

Código;Nome Cliente;;;Cidade;;;;UF;CEP;;FONE;;;C.P.F./C.N.P.J;;R.G./C.G.F.;;;
Nome Fantasia;;;Bairro;;;;Endereço;;;;;

939;E S DA COSTA JUNIOR ME;;;BARBALHA;;;;CE;63.180-000;;(88) 3532-1581;;;18.835.979/0001-83;;06.7157459;;;
MERCANTIL ESPERANCA;;;ALTO DA ALEGRIA;;;;RUA DA AJUDA, 368;;;;;;;;;;;

;;;;;;;;;;;;;;;;;;;;;;;;

4150;E. GONCALVES DE SOUZA;;;BARBALHA;;;;CE;63.180-000;;(  )98111-1049;;;15.525.674/0001-87;;066015499;;;
MERCANTIL SERRA AZUL PAULIM;;;ARAJARA;;;;SITIO MACAUBA DE BAIXO, 282;;;;;;;;;;;

;;;;;;;;;;;;;;;;;;;;;;;;

6989;EDIAMARTE BARBOSA BRITO;;;BARBALHA;;;;CE; 6.318-000;;(  ) 3532-3388;;;717.550.043-20;;;;;
MERCANTIL JAQUELINE;;;CIROLANDIA;;;;AV. DA LIBERDADE, 804;;;;;;;;;;;

;;;;;;;;;;;;;;;;;;;;;;;;

6276;EDILBERTO LEITE DE PINHO;;;CRATO;;;;CE;63.113-500;;(  ) 3523-7852;;;212.039.543-87;;;;;
MERCADINHO SAO JOSE;;;SEMINÁRIO;;;;RUA CORONEL LUIZ TEIXEIRA, 1826;;;;;;;;;;;

;;;;;;;;;;;;;;;;;;;;;;;;

1774;EDILSON ALVES DA COSTA;;;CARIRIACU;;;;CE;63.220-000;;(88) 9927-1030;;;346.717.733-68;;;;;
EDILSON;;;CENTRO;;;;RUA CORONEL BOTELHO, 486;;;;;;;;;;;

;;;;;;;;;;;;;;;;;;;;;;;;

7908;EDINALDO FERREIRA DE OLIVEIRA ;;;CRATO;;;;CE;63.119-185;;(88)99635-1386;;;49.666.460/0001-42;;071867422;;;
MERC STA TEREZINHA ;;;VILA ALTA ;;;;RUA DESEMBARGADOR EDMILSON DA CRUZ NEVES - DE 73/74 A , 677;;;;;;;;;;;

;;;;;;;;;;;;;;;;;;;;;;;;

1834;EDVAL TAVARES DE LIMA;;;CARIRIACU;;;;CE;63.220-000;;(88)99723-1924;;;501.253.203-10;;;;;
EDVAL;;;ABILIO UNIAS;;;;AV. BELO TAVARES , 14;;;;;;;;;;;

;;;;;;;;;;;;;;;;;;;;;;;;

7918;ELO MERCADINHO LTDA;;;CRATO;;;;CE;63.122-096;;(88)99743-6250;;;38.730.855/0001-40;;062033166;;;
ELO MERCADINHO LTDA;;;SANTA LUZIA ;;;;AVENIDA PERIMETRAL DOM FRANCISCO - DE 762 AO FIM - LADO PA, 877;;;;;;;;;;;

;;;;;;;;;;;;;;;;;;;;;;;;

7901;EMERSON DOS SANTOS LIMA;;;CRATO;;;;CE;  .   -   ;;(  )     -    ;;;648.726.023-15;;;;;
RESIDENCIA PARTICULAR ;;;SAO JOSE;;;;RUA CICERO DE MOURA ROSENDO , 48;;;;;;;;;;;

;;;;;;;;;;;;;;;;;;;;;;;;

6554;EMERSON ROSA DA SILVA;;;CRATO;;;;CE;63.119-340;;(88)99714-0467;;;34.954.190/0001-06;;06.227546-1;;;
SUPER VILLA;;;VILA ALTA;;;;AV THOMAZ OSTERNES DE ALENCAR, 2872;;;;;;;;;;;

;;;;;;;;;;;;;;;;;;;;;;;;

4250;ERISVALDO FELIX DE ANDRADE;;;CRATO;;;;CE;  .   -   ;;(88) 3513-2132;;;896.300.843-68;;;;;
DEPOIS DO POSTO DE SAUDE;;;DOM QUINTINO;;;;RUA CARMELO DE SOUZA COSTA, 93;;;;;;;;;;;

;;;;;;;;;;;;;;;;;;;;;;;;

7256;ERIVAM TOME MONTEIRO;;;MISSAO VELHA;;;;CE;63.200-000;;(88)99986-1903;;;540.584.903-06;;;;;
MERCEARIA DO DIDI;;;CENTRO;;;;RUA FOM BOSCO, 883;;;;;;;;;;;

;;;;;;;;;;;;;;;;;;;;;;;;

;;;;;;;;;;;;;;;;;;;;;;;;

ERES Informática LTDA.;;;;;PAG: 204;;;20/08/2026 - 09:44:21;;;025;

;;;;;;;;;;;;;;;;;;;;;;;;
;;;;;;;;;;;;;;;;;;;;;;;;

;;
;;;FRANCISCO LUCIANO ALVES HONORIO ME;;;;;;;
;;;Clientes por Vendedor  ;;;;;
;;

;;;;;;;;;;;;;;;;;;;;;;;;

Código;Nome Cliente;;;Cidade;;;;UF;CEP;;FONE;;;C.P.F./C.N.P.J;;R.G./C.G.F.;;;
Nome Fantasia;;;Bairro;;;;Endereço;;;;;

6307;ERLANDA CORREIA DE SOUSA LIMA;;;CRATO;;;;CE;63.119-340;;(  )99249-3028;;;060.208.493-84;;;;;
HW RACOES;;;VILA  ALTA;;;;AV THOMAZ OSTERNE DE ALENCAR, 2937;;;;;;;;;;;

;;;;;;;;;;;;;;;;;;;;;;;;

7704;ERLANDA CORREIA DE SOUZA LIMA;;;CRATO;;;;CE;63.119-340;;(88)99301-2951;;;26.859.907/0001-02;;2005034077555;;;
HW RACOES ;;;VILA ALTA;;;;AVENIDA THOMAZ OSTERNES DE ALENCAR, 2937;;;;;;;;;;;

;;;;;;;;;;;;;;;;;;;;;;;;

7994;ESMAEL SILVA SOARES;;;CRATO;;;;CE;63.100-020;;(88)98856-5705;;;600.640.423-08;;;;;
MERCADINHO TEM DE TUDO;;;CENTRO;;;;RUA JOSÉ CARVALHO, 27;;;;;;;;;;;

;;;;;;;;;;;;;;;;;;;;;;;;

8156;ESPACO RECREATIVO CANINO CARIRI ;;;CRATO;;;;CE;63.112-092;;(88)99918-2813;;;36.452.058/0001-13;;;;;
ESPACO RECREATIVO CANINO CARIRI ;;;LAMEIRO;;;;RUA ALDERICO DE PAULA DAMASCENO , 212;;;;;;;;;;;

;;;;;;;;;;;;;;;;;;;;;;;;

7866;ESTEVAO ALVES PEREIRA;;;CARIRIACU;;;;CE;63.220-000;;( 8)89942-7244;;;017.567.873-10;;;;;
DEPOSITO DO ESTEVAO;;;NOSSA SENHORA DO CARMO;;;;R ZULI MORAES, 62;;;;;;;;;;;

;;;;;;;;;;;;;;;;;;;;;;;;

7266;FABIANO CELESTINO XENOFONTE ;;;CRATO;;;;CE;63.113-080;;(  )     -    ;;;948.407.843-53;;99029268450;;;
XENOFANTE;;;SEMINARIO;;;;AVENIDA JOÃO ALVES ROCHA, 5;;;;;;;;;;;

;;;;;;;;;;;;;;;;;;;;;;;;

3899;FABIO PATRICIO SOUSA;;;CRATO;;;;CE;63.102-200;;(88) 3521-7433;;;070.725.493-07;;;;;
MERCADINHO DO FABIO/ ANTIGA ELANIA CRISTINA;;;VILA LOBO;;;;RODOVIA PINTO MADEIRA, 1344;;;;;;;;;;;

;;;;;;;;;;;;;;;;;;;;;;;;

2068;FARMAGRICOLA SAO JOSE LTDA;;;MISSAO VELHA;;;;CE;63.200-000;;(88)3542 -1304;;;00.308.282/0001-99;;069455155;;;
ELIELCY RACAO;;;CENTRO;;;;RUA CORONEL JOSE DANTAS , 1050;;;;;;;;;;;

;;;;;;;;;;;;;;;;;;;;;;;;

7693;FERNANDO JOSE ALENCAR;;;CRATO;;;;CE;63.138-000;;(88)98198-4387;;;068.925.133-52;;20170997280;;;
MERCADINHO PAI E FILHO ;;;PONTA DA SERRA;;;;JOSE AUGUSTO SIEBRA , 79;;;;;;;;;;;

;;;;;;;;;;;;;;;;;;;;;;;;

3505;FRANCEILDE LIMA;;;CRATO;;;;CE;63.115-495;;(  )     -    ;;;11.753.417/0001-41;;06.398.158-0;;;
MERCEARIA DE DORINHA;;;GISELIA PINHEIRO;;;;AVENIDA JOAQUIM PINHEIRO BEZERRA DE MENESES, 281;;;;;;;;;;;

;;;;;;;;;;;;;;;;;;;;;;;;

7801;FRANCIANO SEMIAO DE LIMA;;;CRATO;;;;CE;63.116-310;;(88)99204-7990;;;41.467.875/0001-85;;061211982;;;
FRANCA VARIEDADE;;;NOVO CRATO ;;;;RUA LAVRAS DA MANGABEIRA - LADO ÍMPAR, 804;;;;;;;;;;;

;;;;;;;;;;;;;;;;;;;;;;;;

6729;FRANCISCA ELIETE DOS SANTOS;;;BARBALHA;;;;CE;63.180-000;;(  )98106-9790;;;34.878.035/0001-40;;062140868;;;
MERCADINHO OS ELIAS;;;CALDAS;;;;RUA  MONSENHOR FERREIRA LOBO, 4;;;;;;;;;;;

;;;;;;;;;;;;;;;;;;;;;;;;

;;;;;;;;;;;;;;;;;;;;;;;;

ERES Informática LTDA.;;;;;PAG: 205;;;20/08/2026 - 09:44:21;;;025;

;;;;;;;;;;;;;;;;;;;;;;;;
;;;;;;;;;;;;;;;;;;;;;;;;

;;
;;;FRANCISCO LUCIANO ALVES HONORIO ME;;;;;;;
;;;Clientes por Vendedor  ;;;;;
;;

;;;;;;;;;;;;;;;;;;;;;;;;

Código;Nome Cliente;;;Cidade;;;;UF;CEP;;FONE;;;C.P.F./C.N.P.J;;R.G./C.G.F.;;;
Nome Fantasia;;;Bairro;;;;Endereço;;;;;

8130;FRANCISCA ERLANDINA PAULINO SALES ;;;CRATO;;;;CE;63.108-350;;(  )99682-8852;;;017.719.613-09;;;;;
MERCADINHO JN ;;;NOVO HORIZONTE;;;;RUA ÂNGELO FIGUEIREDO , 170;;;;;;;;;;;

;;;;;;;;;;;;;;;;;;;;;;;;

132;FRANCISCA ISABEL DE LIMA GARCIA ME;;;BARBALHA;;;;CE;63.180-000;;(  ) 3532-1183;;;02.156.851/0001-53;;069946302;;;
MERCANTIL BELA VISTA;;;BELA VISTA;;;;AV. JULIS RIMET, 812;;;;;;;;;;;

;;;;;;;;;;;;;;;;;;;;;;;;

6883;FRANCISCA POLLYANA LIMA VENANCIO;;;CRATO;;;;CE;63.105-000;;(  )98116-7438;;;616.035.463-91;;;;;
;;;MIRANDAO;;;;RUA CELESTE LIRA MACEDO, 174;;;;;;;;;;;

;;;;;;;;;;;;;;;;;;;;;;;;

3889;FRANCISCA ZILVANETE AMORIM ME;;;CRATO;;;;CE;63.113-500;;(88) 3521-1350;;;07.579.303/0001-50;;06.421.553-9;;;
MERCADINHO ZILVANETE;;;CENTRO;;;;R. CORONEL LUIZ TEIXEIRA, 1136;;;;;;;;;;;

;;;;;;;;;;;;;;;;;;;;;;;;

8166;FRANCISCO ALVINO DE BRITO ;;;BARBALHA;;;;CE;  .   -   ;;(88)98147-6350;;;36.598.657/0001-40;;;;;
DONA CELIA MERCADINHO ;;;CALDAS. ;;;;SITIO PIQUETE , 4;;;;;;;;;;;

;;;;;;;;;;;;;;;;;;;;;;;;

7807;FRANCISCO BRASIL DE LIMA;;;CRATO;;;;CE;63.137-000;;(88)99276-9316;;;54.705.526/0001-04;;071850350;;;
;;;DOM QUINTINO ;;;; SITIO BREA, 109;;;;;;;;;;;

;;;;;;;;;;;;;;;;;;;;;;;;

6618;FRANCISCO DE ARAUJO FERREIRA;;;CARIRIACU;;;;CE;63.220-000;;(  )99707-3267;;;39.435.948/0001-05;;06227294;;;
CHICO ANISIO;;;CENTRO;;;;RUA CORONEL VULPINO, 155;;;;;;;;;;;

;;;;;;;;;;;;;;;;;;;;;;;;

8176;FRANCISCO DE ASSIS DOS SANTOS ;;;BARBALHA;;;;CE;63.090-019;;(88)99733-4861;;;20.416.860/0001-18;;063356724;;;
MEU XODO ;;;CENTRO;;;;RUA DOS CARIRIS , 78;;;;;;;;;;;

;;;;;;;;;;;;;;;;;;;;;;;;

7121;FRANCISCO GARCIA DE LIMA;;;CRATO;;;;CE;63.102-200;;(  )99467-3467;;;21.999.134/0001-38;;064434311;;;
PANIFICADORA FACEBOOK ;;;PINTO MEDEIRA;;;;RODOVIA PINTO MADEIRA , 212;;;;;;;;;;;

;;;;;;;;;;;;;;;;;;;;;;;;

7654;FRANCISCO GONCALVES DE SOUZA ;;;BARBALHA;;;;CE;63.180-000;;(88)98135-0707;;;584.712.863-00;;;;;
MERCADINHO SERRA AZUL ;;;ARAJARA ;;;;SITIO MACAUBA, 114;;;;;;;;;;;

;;;;;;;;;;;;;;;;;;;;;;;;

3891;FRANCISCO HENRIQUE DE MOURA;;;CRATO;;;;CE;63.104-160;;(88) 3523-3885;;;136.281.448-25;;;;;
TICO;;;ALTO DA PENHA;;;;RUA PLINIO CAVALCANTE, 320;;;;;;;;;;;

;;;;;;;;;;;;;;;;;;;;;;;;

6441;FRANCISCO IGOR LIMA DE OLIVEIRA;;;MISSAO VELHA;;;;CE;63.200-000;;(  )98103-1311;;;613.032.653-03;;;;;
CLUBE DOS PASSAROS;;;CENTRO;;;;RUA CORONEL JOSE DANTAS, 1629;;;;;;;;;;;

;;;;;;;;;;;;;;;;;;;;;;;;

;;;;;;;;;;;;;;;;;;;;;;;;

ERES Informática LTDA.;;;;;PAG: 206;;;20/08/2026 - 09:44:21;;;025;

;;;;;;;;;;;;;;;;;;;;;;;;
;;;;;;;;;;;;;;;;;;;;;;;;

;;
;;;FRANCISCO LUCIANO ALVES HONORIO ME;;;;;;;
;;;Clientes por Vendedor  ;;;;;
;;

;;;;;;;;;;;;;;;;;;;;;;;;

Código;Nome Cliente;;;Cidade;;;;UF;CEP;;FONE;;;C.P.F./C.N.P.J;;R.G./C.G.F.;;;
Nome Fantasia;;;Bairro;;;;Endereço;;;;;

2198;FRANCISCO JOSE BARBOSA ANCELMO;;;CRATO;;;;CE;  .   -   ;;( 8)83523-2984;;;346.403.123-34;;;;;
PRECO BAIXO;;;BATATEIRAS;;;;AV.J.P.B DE MENEZES, 120;;;;;;;;;;;

;;;;;;;;;;;;;;;;;;;;;;;;

319;FRANCISCO LUCIANO VIEIRA;;;CARIRIACU;;;;CE;63.220-000;;(88)99734-2863;;;028.657.288-54;;;;;
JOSEFA;;;CENTRO;;;;RUA CORONEL VULPINO, 104;;;;;;;;;;;

;;;;;;;;;;;;;;;;;;;;;;;;

6565;FRANCISCO MARCIANO;;;BARBALHA;;;;CE;63.180-000;;(  )98859-8539;;;623.818.223-72;;;;;
MERCADINHO  SAO FRANCISCO ;;;VILA  ARAJARA ;;;;RUA DO  COMÉRCIO , 71;;;;;;;;;;;

;;;;;;;;;;;;;;;;;;;;;;;;

6600;FRANCISCO MARTINS JUNIOR;;;CRATO;;;;CE;63.100-280;;(  )99928-9990;;;37.661.475/0001-39;;063162881;;;
CASA DO PET;;;CENTRO;;;;RUA ALMIRANTE ALEXANDRINO, 723;;;;;;;;;;;

;;;;;;;;;;;;;;;;;;;;;;;;

5391;FRANCISCO PEDRO DOS SANTOS;;;BARBALHA;;;;CE;63.180-000;;(  )99250-4155;;;171.919.553-68;;;;;
MERCADINHO PEDRO DE VEIO;;;ROSARIO;;;;RUA PADRE JATHAY, 114;;;;;;;;;;;

;;;;;;;;;;;;;;;;;;;;;;;;

7776;FRANCISCO SAMUEL FERREIRA DA SILVA;;;CRATO;;;;CE;63.119-160;;(  )     -    ;;;53.863.842/0001-33;;071748687;;;
PREFIRO OVOS ;;;;;;;ANTONIO XENOFONTE , 643;;;;;;;;;;;

;;;;;;;;;;;;;;;;;;;;;;;;

7909;FRANCISCO SERGIO SANTANA;;;;;;;AC;63.139-500;;(  )98173-4673;;;069.725.223-07;;;;;
MERCADINHO MARTINS;;; VILA PADRE CICERO;;;; RUA PADRE CÍCERO , 285;;;;;;;;;;;

;;;;;;;;;;;;;;;;;;;;;;;;

2279;FRANCISCO STELIO LEITE JUNIOR ME;;;CRATO;;;;CE;63.122-090;;(88) 3523-2659;;;08.695.829/0001-68;;063556197;;;
CARIRI VET;;;SAO MIGUEL;;;;AV. THOMAS OSTERNE DE ALENCAR , 204;;;;;;;;;;;

;;;;;;;;;;;;;;;;;;;;;;;;

7259;FRANCISCO VILMAR DE SOUSA;;;BARBALHA;;;;CE;63.180-000;;(88)99634-3753;;;717.929.103-04;;;;;
MERCEARIA E SACOLAO SAO FRANCISCO;;;ARAJARA;;;;RUA DO COMERCIO, 46;;;;;;;;;;;

;;;;;;;;;;;;;;;;;;;;;;;;

7588;FRANCISCO WELDON PINTO VIEIRA ;;;CRATO;;;;CE;63.100-150;;(88)98197-1050;;;103.188.983-30;;;;;
CASA DO TEMPERO SAO JOSE;;;CENTRO ;;;;RUA MADRE ANA COUTO , 376;;;;;;;;;;;

;;;;;;;;;;;;;;;;;;;;;;;;

7876;FRANSCISLANIA DE SALES FEITOSA;;;CRATO;;;;CE;63.113-640;;(88)99804-8742;;;184.712.678-29;;;;;
RESIDENCIA PARTICULAR ;;;SEMINÁRIO;;;;TRAVESSA CARIRIAÇU, 393;;;;;;;;;;;

;;;;;;;;;;;;;;;;;;;;;;;;

7947;G.R RACOES ;;;CRATO;;;;CE;63.119-110;;(88)99329-1226;;;60.560.310/0001-92;;072560010;;;
G. R RACOES ;;;VILA ALTA;;;;RUA HERMENEGILDO FIRMEZA, 119;;;;;;;;;;;

;;;;;;;;;;;;;;;;;;;;;;;;

;;;;;;;;;;;;;;;;;;;;;;;;

ERES Informática LTDA.;;;;;PAG: 207;;;20/08/2026 - 09:44:21;;;025;

;;;;;;;;;;;;;;;;;;;;;;;;
;;;;;;;;;;;;;;;;;;;;;;;;

;;
;;;FRANCISCO LUCIANO ALVES HONORIO ME;;;;;;;
;;;Clientes por Vendedor  ;;;;;
;;

;;;;;;;;;;;;;;;;;;;;;;;;

Código;Nome Cliente;;;Cidade;;;;UF;CEP;;FONE;;;C.P.F./C.N.P.J;;R.G./C.G.F.;;;
Nome Fantasia;;;Bairro;;;;Endereço;;;;;

6148;GENAILTON ALVES DE LIMA;;;CRATO;;;;CE;63.113-700;;(  )99462-4248;;;020.437.443-05;;;;;
CASA DE CARNES 2 IRMAOS;;;SEMINARIO;;;;RUA DUARTE JÚNIOR, 23;;;;;;;;;;;

;;;;;;;;;;;;;;;;;;;;;;;;

7673;GEOVANIA BARROS DE FIGUEIREDO;;;MISSAO VELHA;;;;CE;63.200-000;;(88)98840-1714;;;53.134.091/0001-14;;;;;
AGRO SAO JOAO ;;;CENTRO;;;;R PADRE FELIX, 209;;;;;;;;;;;

;;;;;;;;;;;;;;;;;;;;;;;;

7142;GERDESON BEZERRA DA SILVA ;;;CRATO;;;;CE;63.100-970;;(  )99747-0345;;;061.407.723-03;;;;;
N&C MERCEARIA ;;;MINHA CASA MINHA VIDA VILA SÃO BENTO ;;;;RUA PROJETADA 05, 0;;;;;;;;;;;

;;;;;;;;;;;;;;;;;;;;;;;;

2262;GERUZILENE FERREIRA DE AGUIAR;;;CRATO;;;;CE;63.100-000;;(88) 9614-0458;;;08.164.768/0001-02;;06.196.488-3;;;
MERCADINHO E PADARIA NOVA ESPERANCA;;;LAMEIRO;;;;AV. HORÁCIO PEQUENO, 158;;;;;;;;;;;

;;;;;;;;;;;;;;;;;;;;;;;;

3001;GILBERTO ALVES DA COSTA;;;CRATO;;;;CE;63.100-000;;(88)99924-5283;;;10.814.037/0001-07;;063781913;;;
MERCADINHO COSTA;;;CENTRO;;;;RUA HERMENEGILDO FIRMEZA , 208;;;;;;;;;;;

;;;;;;;;;;;;;;;;;;;;;;;;

6855;GILIARDE LOPES DA SILVA;;;CARIRIACU;;;;CE;63.220-000;;(  )99610-7061;;;049.086.243-80;;;;;
MERCADINHO LOPES;;;CENTRO;;;;RUA. CORONEL VALPINO DA CUNHA, 127;;;;;;;;;;;

;;;;;;;;;;;;;;;;;;;;;;;;

7777;GUILHERME COSTA DE OLIVEIRA ;;;CRATO;;;;CE;63.100-040;;(  )     -    ;;;779.777.503-68;;;;;
OLIVEIRA E COSTA;;;CENTRO;;;;RUA SANTOS DUMONT, 11;;;;;;;;;;;

;;;;;;;;;;;;;;;;;;;;;;;;

7346;GUILHERMY PEREIRA COSTA ;;;BARBALHA;;;;CE;63.180-000;;(88)99915-9902;;;37.482.447/0001-54;;063015390;;;
MERCANTIL PRECO CERTO;;;BULANDEIRA ;;;;AV PAULO MARQUES, 789;;;;;;;;;;;

;;;;;;;;;;;;;;;;;;;;;;;;

8051;GUSTAVO DE ALENCAR PIERRE;;;CRATO;;;;CE;63.100-345;;(88)99654-4998;;;066.837.343-13;;;;;
ANA GEORGIA ;;;CENTRO ;;;;RUA BÁRBARA DE ALENCAR - ATÉ 1109/1110, 1034;;;;;;;;;;;

;;;;;;;;;;;;;;;;;;;;;;;;

7281;HELENO PEDRO;;;BARBALHA;;;;CE;63.180-000;;(88)98142-3615;;;223.345.803-68;;;;;
FRIGORIFICO E SACOLAO ARAJARA;;;SITIO ARAJARA;;;; RUA DO COMÉRCIO , 0;;;;;;;;;;;

;;;;;;;;;;;;;;;;;;;;;;;;

4191;HEMERSON DIEGO BEZERRA LOBO;;;CRATO;;;;CE;63.133-470;;( 8)83523-3878;;;14.954.327/0001-07;;065899130;;;
MERCADINHO SAO JOSE;;;SAO JOSE;;;;RUA DENIZARD MACEDO, 20;;;;;;;;;;;

;;;;;;;;;;;;;;;;;;;;;;;;

7470;HENRILE CESAR NUNES TEIXEIRA ;;;CRATO;;;;CE;63.100-000;;(88)99260-2966;;;549.188.203-87;;;;;
VERDURAO PADRE CICERO ;;;PINTO MADEIRA ;;;;RUA. CORONEL LUDGERO, 215;;;;;;;;;;;

;;;;;;;;;;;;;;;;;;;;;;;;

;;;;;;;;;;;;;;;;;;;;;;;;

ERES Informática LTDA.;;;;;PAG: 208;;;20/08/2026 - 09:44:21;;;025;

;;;;;;;;;;;;;;;;;;;;;;;;
;;;;;;;;;;;;;;;;;;;;;;;;

;;
;;;FRANCISCO LUCIANO ALVES HONORIO ME;;;;;;;
;;;Clientes por Vendedor  ;;;;;
;;

;;;;;;;;;;;;;;;;;;;;;;;;

Código;Nome Cliente;;;Cidade;;;;UF;CEP;;FONE;;;C.P.F./C.N.P.J;;R.G./C.G.F.;;;
Nome Fantasia;;;Bairro;;;;Endereço;;;;;

121;HERBERT XAVIER DO NASCIMENTO;;;BARBALHA;;;;CE;63.180-000;;(88)99665-1742;;;00.276.921/0001-81;;069910880;;;
MINI BOX BABALHENCE;;;CENTRO;;;;RUA PERO COELHO, 376;;;;;;;;;;;

;;;;;;;;;;;;;;;;;;;;;;;;

7888;I. DE SOUSA BRASIL ;;;CRATO;;;;CE;63.119-130;;(88)99908-6484;;;31.461.909/0001-70;;067791662;;;
ATACAREJO SOUSA;;;INDEPENDÊNCIA ;;;;RUA VICENTE LEITE, 222;;;;;;;;;;;

;;;;;;;;;;;;;;;;;;;;;;;;

7914;IAGO FERREIRA SILVA;;;CRATO;;;;CE;  .   -   ;;(88)99859-3927;;;614.764.863-28;;;;;
GEMEOS MERCANTIL ;;;CENTRO;;;;RUA MADRE ANA COUTO, 260;;;;;;;;;;;

;;;;;;;;;;;;;;;;;;;;;;;;

7096;IAN & ELIANE PETSHOP LTDA;;;BARBALHA;;;;CE;63.180-000;;(88)99696-0034;;;43.501.506/0001-97;;070203423;;;
PET MANIA;;;CENTRO;;;;AVENIDA COSTA CAVALCANTE, 1075;;;;;;;;;;;

;;;;;;;;;;;;;;;;;;;;;;;;

7339;IPET CRATO EMPREENDIMENTOS LTDA;;;CRATO;;;;CE;63.100-541;;(88)99806-0102;;;49.110.506/0001-42;;071082557;;;
IPET PET SHOP;;;CENTRO;;;;AV TEODORICO TELES , 472;;;;;;;;;;;

;;;;;;;;;;;;;;;;;;;;;;;;

310;IRISMAR DOS SANTOS PEREIRA DE MELO;;;CARIRIACU;;;;CE;63.220-000;;(  )     -    ;;;74.153.065/0001-03;;068724683;;;
OLIVEIRA MERCANTIL;;;CENTRO;;;;RUA UNIAS SIEBRA, 41;;;;;;;;;;;

;;;;;;;;;;;;;;;;;;;;;;;;

7507;J D RACOES LTDA;;;CRATO;;;;CE;63.100-040;;(88)99932-0525;;;52.004.056/0001-18;;071493379;;;
CENTRO DAS RACOES ;;;CENTRO ;;;;RUA. SANTOS DUMONT , 14;;;;;;;;;;;

;;;;;;;;;;;;;;;;;;;;;;;;

4110;J FERREIRA NETO PADARIA;;;CRATO;;;;CE;63.116-310;;(  )     -    ;;;04.969.862/0001-88;;066637597;;;
;;;SEMINARIO;;;;R LAVRAS DA MANGABEIRA, 1290;;;;;;;;;;;

;;;;;;;;;;;;;;;;;;;;;;;;

7376;JACKSON JOSE DOS SANTOS ;;;BARBALHA;;;;CE;63.180-000;;(88)99234-7078;;;138.673.294-00;;;;;
MERCADINHO CARIRI;;;MALVINAS BARBALHA;;;;AV LUIS GONZAGA, 948;;;;;;;;;;;

;;;;;;;;;;;;;;;;;;;;;;;;

7784;JAIME LUIZ ALVES LTDA;;;BARBALHA;;;;CE; 6.318-000;;(88)99351-9897;;;54.494.918/0001-63;;071860479;;;
MERCANTIL CEARENSE ;;;CENTRO;;;;AV SALUSTRIANO CANUTO DE SOUSA , 93;;;;;;;;;;;

;;;;;;;;;;;;;;;;;;;;;;;;

7231;JAMILLE SA MONTEIRO ;;;BARBALHA;;;;CE;63.180-000;;(88)99775-7766;;;47.675.394/0001-41;;070822220;;;
SA RACOES;;;CONJUNTO NOSSA SENHORA DE FATIMA;;;;R LIDIO DE FREITAS, 450;;;;;;;;;;;

;;;;;;;;;;;;;;;;;;;;;;;;

7844;JAQUELINE NOEL DE MORAIS;;;CRATO;;;;CE;63.132-210;;(88)99462-2999;;;045.396.963-19;;;;;
JAQUELINE NOEL;;;MURITI ;;;;RUA  PARAÍBA, 277;;;;;;;;;;;

;;;;;;;;;;;;;;;;;;;;;;;;

;;;;;;;;;;;;;;;;;;;;;;;;

ERES Informática LTDA.;;;;;PAG: 209;;;20/08/2026 - 09:44:21;;;025;

;;;;;;;;;;;;;;;;;;;;;;;;
;;;;;;;;;;;;;;;;;;;;;;;;

;;
;;;FRANCISCO LUCIANO ALVES HONORIO ME;;;;;;;
;;;Clientes por Vendedor  ;;;;;
;;

;;;;;;;;;;;;;;;;;;;;;;;;

Código;Nome Cliente;;;Cidade;;;;UF;CEP;;FONE;;;C.P.F./C.N.P.J;;R.G./C.G.F.;;;
Nome Fantasia;;;Bairro;;;;Endereço;;;;;

5033;JARDEL RODRIGUES AMARANTES;;;CARIRIACU;;;;CE;63.220-000;;(  )99836-0130;;;027.068.013-60;;;;;
MERCADINHO RODRIGUES;;;PERNAMBUQUINHO;;;;RUA CORONEL BOTELHO, 6;;;;;;;;;;;

;;;;;;;;;;;;;;;;;;;;;;;;

162;JARIOSMAN MAIA FEITOSA;;;CRATO;;;;CE;63.100-310;;(88) 3521-2058;;;12.312.955/0001-63;;06.075.662-4;;;
PITUXA;;;CENTRO;;;;R. MONS.ESMERALDO, 863;;;;;;;;;;;

;;;;;;;;;;;;;;;;;;;;;;;;

2058;JOANA SOBREIRA DE OLIVEIRA;;;CARIRIACU;;;;CE;63.100-000;;( 8)89601-2558;;;196.730.538-20;;;;;
;;;CENTRO;;;;RUA CORONEL VULPINO , 24, 0;;;;;;;;;;;

;;;;;;;;;;;;;;;;;;;;;;;;

7851;JOAO ALVES GONDIM NETO;;;CRATO;;;;CE;63.105-000;;(88)99927-8916;;;201.906.463-49;;;;;
ANIMED;;;PIMENTA;;;;RUA CORONEL ANTÔNIO LUIZ, 0;;;;;;;;;;;

;;;;;;;;;;;;;;;;;;;;;;;;

2860;JOAO ERINALDO DE OLIVEIRA BALTAZAR & CIA LTDA ME;;;BARBALHA;;;;CE;63.180-000;;(88) 8832-3840;;;10.538.943/0001-26;;063730740;;;
MERCADINHO DO NENE;;;BULANDEIRA;;;;AV PAULO MARQUES , 442;;;;;;;;;;;

;;;;;;;;;;;;;;;;;;;;;;;;

7374;JOAO HUMBERTO DUARTE ROCHA ;;;BARBALHA;;;;CE;63.180-000;;(88)99935-5466;;;48.318.726/0001-01;;070928541;;;
VITRINE VET ;;;CENTRO ;;;;RUA SALUSTIANO C SOUZA , 22;;;;;;;;;;;

;;;;;;;;;;;;;;;;;;;;;;;;

7206;JOAO PAULO FERREIRA DA SILVA ;;;CRATO;;;;CE;63.105-000;;(88)99217-4954;;;087.472.773-19;;;;;
MERCADINHO SERVE BEM;;;NOSSA SENHORA DE FATIMA ;;;;RUA VEREADOR PAULO SEVERINO, 218;;;;;;;;;;;

;;;;;;;;;;;;;;;;;;;;;;;;

1850;JOAO PAULO LANDIM BARROS;;;MISSAO VELHA;;;;CE;63.200-000;;(88)99951-3730;;;04.412.026/0001-06;;063099683;;;
 MERCANTIL SAO JOAO;;;CENTRO;;;;RUA PADRE FELIX, 176;;;;;;;;;;;

;;;;;;;;;;;;;;;;;;;;;;;;

6964;JOAO VICTOR BEZERRA GONDIM;;;CRATO;;;;CE;63.105-000;;(87)99935-3282;;;30.358.941/0001-62;;067666205;;;
ANIMED;;;PIMENTA;;;;R CORONEL ANTONIO LUIZ, 1339;;;;;;;;;;;

;;;;;;;;;;;;;;;;;;;;;;;;

6742;JOCELIO BEZERRA DE BRITO;;;CRATO;;;;CE;63.122-015;;(  )99965-4267;;;41.533.079/0001-01;;61554170;;;
KELL PET SHOP;;;SANTA LUZIA;;;;R ANTONIO SAMPAIO BEM, 19;;;;;;;;;;;

;;;;;;;;;;;;;;;;;;;;;;;;

7783;JONAGLEBIO ROCHA SILVA ;;;CRATO;;;;CE;  .   -   ;;(  )     -    ;;;049.234.744-16;;;;;
JR PANIFICADORA ;;;;;;;AV PERIMETRAL DOM FRANCISCO , 166;;;;;;;;;;;

;;;;;;;;;;;;;;;;;;;;;;;;

;;;;;;;;;;;;;;;;;;;;;;;;

ERES Informática LTDA.;;;;;PAG: 210;;;20/08/2026 - 09:44:21;;;025;

;;;;;;;;;;;;;;;;;;;;;;;;
;;;;;;;;;;;;;;;;;;;;;;;;

;;
;;;FRANCISCO LUCIANO ALVES HONORIO ME;;;;;;;
;;;Clientes por Vendedor  ;;;;;
;;

;;;;;;;;;;;;;;;;;;;;;;;;

Código;Nome Cliente;;;Cidade;;;;UF;CEP;;FONE;;;C.P.F./C.N.P.J;;R.G./C.G.F.;;;
Nome Fantasia;;;Bairro;;;;Endereço;;;;;

7912;JONAS PAULINO DE SALES;;;CRATO;;;;CE;63.113-670;;(88)99730-2910;;;48.751.519/0001-38;;071002448;;;
MERCEARIA SALES;;;SEMINÁRIO;;;;RUA ENGENHEIRO FRANCISCO DE PAULA, 376;;;;;;;;;;;

;;;;;;;;;;;;;;;;;;;;;;;;

8229;JORGE NEY LEITE PINHEIRO FILHO;;;CRATO;;;;CE;63.113-640;;(88)99265-0807;;;976.408.323-49;;;;;
MERCADINHO SEMINARIO ;;;SEMINÁRIO;;;;TRAVESSA CARIRIAÇU , 76;;;;;;;;;;;

;;;;;;;;;;;;;;;;;;;;;;;;

7894;JOSE ALVES BEZERRA;;;CRATO;;;;CE;63.100-000;;(88)98842-2922;;;059.154.303-68;;;;;
MERCEARIA BEZERRA;;;CENTRO;;;;CORONEL RAIMUNDO NOVO, 128;;;;;;;;;;;

;;;;;;;;;;;;;;;;;;;;;;;;

6606;JOSE ANCHIETA PEREIRA SILVA;;;CRATO;;;;CE;63.102-205;;(  )98189-4960;;;020.258.533-60;;;;;
PARAISO ANIMAL;;;VILA LOBO;;;;AV ANTÔNIO FERNANDES TELES, 1292;;;;;;;;;;;

;;;;;;;;;;;;;;;;;;;;;;;;

6566;JOSE ARICLENES RODRIGUES;;;BARBALHA;;;;CE;63.180-000;;(  )99985-0624;;;29.047.314/0001-21;;67496644;;;
PARAISO  AGRO PET;;;MALVINAS ;;;;AV LUIZ GONZAGA , 464;;;;;;;;;;;

;;;;;;;;;;;;;;;;;;;;;;;;

3232;JOSE CARLOS ALVES DE ALMEIDA;;;BARBALHA;;;;CE;63.180-000;;( 8)83532-1463;;;106.725.518-45;;;;;
JOSE CARLOS;;;CENTRO;;;;R. DOS CARIRIS, 282;;;;;;;;;;;

;;;;;;;;;;;;;;;;;;;;;;;;

5360;JOSE DE SOUSA BEZERRA;;;CRATO;;;;CE;63.132-085;;(88) 3521-3716;;;545.609.423-15;;;;;
MERCADINHO MURITI PROXIMO A ESTATUA SA SANTA;;;MURITI;;;;RUA CALORE, 47;;;;;;;;;;;

;;;;;;;;;;;;;;;;;;;;;;;;

7761;JOSE DO NASCIMENTO SANTOS;;;JUAZEIRO DO NORTE;;;;CE;63.100-000;;(21)97901-1521;;;55.098.747/0001-16;;071900934;;;
AGRO SANTOS ;;;SALESIANOS ;;;;RUA MONSENHOR LIMA , 153;;;;;;;;;;;

;;;;;;;;;;;;;;;;;;;;;;;;

6822;JOSE EDMILSON MESSIAS;;;CRATO;;;;CE;63.125-225;;(  )99478-6826;;;753.881.544-91;;;;;
MERCADINHO CONVIVER;;;MIRANDAO;;;;RUA SAO NICOLAU, 244;;;;;;;;;;;

;;;;;;;;;;;;;;;;;;;;;;;;

7424;JOSE ELISMAR DE VASCONCELOS E SA;;;BARBALHA;;;;CE;63.180-000;;(88)99785-6325;;;63.455.364/0001-86;;067045197;;;
FARMACIA SAO FRANCISCO;;;CENTRO;;;;RUA NEZINHO DE SA, 89;;;;;;;;;;;

;;;;;;;;;;;;;;;;;;;;;;;;

3890;JOSE FABIANO TAVEIRA DE SALES;;;CRATO;;;;CE;63.102-200;;(88)99241-5573;;;046.225.593-07;;;;;
MERCEARIA DO DEDA;;;PINTO MADEIRA;;;;RODOVIA PINTO MADEIRA, 254;;;;;;;;;;;

;;;;;;;;;;;;;;;;;;;;;;;;

7480;JOSE FABIO TAVARES DANTAS;;;MISSAO VELHA;;;;CE;63.200-000;;(88)99915-9885;;;809.062.493-68;;;;;
SUPERMERCADO DO DEUZIMAR;;;SITIO PINHEIRO;;;;SITIO PINHEIRO, 0;;;;;;;;;;;

;;;;;;;;;;;;;;;;;;;;;;;;

;;;;;;;;;;;;;;;;;;;;;;;;

ERES Informática LTDA.;;;;;PAG: 211;;;20/08/2026 - 09:44:21;;;025;

;;;;;;;;;;;;;;;;;;;;;;;;
;;;;;;;;;;;;;;;;;;;;;;;;

;;
;;;FRANCISCO LUCIANO ALVES HONORIO ME;;;;;;;
;;;Clientes por Vendedor  ;;;;;
;;

;;;;;;;;;;;;;;;;;;;;;;;;

Código;Nome Cliente;;;Cidade;;;;UF;CEP;;FONE;;;C.P.F./C.N.P.J;;R.G./C.G.F.;;;
Nome Fantasia;;;Bairro;;;;Endereço;;;;;

315;JOSE HAROLDO CALIXTO DE OLIVEIRA;;;CARIRIACU;;;;CE;63.220-000;;(  )99602-3373;;;01.402.925/0001-21;;069786267;;;
JOSE HAROLDO;;;CENTRO;;;;RUA CORONEL VULPINO, 113;;;;;;;;;;;

;;;;;;;;;;;;;;;;;;;;;;;;

3849;JOSE LUCIANO PIERRE ME;;;CRATO;;;;CE;63.100-020;;(88) 8803-0929;;;12.404.114/0001-86;;064092755;;;
ANA GEORGIA;;;CENTRO;;;;R. JOSE CARVALHO, 103;;;;;;;;;;;

;;;;;;;;;;;;;;;;;;;;;;;;

7225;JOSE MARCOS PEREIRA DE LIMA;;;CRATO;;;;CE;63.100-000;;(88)99470-2040;;;034.001.924-73;;;;;
MERCADINHO DO BAIRRO;;;VILA ALTA;;;;RUA JOAO FELIPE , 10;;;;;;;;;;;

;;;;;;;;;;;;;;;;;;;;;;;;

2928;JOSE MARIANO DOS SANTOS;;;CRATO;;;;CE;63.101-020;;(88)35232-693 ;;;05.695.070/0001-25;;066806372;;;
;;;PINTO MADEIRA;;;;RUA PADRE IBIAPINA 534, 0;;;;;;;;;;;

;;;;;;;;;;;;;;;;;;;;;;;;

8175;JOSE MICHAEL LEITE DE SOUSA;;;CRATO;;;;CE;63.122-440;;(88) 9335-0811;;;62.186.922/0001-92;;072769661;;;
MEU XODO CRATO;;;SAO MIGUEL;;;;AVENIDA PADRE CICERO ate 1832 - lado par, 1052;;;;;;;;;;;

;;;;;;;;;;;;;;;;;;;;;;;;

7615;JOSE MILFONT BRAZ FERREIRA ;;;CRATO;;;;CE;63.139-500;;( 8)88108-7198;;;851.898.203-00;;;;;
MERCADINHO BELA VISTA ;;;BELA VISTA ;;;;RUA PADRE CICERO , 194;;;;;;;;;;;

;;;;;;;;;;;;;;;;;;;;;;;;

7802;JOSE NILDO ALMEIDA DE CARVALHO ;;;CRATO;;;;CE;63.113-640;;(88)99761-4699;;;552.385.995-87;;;;;
CASA DE CARNE NS SENHORA CONCEICAO ;;;SEMINÁRIO ;;;;TRAVESSA CARIRIAÇU , 684;;;;;;;;;;;

;;;;;;;;;;;;;;;;;;;;;;;;

5324;JOSE ROSIELDO FIGUEIREDO SILVA ME;;;CRATO;;;;CE;63.107-090;;(88)99929-9960;;;01.838.583/0001-97;;064384217;;;
ELDER;;;OSSEAN ARARIPE;;;;AV SAO SEBASTIAO, 1941;;;;;;;;;;;

;;;;;;;;;;;;;;;;;;;;;;;;

6178;JOSENILDE CANDIDO DOS SANTOS;;;BARBALHA;;;;CE;63.180-000;;(  )98107-7981;;;007.624.443-12;;;;;
CAPOTE RACOES;;;SANTO ANTONIO;;;;AV . ANTONIO CORREIA SARAIVA, 284;;;;;;;;;;;

;;;;;;;;;;;;;;;;;;;;;;;;

8171;JOSIVALDO PEREIRA E SOUZA;;;BARBALHA;;;;CE;  .   -   ;;(88)98103-3048;;;003.630.373-90;;;;;
Q-XIM;;;CIROLANDIA;;;;RUA 17 DE AGOSTO , 773;;;;;;;;;;;

;;;;;;;;;;;;;;;;;;;;;;;;

2206;JUAREZ DE SOUSA ME;;;CRATO;;;;CE;63.100-000;;(  ) 3521-5189;;;69.709.012/0001-96;;069054398;;;
COMERCIAL J C;;;CENTRO;;;;R.MADRE ANA COUTO, 260;;;;;;;;;;;

;;;;;;;;;;;;;;;;;;;;;;;;

7810;JULIANA PAULINO GOMES DA SILVA;;;CRATO;;;;CE;63.122-430;;(  )     -    ;;;52.614.015/0001-43;;71985662;;;
AGRO SOUSA;;;SÃO MIGUEL ;;;;AVENIDA TEODORICO TELES - DE 152 AO FIM - LADO PAR, 308;;;;;;;;;;;

;;;;;;;;;;;;;;;;;;;;;;;;

;;;;;;;;;;;;;;;;;;;;;;;;

ERES Informática LTDA.;;;;;PAG: 212;;;20/08/2026 - 09:44:21;;;025;

;;;;;;;;;;;;;;;;;;;;;;;;
;;;;;;;;;;;;;;;;;;;;;;;;

;;
;;;FRANCISCO LUCIANO ALVES HONORIO ME;;;;;;;
;;;Clientes por Vendedor  ;;;;;
;;

;;;;;;;;;;;;;;;;;;;;;;;;

Código;Nome Cliente;;;Cidade;;;;UF;CEP;;FONE;;;C.P.F./C.N.P.J;;R.G./C.G.F.;;;
Nome Fantasia;;;Bairro;;;;Endereço;;;;;

7872;JULIO FERNANDO DOS SANTOS SOUSA;;;CRATO;;;;CE;63.102-200;;(88)98179-4586;;;090.154.413-24;;;;;
MERCADINHO DO FABIO ;;;VILA LOBO ;;;;RODOVIA PINTO MADEIRA, 1344;;;;;;;;;;;

;;;;;;;;;;;;;;;;;;;;;;;;

5166;JULIO WENDELL MELO DE LIMA;;;BARBALHA;;;;CE;63.180-000;;(88)98115-2120;;;047.744.543-89;;000000000;;;
MERCADINHO SAO FRANCISCO;;;CALDAS;;;;R DANIEL CORDEIRO NEVES, 58;;;;;;;;;;;

;;;;;;;;;;;;;;;;;;;;;;;;

7904;Jose Gabriel Bezerra da Silva;;;CRATO;;;;CE;63.113-630;;(88)99257-2484;;;063.897.643-08;;;;;
RESIDENCIA PARTICULAR ;;;SEMINÁRIO;;;;TRAVESSA BARBALHA, 384;;;;;;;;;;;

;;;;;;;;;;;;;;;;;;;;;;;;

8167;L & E RACOES LTDA ;;;CARIRIACU;;;;CE; 6.320-000;;(81)98318-3837;;;65.222.451/0001-19;;073164518;;;
 L & E RACOES LTDA ;;;CENTRO;;;;RUA CORONEL BOTELHO, 351;;;;;;;;;;;

;;;;;;;;;;;;;;;;;;;;;;;;

8117;L E S LIMA AGRO VETERINARIA ;;;BARBALHA;;;;CE;63.200-000;;(88)99299-4508;;;31.041.716/0001-60;;0677721478;;;
L E S LIMA ;;;CENTRO ;;;;RUA CORONEL JOSE DANTAS, 557;;;;;;;;;;;

;;;;;;;;;;;;;;;;;;;;;;;;

8186;LEANDRO FERNANDES ROQUE;;;CARIRIACU;;;;CE;  .   -   ;;(88)99916-8623;;;120.005.763-54;;;;;
LEANDRO FERNANDES ROQUE;;;JOSE AGOSTINHO ;;;;RUA LUIS ROLIM , 449;;;;;;;;;;;

;;;;;;;;;;;;;;;;;;;;;;;;

317;LEONCIO FRANCISCO DOS SANTOS;;;CARIRIACU;;;;CE;63.220-000;;(  )     -    ;;;799.920.308-44;;;;;
LEONCIO;;;CENTRO;;;;RUA CORONEL VULPINO, 173;;;;;;;;;;;

;;;;;;;;;;;;;;;;;;;;;;;;

7845;LEONIDAS ROSENDO DA SILVA & CIA LTDA;;;BARBALHA;;;;CE;63.090-520;;( 8)83532-0110;;;72.171.267/0003-14;;072175907;;;
SUPERMERCADO OPCAO BELA VISTA;;;BELA VISTA;;;;AV DOUTOR ANTONIO CORREIA SARAIVA, 517;;;;;;;;;;;

;;;;;;;;;;;;;;;;;;;;;;;;

6743;LEONIDAS ROSENDO DA SILVA & CIA LTDA;;;JUAZEIRO DO NORTE;;;;CE;63.028-110;;(  )99917-8076;;;72.171.267/0002-33;;061220728;;;
MERCANTIL OPCAO;;;FRANCISCANOS;;;;RUA NOSSA SENHORA DO CARMO, 65;;;;;;;;;;;

;;;;;;;;;;;;;;;;;;;;;;;;

8085;LEUDO CARNEIRO DE LIMA ;;;CRATO;;;;CE;63.123-160;;(88)99931-6460;;;50.994.981/0001-08;;071348182;;;
MERCADINHO BEB ;;;SÃO BENTO;;;;RUA JÚLIO MATIAS DE OLIVEIRA de 500/501 a 1818/1819, 598;;;;;;;;;;;

;;;;;;;;;;;;;;;;;;;;;;;;

5867;LUANA ALEXANDRE DE OLIVEIRA SILVA;;;CRATO;;;;CE;63.119-075;;(88)98872-1897;;;070.701.423-90;;;;;
"MERCADINHO LG "" DE LUCIANA""";;;VILA ALTA;;;;CORONEL JOSE MAIA, 742;;;;;;;;;;;

;;;;;;;;;;;;;;;;;;;;;;;;

8081;LUCAS BEZERRA BRASIL;;;CRATO;;;;CE;63.100-000;;(88)98183-2497;;;073.950.553-06;;;;;
MERCADINHO PADRE CICERO;;;MADRE FEITOSA CONJ ;;;;RUA 10 , 346;;;;;;;;;;;

;;;;;;;;;;;;;;;;;;;;;;;;

;;;;;;;;;;;;;;;;;;;;;;;;

ERES Informática LTDA.;;;;;PAG: 213;;;20/08/2026 - 09:44:21;;;025;

;;;;;;;;;;;;;;;;;;;;;;;;
;;;;;;;;;;;;;;;;;;;;;;;;

;;
;;;FRANCISCO LUCIANO ALVES HONORIO ME;;;;;;;
;;;Clientes por Vendedor  ;;;;;
;;

;;;;;;;;;;;;;;;;;;;;;;;;

Código;Nome Cliente;;;Cidade;;;;UF;CEP;;FONE;;;C.P.F./C.N.P.J;;R.G./C.G.F.;;;
Nome Fantasia;;;Bairro;;;;Endereço;;;;;

7433;LUCAS TAVARES DE BARROS ;;;BARBALHA;;;;CE;63.180-000;;(88)98141-2549;;;47.294.869/0001-50;;;;;
LL CONSTRUCAO ;;;ARAJARA;;;; DT ARAJARA, 6;;;;;;;;;;;

;;;;;;;;;;;;;;;;;;;;;;;;

3644;LUCIANA FERREIRA DA CRUZ;;;CARIRIACU;;;;CE;63.220-000;;(88)99912-7148;;;043.264.393-19;;;;;
DEZA MERCANTIL;;;CENTRO;;;;R. CORONEL BOTELHO, 489;;;;;;;;;;;

;;;;;;;;;;;;;;;;;;;;;;;;

7472;LUCIANO DE LIMA SILVA;;;CRATO;;;;CE;63.115-110;;(88)99277-9967;;;45.602.290/0001-81;;070505802;;;
HORA DO PAO;;;GISELIA PINHEIRO;;;;RUA SAO RAIMUNDO, 72;;;;;;;;;;;

;;;;;;;;;;;;;;;;;;;;;;;;

7425;LUIZ CALIXTO DE BRITO;;;CARIRIACU;;;;CE;63.220-000;;(  )9.362-1222;;;768.253.103-72;;;;;
CASA DOS BICHOS ;;;CENTRO ;;;;RUA MESTRE NECO, 185;;;;;;;;;;;

;;;;;;;;;;;;;;;;;;;;;;;;

7211;M D DOS SANTOS COMERCIO;;;CRATO;;;;CE;63.122-440;;(88)99653-4079;;;40.046.925/0001-98;;061306401;;;
RECANTO DAS CARNES;;;SAO MIGUEL;;;;AV PADRE CICERO, 938;;;;;;;;;;;

;;;;;;;;;;;;;;;;;;;;;;;;

7361;M L DA CONCEICAO-ME;;;MISSAO VELHA;;;;CE;63.200-000;;(88)99927-4643;;;47.259.632/0001-38;;070771650;;;
MERCADINHO SANTO INACIO;;;CENTRO ;;;;RUA AFONSO RIBEIRO, 115;;;;;;;;;;;

;;;;;;;;;;;;;;;;;;;;;;;;

8144;MACIEL DE MOURA CAMPOS;;;BARBALHA;;;;CE;63.180-000;;(81)99655--163;;;60.825.562/0001-04;;072597380;;;
RACOES E CIA;;;CENTRO;;;;AVENIDA BEIRA BREJO , 255;;;;;;;;;;;

;;;;;;;;;;;;;;;;;;;;;;;;

6083;MARCIO MORAIS DE BRITO JUNIOR;;;CRATO;;;;CE;63.000-100;;(88)98821-6948;;;012.200.303-92;;20020305140;;;
MERCADINHO LUNA;;;CENTRO;;;;RUA NELSON ALENCAR , 186;;;;;;;;;;;

;;;;;;;;;;;;;;;;;;;;;;;;

873;MARCIO PEREIRA DE LIMA;;;MISSAO VELHA;;;;CE;63.200-000;;(88) 3542-1399;;;23.598.774/0001-61;;060634774;;;
SANTA EDWIGES;;;CENTRO;;;;RUA DOM BOSCO, 724;;;;;;;;;;;

;;;;;;;;;;;;;;;;;;;;;;;;

5008;MARCONDES INACIO FURTADO;;;CRATO;;;;CE;63.119-060;;(88)98814-0110;;;050.911.933-67;;;;;
;;;VILA ALTA;;;;R DR ROLIM , 569;;;;;;;;;;;

;;;;;;;;;;;;;;;;;;;;;;;;

7898;MARCOS ANTONIO DE SOUSA SILVA;;;CRATO;;;;CE;63.130-116;;(88)99358-0891;;;49.236.360/0001-86;;071085378;;;
MERCADINHO ESPERANCA JOSY;;;NOSSA SENHORA DE FÁTIMA;;;;RUA VICENTE ARAÚJO DOS SANTOS, 18;;;;;;;;;;;

;;;;;;;;;;;;;;;;;;;;;;;;

7244;MARCOS ANTONIO DE SOUSA SILVA;;;CRATO;;;;CE;63.130-116;;(88)99795-3022;;;779.846.843-91;;;;;
MERCANTIL ESPERANCA ;;;BARRO BRANCO;;;;RUA VICENTE ARAUJO DOS SANTOS , 18;;;;;;;;;;;

;;;;;;;;;;;;;;;;;;;;;;;;

;;;;;;;;;;;;;;;;;;;;;;;;

ERES Informática LTDA.;;;;;PAG: 214;;;20/08/2026 - 09:44:21;;;025;

;;;;;;;;;;;;;;;;;;;;;;;;
;;;;;;;;;;;;;;;;;;;;;;;;

;;
;;;FRANCISCO LUCIANO ALVES HONORIO ME;;;;;;;
;;;Clientes por Vendedor  ;;;;;
;;

;;;;;;;;;;;;;;;;;;;;;;;;

Código;Nome Cliente;;;Cidade;;;;UF;CEP;;FONE;;;C.P.F./C.N.P.J;;R.G./C.G.F.;;;
Nome Fantasia;;;Bairro;;;;Endereço;;;;;

7744;MARCOS DANUBIO SILVA FEITOSA;;;CRATO;;;;CE;63.118-195;;(  )     -    ;;;077.771.893-60;;;;;
MARCOS DANUBIO;;;PARQUE RECREIO;;;;RUA FRANCISCA DE AQUINO, 118;;;;;;;;;;;

;;;;;;;;;;;;;;;;;;;;;;;;

2099;MARIA ADRIANA SALES;;;CRATO;;;;CE;63.100-000;;( 8)88818-3960;;;986.292.803-44;;;;;
MOITA;;;PINTO MADEIRA;;;;AV PERIMETRAL, 135;;;;;;;;;;;

;;;;;;;;;;;;;;;;;;;;;;;;

3433;MARIA ALICE CALADO MORAES;;;CRATO;;;;CE;63.101-310;;( 8)83523-2610;;;06.157.281/0001-77;;066891817;;;
MUNDO ANIMAL;;;CENTRO;;;;AV.DUQUE DE CAXIAS,, 698;;;;;;;;;;;

;;;;;;;;;;;;;;;;;;;;;;;;

7754;MARIA APARECIDA DE BRITO ;;;CRATO;;;;CE;63.100-000;;(  )     -    ;;;650.950.733-15;;;;;
COMERCIAL SENHORA SANTANA ;;;MURITI;;;;R FRANCISCO ESMERALDO DE MELO, 224;;;;;;;;;;;

;;;;;;;;;;;;;;;;;;;;;;;;

8071;MARIA CECILIA PEREIRA ;;;CRATO;;;;CE;63.113-080;;(88)99343-7577;;;32.603.584/0001-86;;067987222;;;
CANTINHO PET;;;NOVO CRATO;;;;RUA JOÃO ALVES ROCHA lado ímpar, 695;;;;;;;;;;;

;;;;;;;;;;;;;;;;;;;;;;;;

6159;MARIA DE LOURDES DA CONCEICAO;;;CRATO;;;;CE;62.370-000;;(88)99718-3694;;;16.697.841/0001-30;;066124506;;;
MERCADINHO AS MENINAS;;;VALE DO AMANHECER;;;;SITIO SAO VICENTE, 19;;;;;;;;;;;

;;;;;;;;;;;;;;;;;;;;;;;;

7220;MARIA EDUARDA GONCALVES DA SILVA;;;BARBALHA;;;;CE;63.180-000;;(88)98804-8350;;;238.261.358-06;;;;;
AGROCAMPO;;;CENTRO;;;; AV JOSE BERNARDINO, 64;;;;;;;;;;;

;;;;;;;;;;;;;;;;;;;;;;;;

7768;MARIA ELIZIANE DE LIMA SILVA;;;CRATO;;;;CE;63.115-210;;(88)99974-2431;;;44.896.472/0001-40;;070410321;;;
VERDURAO SANTO EXPEDITO ;;;PARQUE RECREIO ;;;;RUA SAO JOSE, 165;;;;;;;;;;;

;;;;;;;;;;;;;;;;;;;;;;;;

153;MARIA ERMELINDA MARTINS RODRIGUES - ME;;;CRATO;;;;CE;63.105-190;;(  ) 3521-3613;;;41.647.637/0001-51;;069054258;;;
MERCANTIL MOURAO;;;PIMENTA;;;;RUA PADRE DAVID MOREIRA, 64;;;;;;;;;;;

;;;;;;;;;;;;;;;;;;;;;;;;

5675;MARIA FABIANA TAVEIRA DE SALES;;;CRATO;;;;CE;63.101-300;;(  ) 2141-8041;;;937.431.813-04;;;;;
VERDURAO PADRE CICERO;;;PINTO MADEIRA;;;;RUA CORONEL LUDUGERO, 215;;;;;;;;;;;

;;;;;;;;;;;;;;;;;;;;;;;;

7769;MARIA FRANCELINO MENDES DOS SANTOS;;;CRATO;;;;CE;63.106-150;;(88)99873-8697;;;55.044.165/0001-57;;071893750;;;
TELE RACOES ;;;PARQUE GRANGEIRO ;;;;RUA CELSO DE OLIVEIRA, 10;;;;;;;;;;;

;;;;;;;;;;;;;;;;;;;;;;;;

7651;MARIA HONORATO PAULO;;;MISSAO VELHA;;;;CE;63.200-000;;(88)99880-1697;;;739.610.193-04;;;;;
MERCANTIL SARAIVA;;;VILA EXTREMA;;;;R RAIMUNDO NONATO SARAIVA , 120;;;;;;;;;;;

;;;;;;;;;;;;;;;;;;;;;;;;

;;;;;;;;;;;;;;;;;;;;;;;;

ERES Informática LTDA.;;;;;PAG: 215;;;20/08/2026 - 09:44:21;;;025;

;;;;;;;;;;;;;;;;;;;;;;;;
;;;;;;;;;;;;;;;;;;;;;;;;

;;
;;;FRANCISCO LUCIANO ALVES HONORIO ME;;;;;;;
;;;Clientes por Vendedor  ;;;;;
;;

;;;;;;;;;;;;;;;;;;;;;;;;

Código;Nome Cliente;;;Cidade;;;;UF;CEP;;FONE;;;C.P.F./C.N.P.J;;R.G./C.G.F.;;;
Nome Fantasia;;;Bairro;;;;Endereço;;;;;

5552;MARIA LUIZ A SANTOS DE SOUSA;;;CRATO;;;;CE;63.122-000;;(  )     -    ;;;005.486.493-32;;;;;
MERCADINHO;;;GRANGEIRO;;;;RUA MARCOS MATIAS, 184;;;;;;;;;;;

;;;;;;;;;;;;;;;;;;;;;;;;

2260;MARIA REGIA COELHO OLIVEIRA SAMPAIO EPP;;;BARBALHA;;;;CE;63.180-000;;(88)99201-0541;;;03.220.281/0001-86;;062831127;;;
CASA DO FAZENDEIRO;;;CENTRO;;;;RUA NEZINHO DE SA, 89;;;;;;;;;;;

;;;;;;;;;;;;;;;;;;;;;;;;

6326;MARIA ROSANGELA SANTANA;;;BARBALHA;;;;CE;63.180-000;;(  )99638-2196;;;33.626.472/0001-03;;069411948;;;
AGROPEC ESTIMADOS;;;ALTO DA ALEGRIA;;;;RUA ANTONIO MANOEL  DE QUEIROZ, 306;;;;;;;;;;;

;;;;;;;;;;;;;;;;;;;;;;;;

309;MARIA SEIZA DE MORAIS FEITOSA                       ;;;CARIRIACU;;;;CE;63.220-000;;(88)99689-5666;;;69.371.342/0001-14;;068724535;;;
SUPERMECADO CICERO KELE;;;CONJ.SANTO ANTONIO;;;;RUA CLEMENTE FERREIRA BORGES, 17;;;;;;;;;;;

;;;;;;;;;;;;;;;;;;;;;;;;

304;MARIA SOARES DE SANTANA;;;CARIRIACU;;;;CE;63.220-000;;( 8)89913-7992;;;01.003.366/0001-87;;069682232;;;
ANTONIO FERNANDES;;;CENTRO;;;;R. CORONEL BOTELHO,506, 0;;;;;;;;;;;

;;;;;;;;;;;;;;;;;;;;;;;;

4839;MARIA SOCORRO L. SANTOS;;;CARIRIACU;;;;CE;63.220-000;;(  )99904-6696;;;102.422.817-70;;;;;
SAGRADA FAMILIA;;;PERNAMBUQUINHO;;;;AV. CACHIMBAO / ESTRADA PARA MIRAGEM, 116;;;;;;;;;;;

;;;;;;;;;;;;;;;;;;;;;;;;

7242;MARIA VANIA DO NASCIMENTO;;;BARBALHA;;;;CE;63.180-000;;(88)99350-7635;;;38.011.684/0001-08;;061445584;;;
MERCADINHO PAN;;;ROSARIO;;;;RUA PADRE CORREIA, 263;;;;;;;;;;;

;;;;;;;;;;;;;;;;;;;;;;;;

237;MARIA VIEIRA LOPES;;;MISSAO VELHA;;;;CE;63.200-000;;(88) 9965-8885;;;72.110.836/0001-50;;060634529;;;
COMERCIAL BRITO;;;CENTRO;;;;RUA CORONEL JOSE  DANTAS, 1125;;;;;;;;;;;

;;;;;;;;;;;;;;;;;;;;;;;;

7243;MARILENE CARLOS DOS SANTOS LUZ;;;BARBALHA;;;;CE;63.180-000;;(88)99458-2290;;;24.444.067/0001-83;;;;;
MERCANTIL DA PAZ;;;SITIO MATA;;;;RUA BREJO SANTO, 174;;;;;;;;;;;

;;;;;;;;;;;;;;;;;;;;;;;;

115;MARILUZ GRANGEIRO SAMPAIO;;;BARBALHA;;;;CE;63.180-000;;(88) 3532-0741;;;02.707.898/0001-68;;062710737;;;
MERCANTIL SANTA MARIA;;;CENTRO;;;;RUA  SETE DE SETEMBRO, 22;;;;;;;;;;;

;;;;;;;;;;;;;;;;;;;;;;;;

8086;MATHEUS ROBERTO GALVAO;;;CRATO;;;;CE;63.122-435;;(88)99615-2624;;;47.544.753/0001-21;;;;;
VETFARMA;;;SAO MIGUEL;;;;RUA CORONEL FRANCISCO JOSE DE BRITO de 300/301 ao fim, 308;;;;;;;;;;;

;;;;;;;;;;;;;;;;;;;;;;;;

3886;MAURICIO OLIVEIRA LIMA;;;CRATO;;;;CE;63.113-090;;(88) 3523-2004;;;311.501.283-72;;;;;
MERCANTIL MAE RAINHA;;;NOVO CRATO;;;;RUA JOSE NOROES MAIA, 32;;;;;;;;;;;

;;;;;;;;;;;;;;;;;;;;;;;;

;;;;;;;;;;;;;;;;;;;;;;;;

ERES Informática LTDA.;;;;;PAG: 216;;;20/08/2026 - 09:44:21;;;025;

;;;;;;;;;;;;;;;;;;;;;;;;
;;;;;;;;;;;;;;;;;;;;;;;;

;;
;;;FRANCISCO LUCIANO ALVES HONORIO ME;;;;;;;
;;;Clientes por Vendedor  ;;;;;
;;

;;;;;;;;;;;;;;;;;;;;;;;;

Código;Nome Cliente;;;Cidade;;;;UF;CEP;;FONE;;;C.P.F./C.N.P.J;;R.G./C.G.F.;;;
Nome Fantasia;;;Bairro;;;;Endereço;;;;;

7442;MAURO FABIO GONZAGA DOS SANTOS;;;BARBALHA;;;;CE;63.180-000;;(88)99455-9385;;;064.550.293-64;;;;;
E+ ANIMAIS;;;NOSSA SENHORA DE FATIMA;;;;RUA JOAO SARAIVA DA CRUZ, 313;;;;;;;;;;;

;;;;;;;;;;;;;;;;;;;;;;;;

8006;MAYLA STEFANNE SANTOS MAGALHAES ;;;CRATO;;;;CE;63.133-520;;(88)98149-2646;;;070.841.803-11;;;;;
;;;SÃO JOSÉ ;;;;RUA RAIMUNDO SIEBRA, 15;;;;;;;;;;;

;;;;;;;;;;;;;;;;;;;;;;;;

8013;MERCADINHO BELA VISTA LTDA ;;;CRATO;;;;CE;63.139-500;;(88)98108-7198;;;31.196.963/0001-36;;070144176;;;
MERCADINHO BELA VISTA ;;; BELA VISTA ;;;;VL PADRE CÍCERO , 194;;;;;;;;;;;

;;;;;;;;;;;;;;;;;;;;;;;;

8161;MERCADINHO BODEGA DO PADEIRO;;;CRATO;;;;CE;63.100-310;;(88)98141-6941;;;62.803.916/0001-37;;072844752;;;
MERCADINHO BODEGA DO PADEIRO;;;CENTRO;;;;RUA INDUSTRIAL FRANCISCO BORGES , 649;;;;;;;;;;;

;;;;;;;;;;;;;;;;;;;;;;;;

7791;MERCADINHO NOSSA SENHORA APARECIDA LTDA.;;;CRATO;;;;CE;63.113-585;;(  )     -    ;;;30.810.537/0001-88;;067681549;;;
MERCADINHO NOSSA SENHORA APARECIDA;;;SEMINÁRIO ;;;;RUA DUARTE JÚNIOR, 20;;;;;;;;;;;

;;;;;;;;;;;;;;;;;;;;;;;;

7913;MIB GONCALVES COMERCIO E MERCADINHO LTDA;;;CRATO;;;;CE;63.119-340;;(88)99916-0590;;;58.519.997/0001-70;;072311185;;;
MIB COMERCIO;;;VILA ALTA;;;;AVENIDA THOMAZ OSTERNES DE ALENCAR, 3015;;;;;;;;;;;

;;;;;;;;;;;;;;;;;;;;;;;;

6160;MICHELLE SANTOS RIBEIRO;;;CRATO;;;;CE; 6.300-000;;(  ) 3521-0021;;;630.831.593-15;;;;;
O GELADAO;;;CENTRO;;;;RUA DOS CARIRIS, 51;;;;;;;;;;;

;;;;;;;;;;;;;;;;;;;;;;;;

6910;NAGELA DE ARAUJO SANTANA;;;CRATO;;;;CE;63.113-630;;(  )98827-6621;;;025.419.523-76;;;;;
MERCADINHO SAO BENTO;;;SEMINÁRIO;;;;TRAVESSA BARBALHA, 372;;;;;;;;;;;

;;;;;;;;;;;;;;;;;;;;;;;;

7982;NATALIA GONCALVES BRAGANCA ALVES;;;CRATO;;;;CE;63.101-240;;(88)99311-9059;;;26.379.663/0001-52;;065472284;;;
CHICO VIEIRA ;;;CENTRO;;;;RUA TEOPISTO ABATH, 334;;;;;;;;;;;

;;;;;;;;;;;;;;;;;;;;;;;;

6917;NAYRON SANTANA BRITO;;;CRATO;;;;CE;66.123-020;;(  )99234-1265;;;44.762.587/0001-41;;070376026;;;
AGROPET STORE;;;SÃO BENTO;;;;RUA PADRE NOBRE, 132;;;;;;;;;;;

;;;;;;;;;;;;;;;;;;;;;;;;

8204;NEM MERCANTIL LTDA;;;BARBALHA;;;;CE;63.090-680;;(88)99460-5246;;;53.287.989/0001-22;;071690964;;;
NEM MERCANTIL LTDA;;;SANTO ANTÔNIO;;;;AVENIDA ENGENHEIRO PAULO MAURÍCIO CASTELO BRANCO SAMPAIO , 679;;;;;;;;;;;

;;;;;;;;;;;;;;;;;;;;;;;;

;;;;;;;;;;;;;;;;;;;;;;;;

ERES Informática LTDA.;;;;;PAG: 217;;;20/08/2026 - 09:44:21;;;025;

;;;;;;;;;;;;;;;;;;;;;;;;
;;;;;;;;;;;;;;;;;;;;;;;;

;;
;;;FRANCISCO LUCIANO ALVES HONORIO ME;;;;;;;
;;;Clientes por Vendedor  ;;;;;
;;

;;;;;;;;;;;;;;;;;;;;;;;;

Código;Nome Cliente;;;Cidade;;;;UF;CEP;;FONE;;;C.P.F./C.N.P.J;;R.G./C.G.F.;;;
Nome Fantasia;;;Bairro;;;;Endereço;;;;;

7921;PAULO HENRIQUE SILVA COSTA ;;;CRATO;;;;CE;63.100-100;;(88)99453-0209;;;021.100.193-79;;;;;
PARTICULAR;;;CENTRO;;;;RUA TRISTÃO GONÇALVES, 75;;;;;;;;;;;

;;;;;;;;;;;;;;;;;;;;;;;;

3225;PEDRO AUCILANIO SAMPAIO;;;MISSAO VELHA;;;;CE;63.200-000;;(88)99970-5108;;;458.990.533-72;;;;;
CASA BELGA;;;CENTRO;;;;AV. CORONEL JOSE DANTAS, 2059;;;;;;;;;;;

;;;;;;;;;;;;;;;;;;;;;;;;

7731;PEDRO DERMAN SOARES BRITO;;;CARIRIACU;;;;CE;63.220-000;;(88)99403-5645;;;37.402.122/0001-14;;062813439;;;
MERCANTIL NO PRECO;;;MESTRE NECO;;;;RUA MESTRE NECO , 40;;;;;;;;;;;

;;;;;;;;;;;;;;;;;;;;;;;;

8125;PEDRO GEORGE FARIAS CRUZ;;;BARBALHA;;;;CE;63.093-002;;(88)99917-0381;;;086.701.973-59;;;;;
AGROPET SAMPAIO;;;MALVINAS;;;;AVENIDA LUIZ LUA GONZAGA de 299/300 ao fim, 598;;;;;;;;;;;

;;;;;;;;;;;;;;;;;;;;;;;;

177;RAIMUNDA NILDA DA SILVA;;;CRATO;;;;CE;63.113-500;;(88) 3523-2614;;;308.028.733-91;;;;;
CARMOSINA;;;SEMINARIO;;;;RUA CORONEL LUIS TEIXEIRA, 1703;;;;;;;;;;;

;;;;;;;;;;;;;;;;;;;;;;;;

7529;RAIMUNDA PEREIRA DA CUNHA;;;CRATO;;;;CE;63.100-045;;(  )99997-0980;;;38.142.425/0001-08;;061657344;;;
AGROSINDI;;;CENTRO;;;;RUA CORONEL LUIS TEIXEIRA, 1145;;;;;;;;;;;

;;;;;;;;;;;;;;;;;;;;;;;;

7587;RAIMUNDO BATISTA DE BRITO;;;CARIRIACU;;;;CE;63.220-000;;(88)99275-6055;;;46.094.235/0001-90;;070632790;;;
CASA DOS BICHOS CARIRI;;;MESTRE NECO;;;;RUA MESTRE NECO, 185;;;;;;;;;;;

;;;;;;;;;;;;;;;;;;;;;;;;

1884;RAIMUNDO BERNARDINO DA SILVA;;;MISSAO VELHA;;;;CE;63.200-000;;(  )99959-0044;;;222.833.073-68;;;;;
MERCEARIA BERNARDINO;;;CENTRO;;;;RUA  PADRE CICERO, 325;;;;;;;;;;;

;;;;;;;;;;;;;;;;;;;;;;;;

7601;RAIMUNDO JOSE DA CRUZ;;;MISSAO VELHA;;;;CE;63.200-000;;(88)98863-4682;;;070.174.643-20;;;;;
MERCADINHO RILDEVAN;;;JAMACARU;;;;SITIO GENIPAPEIRO, 125;;;;;;;;;;;

;;;;;;;;;;;;;;;;;;;;;;;;

7357;RAMOM LUCAS DE ALENCAR AFONSO;;;CRATO;;;;CE;63.104-290;;(88)99740-4803;;;087.675.893-67;;;;;
MERCEARIA ANASTACIA;;;MULTIRÃO ;;;;RUA VALTER JUSTO, 340;;;;;;;;;;;

;;;;;;;;;;;;;;;;;;;;;;;;

6152;RAQUEL DE SOUSA PINHO;;;CRATO;;;;CE;63.135-500;;(88)99791-6455;;;008.503.833-40;;;;;
MERCANTIL DA RAQUEL;;;BAIXIO DAS PALMEIRAS;;;;MARIA TAVARES DE OLIVEIRA, 0;;;;;;;;;;;

;;;;;;;;;;;;;;;;;;;;;;;;

8120;REGILENE DA SILVA LIMA LTDA;;;BARBALHA;;;;CE;63.090-538;;(88)99922-7959;;;45.355.186/0001-30;;070468249;;;
MERCADINHO FEITOSA;;;BELA VISTA;;;;RUA SANTANA MARIA DA CONCEIÇÃO até 99997/99998, 32;;;;;;;;;;;

;;;;;;;;;;;;;;;;;;;;;;;;

;;;;;;;;;;;;;;;;;;;;;;;;

ERES Informática LTDA.;;;;;PAG: 218;;;20/08/2026 - 09:44:21;;;025;

;;;;;;;;;;;;;;;;;;;;;;;;
;;;;;;;;;;;;;;;;;;;;;;;;

;;
;;;FRANCISCO LUCIANO ALVES HONORIO ME;;;;;;;
;;;Clientes por Vendedor  ;;;;;
;;

;;;;;;;;;;;;;;;;;;;;;;;;

Código;Nome Cliente;;;Cidade;;;;UF;CEP;;FONE;;;C.P.F./C.N.P.J;;R.G./C.G.F.;;;
Nome Fantasia;;;Bairro;;;;Endereço;;;;;

7746;REGINALDO DE SOUSA PEQUENO ;;;CRATO;;;;CE;63.113-000;;(  )     -    ;;;730.801.523-87;;;;;
REGINALDO DE SOUSA PEQUENO;;;SEMINÁRIO;;;;RUA DIÓGENES FRAZÃO, 625;;;;;;;;;;;

;;;;;;;;;;;;;;;;;;;;;;;;

8127;RICARDO BISLANIO DOS SANTOS CRUZ ;;;BARBALHA;;;;CE;63.093-024;;(88)99682-6527;;;48.328.650/0001-97;;070930414;;;
MERCADINHO KELLYS;;;MALVINAS;;;;RUA T-14 (Loteamento Vila Santa Terezinha), 212;;;;;;;;;;;

;;;;;;;;;;;;;;;;;;;;;;;;

8109;ROBERTO SILVA RIBEIRO ROCHA;;;CRATO;;;;CE;63.139-500;;(88)98883-5676;;;65.143.461/0001-69;;073156124;;;
MERCEARIA GELA.COM CLEIDE;;;BELA VISTA;;;; RUA PRIJETADA 5, 289;;;;;;;;;;;

;;;;;;;;;;;;;;;;;;;;;;;;

5526;ROBSON FRANCA ALVES;;;CRATO;;;;CE;63.122-000;;(  ) 3521-8548;;;036.086.603-48;;;;;
LINTO/ CASA FRANCA;;;SEMINARIO;;;;RUA 108, 175;;;;;;;;;;;

;;;;;;;;;;;;;;;;;;;;;;;;

7332;RODINEI BEZERRA PEREIRA ;;;CARIRIACU;;;;CE;63.220-000;;(88)99996-2298;;;320.839.828-00;;;;;
CASA DOS PASSAROS ;;;NSR. DUCARMO;;;;RUA. JOSÉ NOGUEIRA DE MELO, 46;;;;;;;;;;;

;;;;;;;;;;;;;;;;;;;;;;;;

6754;RODRIGO LEITE MACEDO LINARD;;;CRATO;;;;CE;63.000-100;;(  )99669-0899;;;052.761.353-39;;;;;
CASA DO CRIADOR;;;CENTRO;;;;RUA CEL RAIMUNDO LOBO, 255;;;;;;;;;;;

;;;;;;;;;;;;;;;;;;;;;;;;

7091;ROGER OLIVEIRA E SILVA;;;CRATO;;;;CE;63.109-052;;0(88)09296-1918;;;44.468.041/0001-82;;07.032790-4;;;
ROGER OLIVEIRA E SILVA;;;GRANJEIRO;;;;AV. PEDRO FELICIO CAVALCANTE, 2300;;;;;;;;;;;

;;;;;;;;;;;;;;;;;;;;;;;;

7971;ROGERIO ALENCAR BRASIL;;;CRATO;;;;CE;  .   -   ;;(88)98149-4861;;;712.352.053-04;;;;;
MERCEARIA DO ROGERIO;;;PONTA DA SERRA;;;;MOISES XENOFONTE DE OLIVEIRA, 26;;;;;;;;;;;

;;;;;;;;;;;;;;;;;;;;;;;;

3602;ROSINEIDE VIEIRA LAURINDO;;;MISSAO VELHA;;;;CE;63.200-000;;(  )99660-4085;;;13.984.270/0001-26;;065683510;;;
CASA DAS RACOES;;;CENTRO;;;;RUA PADRE FELIX, 192;;;;;;;;;;;

;;;;;;;;;;;;;;;;;;;;;;;;

7831;ROZANGELA BENICIO ESMERALDO ALVES;;;CRATO;;;;CE;63.119-025;;(88)3521 -1155;;;57.276.375/0001-04;;072130067;;;
ROZANGELA BENICIO;;;VILA ALTA;;;;R. SÃO JOSÉ, 21;;;;;;;;;;;

;;;;;;;;;;;;;;;;;;;;;;;;

8012;SARA JANE SALES DA SILVA;;;CRATO;;;;CE; 6.310-000;;(88)99937-0241;;;030.012.173-32;;;;;
RESIDENCIA PARTICULAR ;;;VILA SAO BENTO ;;;;SITIO TEOTONIO, 58;;;;;;;;;;;

;;;;;;;;;;;;;;;;;;;;;;;;

6513;SARAH STERFÂNIA ALVES ALENCAR;;;CARIRIACU;;;;CE;63.220-000;;(  )99750-6876;;;615.068.903-42;;;;;
CASA DAS RACOES;;;CENTRO;;;;RUA CORONEL VULPINO, 90;;;;;;;;;;;

;;;;;;;;;;;;;;;;;;;;;;;;

;;;;;;;;;;;;;;;;;;;;;;;;

ERES Informática LTDA.;;;;;PAG: 219;;;20/08/2026 - 09:44:21;;;025;

;;;;;;;;;;;;;;;;;;;;;;;;
;;;;;;;;;;;;;;;;;;;;;;;;

;;
;;;FRANCISCO LUCIANO ALVES HONORIO ME;;;;;;;
;;;Clientes por Vendedor  ;;;;;
;;

;;;;;;;;;;;;;;;;;;;;;;;;

Código;Nome Cliente;;;Cidade;;;;UF;CEP;;FONE;;;C.P.F./C.N.P.J;;R.G./C.G.F.;;;
Nome Fantasia;;;Bairro;;;;Endereço;;;;;

4301;SEBASTIANA FRANCISCA DOS SANTOS;;;BARBALHA;;;;CE;63.180-000;;(  )99927-8185;;;820.440.743-20;;;;;
MERCANTIL DANY;;;CIROLANDIA;;;;AV. PIO SAMPAIO, 502;;;;;;;;;;;

;;;;;;;;;;;;;;;;;;;;;;;;

7955;SEBASTIAO MOREIRA DA SILVA ;;;CRATO;;;;CE;63.115-110;;(88)99270-7532;;;311.503.223-49;;;;;
MERCEARIA SM;;;GISÉLIA PINHEIRO ;;;;RUA SÃO RAIMUNDO, 100;;;;;;;;;;;

;;;;;;;;;;;;;;;;;;;;;;;;

1968;SEBASTIAO SOBREIRA DE OLIVEIRA;;;CARIRIACU;;;;CE;  .   -   ;;( 8)83547-1331;;;  .   .   /    -  ;;06.077.502-5;;;
SEBASTIAO;;;CENTRO;;;;R. CORONEL VULPINO, 109;;;;;;;;;;;

;;;;;;;;;;;;;;;;;;;;;;;;

6914;SEBASTIAO TAVARES BEZERRA;;;CRATO;;;;CE;63.104-060;;(  )99259-7392;;;673.401.483-53;;;;;
MERCEARIA DO BAR;;;ALTO DA PENHA ;;;;RUA. JOSÉ SATIRO VILAR, 154;;;;;;;;;;;

;;;;;;;;;;;;;;;;;;;;;;;;

6773;SINARA FRANCIANE DOS SANTOS;;;CRATO;;;;CE;63.130-456;;(88)99498-2666;;;016.241.183-99;;;;;
MERCADINHO SAMILY;;;NOSSA SENHORA DE FATIMA.ESTATUA;;;;RUA MESTRE DEDE DE LUNA, 158;;;;;;;;;;;

;;;;;;;;;;;;;;;;;;;;;;;;

5939;SIRLEI CONRADO ROCHA;;;BARBALHA;;;;CE;63.100-000;;(88)99965-5654;;;27.229.983/0001-99;;066434610;;;
COMERCIAL ROCHA;;;MALVINAS;;;;AV.LUIZ GONZAGA, 730;;;;;;;;;;;

;;;;;;;;;;;;;;;;;;;;;;;;

7964;SOCIEDADE PAULISTA DE MEDICINA VETERINARIA ;;;CRATO;;;;CE;63.122-435;;(88)99943-3037;;;47.676.085/0014-00;;;;;
UPA LESSA;;;SÃO MIGUEL ;;;;RUA CORONEL FRANCISCO JOSÉ DE BRITO - DE 300/301 AO FI, 0;;;;;;;;;;;

;;;;;;;;;;;;;;;;;;;;;;;;

8128;SOCORRO ANALIELY DE SOUSA FERNANDES;;;CRATO;;;;CE;63.119-025;;(88)99616-7424;;;65.661.565/0001-65;;;;;
SOCORRO ANALIELY;;;VILA ALTA;;;;RUA SÃO JOSÉ , 52;;;;;;;;;;;

;;;;;;;;;;;;;;;;;;;;;;;;

8026;SPECIALLE CLINICA E PET SHOP;;;CRATO;;;;CE;63.105-195;;(88)99728-8549;;;51.468.307/0001-52;;;;;
Specialle;;;PIMENTA ;;;;RUA SORIANO ALBUQUERQUE, 205;;;;;;;;;;;

;;;;;;;;;;;;;;;;;;;;;;;;

7759;SUPER VILA LOBO MERCANTIL LTDA;;;CRATO;;;;CE;63.102-205;;(88)98151-4120;;;23.820.399/0001-52;;064786366;;;
SUPER VILA LOBO;;;VILA LOBO;;;;RUA ANTÔNIO FERNANDES TELES, 287;;;;;;;;;;;

;;;;;;;;;;;;;;;;;;;;;;;;

3548;SUPERMERCADO ARTEROO LIMITADA;;;CRATO;;;;CE;63.101-025;;( 8)83521-8729;;;06.285.640/0001-71;;066927587;;;
SUPERMERCADO ARTEROO;;;ALTO DA PENHA;;;;R. PADRE IBIAPINA, 726;;;;;;;;;;;

;;;;;;;;;;;;;;;;;;;;;;;;

7813;SUPERVILA MURITI LTDA;;;CRATO;;;;CE;63.132-070;;(88)99714-0467;;;48.888.494/0001-19;;071982752;;;
SUPER VILA MURITI;;;MURITI;;;;RUA PRESIDENTE MÉDICI, 236;;;;;;;;;;;

;;;;;;;;;;;;;;;;;;;;;;;;

;;;;;;;;;;;;;;;;;;;;;;;;

ERES Informática LTDA.;;;;;PAG: 220;;;20/08/2026 - 09:44:21;;;025;

;;;;;;;;;;;;;;;;;;;;;;;;
;;;;;;;;;;;;;;;;;;;;;;;;

;;
;;;FRANCISCO LUCIANO ALVES HONORIO ME;;;;;;;
;;;Clientes por Vendedor  ;;;;;
;;

;;;;;;;;;;;;;;;;;;;;;;;;

Código;Nome Cliente;;;Cidade;;;;UF;CEP;;FONE;;;C.P.F./C.N.P.J;;R.G./C.G.F.;;;
Nome Fantasia;;;Bairro;;;;Endereço;;;;;

7078;TEHOGENES PATRICIO DE SA E LIMA-ME;;;BARBALHA;;;;CE;63.180-000;;(  )98812-2183;;;14.066.248/0001-60;;;;;
SEU MIRTON;;;CENTRO;;;;RUA DOS CARIRIS, 366;;;;;;;;;;;

;;;;;;;;;;;;;;;;;;;;;;;;

5676;TEREZINHA OLIVEIRA DE LIMA;;;CRATO;;;;CE;63.113-643;;(  )99929-7338;;;24.032.796/0001-22;;06.483204-0;;;
CANTINHO DAS RACOES;;;SEMINARIO;;;;AV. LAVRAS DA MANGABEIRA, 1068;;;;;;;;;;;

;;;;;;;;;;;;;;;;;;;;;;;;

6695;THAIS SILVA SIQUEIRA NASCIMENTO;;;CRATO;;;;CE;  .   -   ;;(  )     -    ;;;43.458.798/0001-22;;07.016308-1;;;
PET CARIRI - THAIS;;;PALMEIRAL;;;;RUA LELIA DE JESUS, 48;;;;;;;;;;;

;;;;;;;;;;;;;;;;;;;;;;;;

7980;VAGNER LUCIO DA SILVA RACOES;;;BARBALHA;;;;CE;63.180-000;;(88)98139-2132;;;29.666.923/0001-69;;067479065;;;
CASA DAS RACOES;;;CENTRO;;;;AVENIDA SALUSTIANO CANUTO DE SOUZA, 48;;;;;;;;;;;

;;;;;;;;;;;;;;;;;;;;;;;;

2760;VALDEMAR PEDRO SALES;;;CRATO;;;;CE;63.101-220;;(88)98817-3864;;;399.953.723-04;;;;;
DEMAR/ EM FRENTE AO SINE/ MERCADO VELHO;;;CENTRO;;;;RUA MONSENHOR ESMERALDO, 733;;;;;;;;;;;

;;;;;;;;;;;;;;;;;;;;;;;;

3050;VALDENEIDE BRASIL DE LIMA;;;CRATO;;;;CE;63.113-500;;(88)99205-3922;;;686.622.893-04;;;;;
ATACAREJO CARIRI;;;CENTRO;;;;RUA CORONEL LUIZ TEIXEIRA, 1093;;;;;;;;;;;

;;;;;;;;;;;;;;;;;;;;;;;;

7650;VALERIO PINHEIRO DE LUNA;;;BARBALHA;;;;CE;  .   -   ;;(88)98222-2335;;;073.956.913-93;;;;;
MERCANTIL SANTA LUZIA;;;SITIO LAGOA;;;;RUA VILA STA LUZIA, 0;;;;;;;;;;;

;;;;;;;;;;;;;;;;;;;;;;;;

8131;VANESSA DOS SANTOS SILVEIRA ;;;CRATO;;;;CE;63.100-140;;(88)99274-2648;;;102.135.023-05;;;;;
CK PETSHOP;;;CENTRO;;;;RUA RATISBONA , 572;;;;;;;;;;;

;;;;;;;;;;;;;;;;;;;;;;;;

7951;VANEZIA GOMES DE MENEZES;;;CRATO;;;;CE;63.138-000;;(88)98131-8558;;;545.626.863-91;;;;;
RESIDENCIA PARTICULAR ;;;DISTRITO PONTA DA SERRA;;;; RUA ANTONIO TRAJANO DA SILVA , 22;;;;;;;;;;;

;;;;;;;;;;;;;;;;;;;;;;;;

7923;VERUCIA MARIA DA SILVA;;;BARBALHA;;;;CE; 6.318-000;;(88)99380-0880;;;042.570.343-60;;;;;
PET RACOES;;;CIROLANDIA ;;;;AVENIDA GUSTAVO BARROSO , 176;;;;;;;;;;;

;;;;;;;;;;;;;;;;;;;;;;;;

8170;VETLAR CLINICA VETERINARIA ;;;CRATO;;;;CE;63.100-010;;(88)99218-9207;;;48.832.816/0001-08;;6527891;;;
VETLAR CLINICA VETERINARIA ;;;CENTRO;;;;RUA CORONEL TEÓFILO SIQUEIRA , 569;;;;;;;;;;;

;;;;;;;;;;;;;;;;;;;;;;;;

8070;VICENTE FERREIRA GARCIA ;;;CRATO;;;;CE;63.118-230;;(88)99910-8951;;;726.137.183-15;;;;;
MERCADINHO DO VICENTE;;;PARQUE RECREIO;;;;RUA JOSÉ RIBEIRO , 155;;;;;;;;;;;

;;;;;;;;;;;;;;;;;;;;;;;;

;;;;;;;;;;;;;;;;;;;;;;;;

ERES Informática LTDA.;;;;;PAG: 221;;;20/08/2026 - 09:44:21;;;025;

;;;;;;;;;;;;;;;;;;;;;;;;
;;;;;;;;;;;;;;;;;;;;;;;;;;;

;;
;;;FRANCISCO LUCIANO ALVES HONORIO ME;;;;;;;
;;;Clientes por Vendedor  ;;;;;
;;

;;;;;;;;;;;;;;;;;;;;;;;;;;;

Código;Nome Cliente;;;;;;Cidade;;;;UF;CEP;;FONE;;;C.P.F./C.N.P.J;;R.G./C.G.F.;;;
Nome Fantasia;;;;;;Bairro;;;;Endereço;;;;;

7586;VICENTE FLORENCIO DA SILVA NETO;;;;;;CRATO;;;;CE;63.107-147;;(88)98815-8976;;;12.506.203/0001-33;;064095819;;;
DISTRIBUICAO DE ALIMENTOS SILVA;;;;;;SOSSEGO;;;;AVENIDA SAO SEBASTIAO, 1914;;;;;;;;;;;

;;;;;;;;;;;;;;;;;;;;;;;;;;;

7541;VICENTE THALLYS MORAIS CLEMENTINO;;;;;;CARIRIACU;;;;CE;63.220-000;;(88)99666-9800;;;41.832.315/0001-82;;;;;
OHANA;;;;;;CHELELEU;;;;RUA VALDOMIRO CORREIRA, 70;;;;;;;;;;;

;;;;;;;;;;;;;;;;;;;;;;;;;;;

7275;WESLEY BARROS VIANA;;;;;;MISSAO VELHA;;;;CE;63.200-000;;(88)99804-8184;;;40.692.133/0001-90;;062630687;;;
AGROSHOP VIANA;;;;;;CENTRO;;;;RUA AFONSO RIBEIRO, 529;;;;;;;;;;;

;;;;;;;;;;;;;;;;;;;;;;;;;;;

7897;WILAME DO NASCIMENTO FELIX;;;;;;CRATO;;;;CE;63.130-130;;(88)99481-2830;;;41.601.163/0001-07;;065396022;;;
MERC E PADARIA SAO JOSE ;;;;;;NOSSA SENHORA DE FÁTIMA;;;;RUA FRANCISCO SABINO DE MIRANDA, 16;;;;;;;;;;;

;;;;;;;;;;;;;;;;;;;;;;;;;;;

6500;WIPLY GOMES DA SILVA;;;;;;BARBALHA;;;;CE;63.180-000;;(  )99397-6835;;;608.271.093-26;;;;;
CASA DA RACAO;;;;;;CIROLANDIA;;;;RUA FORTALEZA, 201;;;;;;;;;;;

;;;;;;;;;;;;;;;;;;;;;;;;;;;

Clientes listados Vendedor:;;;;;;;;302;;;;;;;;;;;;;;;;;;;

Vendedor:;7732;;OLIVIA VIEIRA DA SILVA;;;;;;;;;;;;;;;;;;;
7773;AIRTON DE ARAUJO CHAVES;;;;;;IPAPORANGA;;;;CE;62.215-000;;(88)99656-5758;;;07.797.445/0001-93;;061909030;;;
MERCANTIL PALHARES;;;;;;CENTRO ;;;;RUA RAIMUNDO EVARISTO , 224;;;;;;;;;;;

;;;;;;;;;;;;;;;;;;;;;;;;;;;

7775;ANTONILDE S A SANTOS;;;;;;IPAPORANGA;;;;CE;62.215-500;;(88)99652-0001;;;45.672.992/0001-31;;070516421;;;
AGROPECUARIA CASA DA ROCA;;;;;;CENTRO ;;;;RUA FRANKLIN JOSE VIEIRA , 63;;;;;;;;;;;

;;;;;;;;;;;;;;;;;;;;;;;;;;;

7628;FRANCISCA TAYNARA LINHARES DE MORAIS;;;;;;IPAPORANGA;;;;CE;63.700-112;;(88)99217-9953;;;52.696.546/0001-22;;071592601;;;
PET SHOP CRATEUS;;;;;;CENTRO;;;;RUA DOUTOR JOAO TOME, 763;;;;;;;;;;;

;;;;;;;;;;;;;;;;;;;;;;;;;;;

7770;LUCIVANE FERREIRA CUNHA;;;;;;IPAPORANGA;;;;CE;62.215-000;;(88)99110-3853;;;19.299.555/0001-04;;067118674;;;
MERCANTIL DA LUCIVANE;;;;;;CENTRO;;;;RUA GALDÊNCIO MOREIRA, 122;;;;;;;;;;;

;;;;;;;;;;;;;;;;;;;;;;;;;;;

7771;MARIA NEIDE DE COSTA ALVES;;;;;;IPAPORANGA;;;;CE;62.215-000;;(88)99223-8726;;;06.058.872/0001-97;;066879159;;;
MERCANTIL 2000;;;;;;CENTRO ;;;;ROD BR 404 , 438;;;;;;;;;;;

;;;;;;;;;;;;;;;;;;;;;;;;;;;

Clientes listados Vendedor:;;;;;;;;5;;;;;;;;;;;;;;;;;;;

;;;;;;;;;;;;;;;;;;;;;;;;;;;

ERES Informática LTDA.;;;;;;PAG: 222;;;20/08/2026 - 09:44:21;;;025;

;;;;;;;;;;;;;;;;;;;;;;;;;;;
;;;;;;;;;;;;;;;;;;;;;;;;;;;

;;
;;;FRANCISCO LUCIANO ALVES HONORIO ME;;;;;;;
;;;Clientes por Vendedor  ;;;;;
;;

;;;;;;;;;;;;;;;;;;;;;;;;;;;

Código;Nome Cliente;;;;;;Cidade;;;;UF;CEP;;FONE;;;C.P.F./C.N.P.J;;R.G./C.G.F.;;;
Nome Fantasia;;;;;;Bairro;;;;Endereço;;;;;

Vendedor:;7779;;FLAVIO RODRIGUES ALENCAR;;;;;;;;;;;;;;;;;;;
7386;ALIMENTOS SOFRIOS LTDA;;;;;;JUAZEIRO DO NORTE;;;;CE;63.034-005;;(  ) 3102-3900;;;29.059.206/0002-50;;07.024615-7;;;
;;;;;;PIRAJA;;;;AV AILTON GOMES DE ALENCAR, 1443;;;;;;;;;;;

;;;;;;;;;;;;;;;;;;;;;;;;;;;

Clientes listados Vendedor:;;;;;;;;1;;;;;;;;;;;;;;;;;;;

;;;;;;;;;;;;;;;;;;;;;;;;;;;

ERES Informática LTDA.;;;;;;PAG: 223;;;20/08/2026 - 09:44:21;;;025;

;;;;;;;;;;;;;;;;;;;;;;;;;;;
;;;;;;;;;;;;;;;;;;;;;;;;;

;;
;;;FRANCISCO LUCIANO ALVES HONORIO ME;;;;;;;
;;;Clientes por Vendedor  ;;;;;
;;

;;;;;;;;;;;;;;;;;;;;;;;;;

Código;Nome Cliente;;;;Cidade;;;;UF;CEP;;FONE;;;C.P.F./C.N.P.J;;R.G./C.G.F.;;;
Nome Fantasia;;;;Bairro;;;;Endereço;;;;;

Vendedor:;7895;;DAILTON GLAUDSON BATISTA FERREIRA;;;;;;;;;;;;;;;;;
6723;ALIMENTOS SOFRIOS EIRELI;;;;JUAZEIRO DO NORTE;;;;CE;63.022-160;;(  ) 9690-6969;;;29.059.206/0001-79;;06.751331-0;;;
;;;;ANTONIO VIEIRA;;;;R LADISLAU DE ARRUDA CAMPOS, 950;;;;;;;;;;;

;;;;;;;;;;;;;;;;;;;;;;;;;

4254;ALYNE AIRES MAGALHAES;;;;JUAZEIRO DO NORTE;;;;CE;63.033-010;;(88)99838-8149;;;007.452.143-80;;;;;
BOM PREÇO;;;;NOVO JUAZEIRO;;;;AVENIDA CASTELO BRANCO, 4315;;;;;;;;;;;

;;;;;;;;;;;;;;;;;;;;;;;;;

3752;ANA CELIA ALEXANDRE MOTA ;;;;JUAZEIRO DO NORTE;;;;CE;  .   -   ;;(  )     -    ;;;807.783.563-53;;;;;
SENTIDO JUAZ/CRA, UMA RUA DEPOISDO PONTO DA CASTANHA;;;;SAO JOSE;;;;R. PEDRO ESMERALDO  DA SILVA, 405;;;;;;;;;;;

;;;;;;;;;;;;;;;;;;;;;;;;;

7414;ANA CLARA ALENCAR ARAUJO SANTOS ;;;;JUAZEIRO DO NORTE;;;;CE;63.010-095;;(88)99436-2325;;;40.379.909/0001-17;;;;;
CENTRAL PET;;;;CENTRO;;;;R JOSE MARROCOS, 39;;;;;;;;;;;

;;;;;;;;;;;;;;;;;;;;;;;;;

4904;ANTONIO IVAN DE MORAIS ME;;;;JUAZEIRO DO NORTE;;;;CE;56.260-000;;(87)98143-8855;;;12.928.145/0001-36;;042364248;;;
CONVENIENCIA GALINDO/ENTRADA DE ARARIPINA;;;;SERROLANDIA;;;;RUA DO COMERCIO, 2;;;;;;;;;;;

;;;;;;;;;;;;;;;;;;;;;;;;;

2208;CENTER CARNES DE JAUZEIRO LTDA;;;;JUAZEIRO DO NORTE;;;;CE;63.020-000;;( 8)83511-0120;;;08.764.131/0001-57;;06.207.333-8;;;
;;;;PIRAJA;;;;AV.AILTON GOMES,1448, 0;;;;;;;;;;;

;;;;;;;;;;;;;;;;;;;;;;;;;

5433;CICERA NATALHA SILVA DE SOUZA;;;;JUAZEIRO DO NORTE;;;;CE;63.034-012;;(88)99204-2278;;;056.275.413-00;;;;;
UNE PET;;;;PIRAJA;;;;AVENIDA AILTON GOMES, 1610;;;;;;;;;;;

;;;;;;;;;;;;;;;;;;;;;;;;;

7428;CICERO ALDENOR TELES BERNARDO;;;;JUAZEIRO DO NORTE;;;;CE;63.030-550;;(  ) 9628-7412;;;48.813.297/0001-30;;;;;
PETS HOUSE;;;;NOVO JUAZEIRO;;;;RUA JOSE LEITE DA SILVA, 192;;;;;;;;;;;

;;;;;;;;;;;;;;;;;;;;;;;;;

7294;CICERO ALVES PEREIRA;;;;JUAZEIRO DO NORTE;;;;CE;63.022-230;;(88)99241-2986;;;43.262.994/0001-27;;070127891;;;
MEU PET;;;;ANTONIO VIEIRA;;;;R DOUTOR FRANCISCO SAMUEL BARBOSA, 378;;;;;;;;;;;

;;;;;;;;;;;;;;;;;;;;;;;;;

5709;CICERO WESLLEY SARAIVA DO NASCIMENTO;;;;JUAZEIRO DO NORTE;;;;CE;63.030-110;;(  )99724-3881;;;428.717.598-04;;;;;
CRISTAL PET;;;;PIRAJA;;;;SÃO BENEDITO, 1954;;;;;;;;;;;

;;;;;;;;;;;;;;;;;;;;;;;;;

6281;CRAJUBAR COMERCIO DE ALIMENTOS E CON;;;;JUAZEIRO DO NORTE;;;;CE;63.040-810;;(  ) 3571-8824;;;31.620.553/0001-70;;067868916;;;
CRAJUBAR;;;;TRIANGULO;;;;RUA SOCORRO NOROES MOTA , 310;;;;;;;;;;;

;;;;;;;;;;;;;;;;;;;;;;;;;

;;;;;;;;;;;;;;;;;;;;;;;;;

ERES Informática LTDA.;;;;;;PAG: 224;;;20/08/2026 - 09:44:21;;;025;

;;;;;;;;;;;;;;;;;;;;;;;;;
;;;;;;;;;;;;;;;;;;;;;;;;

;;
;;;FRANCISCO LUCIANO ALVES HONORIO ME;;;;;;;
;;;Clientes por Vendedor  ;;;;;
;;

;;;;;;;;;;;;;;;;;;;;;;;;

Código;Nome Cliente;;;Cidade;;;;UF;CEP;;FONE;;;C.P.F./C.N.P.J;;R.G./C.G.F.;;;
Nome Fantasia;;;Bairro;;;;Endereço;;;;;

7520;CRISTINA SAMARA;;;JUAZEIRO DO NORTE;;;;CE;63.030-065;;(  ) 8829-7911;;;650.836.953-91;;;;;
RESIDENCIA ;;;LIMOEIRO;;;;INACIO HENRIQUE CALLOU, 122;;;;;;;;;;;

;;;;;;;;;;;;;;;;;;;;;;;;

6598;DAMIAO LEANDRO PEREIRA DA SILVA;;;JUAZEIRO DO NORTE;;;;CE;63.020-084;;(  )98855-3220;;;620.485.863-76;;;;;
DL RACOES ;;;FRANCISCANOS;;;;RUA SAO BENEDITO, 950;;;;;;;;;;;

;;;;;;;;;;;;;;;;;;;;;;;;

6628;DANIEL DA SILVA LARANJEIRAS;;;JUAZEIRO DO NORTE;;;;CE;63.024-060;;(  ) 9763-5074;;;38.460.565/0001-24;;61744557;;;
MERCADINHO DN;;;SÃO JOSE;;;;JOSE VITORINO SOBRINHO, 1401;;;;;;;;;;;

;;;;;;;;;;;;;;;;;;;;;;;;

6854;DJANIRA BEZERRA DOS SANTOS;;;JUAZEIRO DO NORTE;;;;CE;  .   -   ;;(  )98803-1813;;;555.873.303-97;;;;;
SUPER NOSSO MERCANTIL;;;PIRAJA;;;;CORONEL FAUSTO GUIMARAES, 47;;;;;;;;;;;

;;;;;;;;;;;;;;;;;;;;;;;;

6206;DOMINGOS SAVIO SANTOS DA SILVA;;;JUAZEIRO DO NORTE;;;;CE;63.043-370;;(88)98882-9895;;;026.415.103-83;;;;;
MERCEARIA 3 REIS;;;FREI DAMIÃO;;;;RUA TABELIÃO VICENTE PERREIRA, 192;;;;;;;;;;;

;;;;;;;;;;;;;;;;;;;;;;;;

3797;EDNALDO FERREIRA PEREIRA;;;JUAZEIRO DO NORTE;;;;CE;63.050-142;;(88) 3512-5415;;;761.935.863-34;;950291707776;;;
CAMISSA 10;;;SANTO ANTONIO;;;;R. SGT. JOSIAS PEDROSA, 445;;;;;;;;;;;

;;;;;;;;;;;;;;;;;;;;;;;;

6536;ELIZABETE PEREIRA DA COSTA;;;JUAZEIRO DO NORTE;;;;CE;63.031-185;;(  ) 9619-2525;;;860.938.513-20;;;;;
MERCADINHO COSTA ;;;TIRADENTES;;;;AV RADIALISTA COELHO ALVES, 271;;;;;;;;;;;

;;;;;;;;;;;;;;;;;;;;;;;;

7105;EVAMILSON WERLLY BARROS DE OLIVEIRA ;;;JUAZEIRO DO NORTE;;;;CE;63.030-090;;(  ) 9971-4926;;;43.197.831/0001-08;;;;;
JW RACOES;;;LIMOEIRO;;;;RUA VEREADOR ANTONIO BRAZ, 745;;;;;;;;;;;

;;;;;;;;;;;;;;;;;;;;;;;;

6849;EVANILSON DE FREITAS ALVES;;;JUAZEIRO DO NORTE;;;;CE;  .   -   ;;(  )     -    ;;;076.779.783-39;;;;;
MERCANTIL BRITO;;;PIRAJA;;;;AVENIDA AILTON GOMES, 2410;;;;;;;;;;;

;;;;;;;;;;;;;;;;;;;;;;;;

2481;FRANCISCA RODRIGUES GONCALVES;;;JUAZEIRO DO NORTE;;;;CE;63.010-000;;(88) 3511-4565;;;08.928.599/0001-30;;06890226-3;;;
FRANCISCA;;;CENTRO;;;;RUA .SAO PAULO, 502;;;;;;;;;;;

;;;;;;;;;;;;;;;;;;;;;;;;

6796;FRANCISCO ALAN ARAUJO ;;;JUAZEIRO DO NORTE;;;;CE;63.024-390;;(88)99629-1755;;;607.951.483-48;;06024390;;;
GELA MAIS.MERCANTIL;;;SÃO JOSÉ;;;;RUA ZEFERINO PEDRO DOS SANTOS, 406;;;;;;;;;;;

;;;;;;;;;;;;;;;;;;;;;;;;

1459;FRANCISCO DE ASSIS CAMPINA GOMES;;;JUAZEIRO DO NORTE;;;;CE;63.010-000;;(  ) 8871-0469;;;222.420.823-53;;;;;
CAMPINA;;;CENTRO;;;;R. SAO PAULO, 645;;;;;;;;;;;

;;;;;;;;;;;;;;;;;;;;;;;;

;;;;;;;;;;;;;;;;;;;;;;;;

ERES Informática LTDA.;;;;;PAG: 225;;;20/08/2026 - 09:44:21;;;025;

;;;;;;;;;;;;;;;;;;;;;;;;
;;;;;;;;;;;;;;;;;;;;;;;;

;;
;;;FRANCISCO LUCIANO ALVES HONORIO ME;;;;;;;
;;;Clientes por Vendedor  ;;;;;
;;

;;;;;;;;;;;;;;;;;;;;;;;;

Código;Nome Cliente;;;Cidade;;;;UF;CEP;;FONE;;;C.P.F./C.N.P.J;;R.G./C.G.F.;;;
Nome Fantasia;;;Bairro;;;;Endereço;;;;;

6457;FRANCISCO DEMONTIEZ GONES VIEIRA ME;;;JUAZEIRO DO NORTE;;;;CE;06.301-025;;(  ) 8868-3733;;;14.551.751/0001-00;;65825241;;;
MERCEARIA DONA DETOZA;;;SOCORRO ;;;;AV LEANDRO BEZERRA, 438;;;;;;;;;;;

;;;;;;;;;;;;;;;;;;;;;;;;

354;FRANCISCO JOSE FERNANDES GONCALVES;;;JUAZEIRO DO NORTE;;;;CE;63.034-150;;(88) 3511-9146;;;29.819.994/0001-54;;067505449;;;
FRANCISCO FERNANDES;;;PIRAJA;;;;RUA  CORONEL FAUSTO GUIMARAES, 29;;;;;;;;;;;

;;;;;;;;;;;;;;;;;;;;;;;;

3964;FRANCISCO VICENTE DE SOUZA;;;JUAZEIRO DO NORTE;;;;CE;63.041-650;;(88)98858-7769;;;319.280.485-87;;3834753 ;;;
DEPOIS DO CAIC;;;FREI DAMIAO;;;;R.ANT BERNARDINO DA SILVA, 153;;;;;;;;;;;

;;;;;;;;;;;;;;;;;;;;;;;;

6779;GABRIELLA LOPES CASIMIRO;;;JUAZEIRO DO NORTE;;;;CE;  .   -   ;;(88)99731-9274;;;42.203.761/0001-90;;;;;
SEU PET. PET SHOP E SERVICOS;;;SALESIANOS;;;;RUA DA INDEPENDÊNCIA, 689;;;;;;;;;;;

;;;;;;;;;;;;;;;;;;;;;;;;

6776;IRACI ALVES MARCELINO;;;JUAZEIRO DO NORTE;;;;CE;63.010-555;;(  )99856-2003;;;27.482.130/0001-64;;06.645615-0;;;
;;;SAO MIGUEL;;;;R SANTA ISABEL, 34;;;;;;;;;;;

;;;;;;;;;;;;;;;;;;;;;;;;

4585;IVONETE MARIA DA SILVA ALMEIDA;;;JUAZEIRO DO NORTE;;;;CE;  .   -   ;;( 8)88814-4041;;;936.175.693-15;;;;;
ESQUINA APOS LARISBAR;;;TRIANGULO;;;;R. JOSE INACIO GOMES, 335;;;;;;;;;;;

;;;;;;;;;;;;;;;;;;;;;;;;

3856;JOSE CLAUDIO DOS SANTOS PEREIRA;;;JUAZEIRO DO NORTE;;;;CE;63.050-300;;(88) 3511-8874;;;223.503.653-87;;;;;
;;;SANTA TEREZA;;;;R. SANTA MARIA, 238;;;;;;;;;;;

;;;;;;;;;;;;;;;;;;;;;;;;

6689;JOSE MARCOS ALVES SANTOS;;;JUAZEIRO DO NORTE;;;;CE;63.034-150;;(  ) 9274-0650;;;19.116.511/0001-00;;;;;
CASA DO TEMPERO;;;PIRAJA;;;;R CORONEL FAUSTO GUIMARAES, 612;;;;;;;;;;;

;;;;;;;;;;;;;;;;;;;;;;;;

4332;JOSE VANILO PEREIRA DA SILVA;;;JUAZEIRO DO NORTE;;;;CE;63.018-077;;(88)98829-2566;;;566.734.343-68;;253044292;;;
PROX. COLEGIO MODELO;;;PEDRINHAS;;;;Rua Professora Maria Luiza Bezerra, 241;;;;;;;;;;;

;;;;;;;;;;;;;;;;;;;;;;;;

7677;JUCIEUDE DIAS SANTOS;;;JUAZEIRO DO NORTE;;;;CE;63.030-605;;(  )  807-2265;;;53.776.156/0001-25;;;;;
;;;NOVO JUAZEIRO;;;;AV PRESIDENTE CASTELO BRANCO, 3659;;;;;;;;;;;

;;;;;;;;;;;;;;;;;;;;;;;;

7525;KAREN LAIS SANTANA DA CRUZ;;;JUAZEIRO DO NORTE;;;;CE;63.030-441;;(  )     -    ;;;072.470.453-10;;;;;
COMERCIO;;;NOVO JUAZEIRO ;;;;ANTONIO SALES, 308;;;;;;;;;;;

;;;;;;;;;;;;;;;;;;;;;;;;

6918;KAREN LAYS SANTANA DA CRUZ ;;;JUAZEIRO DO NORTE;;;;CE;63.200-000;;(  ) 9203-5360;;;32.650.963/0001-27;;;;;
CASA DE RACAO;;;NOVO JUAZEIRO;;;;R ANTONIO SALES, 311;;;;;;;;;;;

;;;;;;;;;;;;;;;;;;;;;;;;

;;;;;;;;;;;;;;;;;;;;;;;;

ERES Informática LTDA.;;;;;PAG: 226;;;20/08/2026 - 09:44:21;;;025;

;;;;;;;;;;;;;;;;;;;;;;;;
;;;;;;;;;;;;;;;;;;;;;;;;

;;
;;;FRANCISCO LUCIANO ALVES HONORIO ME;;;;;;;
;;;Clientes por Vendedor  ;;;;;
;;

;;;;;;;;;;;;;;;;;;;;;;;;

Código;Nome Cliente;;;Cidade;;;;UF;CEP;;FONE;;;C.P.F./C.N.P.J;;R.G./C.G.F.;;;
Nome Fantasia;;;Bairro;;;;Endereço;;;;;

7127;LEIA CRISTINA DE ALMEIDA;;;JUAZEIRO DO NORTE;;;;CE;63.044-102;;(  ) 9711-9712;;;46.033.326/0001-16;;;;;
IMPERIO PET'S;;;JARDIM GONZAGA;;;;R FRANCISCO MARTINS DE SOUZA, 586;;;;;;;;;;;

;;;;;;;;;;;;;;;;;;;;;;;;

1832;LEONARDO BEZERRA DOS SANTOS;;;JUAZEIRO DO NORTE;;;;CE;63.034-150;;(88) 3511-8697;;;02.972.502/0001-00;;06.688.047-5;;;
SUPER NOSSO MERCANTIL;;;PIRAJA;;;;RUA  FAUSTO GUIMARAES, 47;;;;;;;;;;;

;;;;;;;;;;;;;;;;;;;;;;;;

6210;LILAINE LIMA DAVI;;;JUAZEIRO DO NORTE;;;;CE;63.020-070;;(  ) 9865-3979;;;622.825.463-42;;;;;
MERCADINHO PRACA DO SOL;;;PIRAJA;;;;RUA DO LIMOEIRO, 1695;;;;;;;;;;;

;;;;;;;;;;;;;;;;;;;;;;;;

5030;LUCIANA FRANCA AGUIAR - ME;;;JUAZEIRO DO NORTE;;;;CE;63.010-000;;(88) 8821-5169;;;19.660.524/0001-37;;067219020;;;
MUNDO PET/ MARIO;;;CENTRO;;;;RUA SAO PAULO, 1081;;;;;;;;;;;

;;;;;;;;;;;;;;;;;;;;;;;;

6899;LUCIANO SOUSA SILVA;;;JUAZEIRO DO NORTE;;;;CE;63.031-170;;(  ) 8813-8985;;;621.870.743-15;;;;;
CASA DE RACAO;;;TIRADENTES;;;;ODILON GOMES DE ALENCAR, 902;;;;;;;;;;;

;;;;;;;;;;;;;;;;;;;;;;;;

2765;LUIZ DE ALCANTARA COSTA ME;;;JUAZEIRO DO NORTE;;;;CE;63.050-500;;(88) 3571-4613;;;08.732.365/0001-12;;06.068.652-9;;;
MERCADINHO COSTA;;;ROMEIRAO;;;;AV. SALGUEIRO, 275;;;;;;;;;;;

;;;;;;;;;;;;;;;;;;;;;;;;

7219;MARCOS ALVES SILVA;;;JUAZEIRO DO NORTE;;;;CE; 6.301-970;;(  )     -    ;;;008.049.943-07;;;;;
3M RACOES ;;;SÃO GERALDO;;;;CICERA PATRÍCIA DA COSTA , 24;;;;;;;;;;;

;;;;;;;;;;;;;;;;;;;;;;;;

7397;MARCUS VINICIUS EVANGELISTA ARAUJO;;;JUAZEIRO DO NORTE;;;;CE; 6.300-000;;(  ) 9971-1109;;;013.272.543-60;;;;;
ANIMALI PET;;;SÃO JOSE;;;;AV CICERO GONÇALVES , 503;;;;;;;;;;;

;;;;;;;;;;;;;;;;;;;;;;;;

3315;MARIA  SOCORRO FERNANDES DA SILVA;;;JUAZEIRO DO NORTE;;;;CE;63.030-730;;(88) 3572-1268;;;195.672.273-49;;;;;
;;;NOVO JUAZEIRO;;;;RUA JOSE SEBASTIAO DE CARVALHO, 88;;;;;;;;;;;

;;;;;;;;;;;;;;;;;;;;;;;;

3657;MARIA CLAUDIANA GARCIA BARBOSA;;;JUAZEIRO DO NORTE;;;;CE;63.000-000;;( 8)88814-4460;;;027.192.353-93;;;;;
DONA FRANCISCA;;;FREI DAMIAO;;;;R. RAIMUNDO MARQUES DA SILVA,317, 317;;;;;;;;;;;

;;;;;;;;;;;;;;;;;;;;;;;;

6651;MARIA DE JESUS ARAUJO GOMES;;;JUAZEIRO DO NORTE;;;;CE;63.043-340;;(  ) 9728-7891;;;968.497.543-00;;;;;
MERCEARIA NOVA UNIAO;;;FREI DAMIAO;;;;TENENTE ALFREDO, 89;;;;;;;;;;;

;;;;;;;;;;;;;;;;;;;;;;;;

6863;MARIA EVELANE FERNANDES DE SOUSA;;;JUAZEIRO DO NORTE;;;;CE;63.020-140;;(  )     -    ;;;44.027.525/0001-96;;;;;
FOFURAS PET;;;FRANCISCANOS;;;;R SAO MAMEDE, 132;;;;;;;;;;;

;;;;;;;;;;;;;;;;;;;;;;;;

;;;;;;;;;;;;;;;;;;;;;;;;

ERES Informática LTDA.;;;;;PAG: 227;;;20/08/2026 - 09:44:21;;;025;

;;;;;;;;;;;;;;;;;;;;;;;;
;;;;;;;;;;;;;;;;;;;;;;;;

;;
;;;FRANCISCO LUCIANO ALVES HONORIO ME;;;;;;;
;;;Clientes por Vendedor  ;;;;;
;;

;;;;;;;;;;;;;;;;;;;;;;;;

Código;Nome Cliente;;;Cidade;;;;UF;CEP;;FONE;;;C.P.F./C.N.P.J;;R.G./C.G.F.;;;
Nome Fantasia;;;Bairro;;;;Endereço;;;;;

6470;MARIA JEIZA BARBOSA DE MARTINEZ;;;JUAZEIRO DO NORTE;;;;CE;63.031-590;;(  ) 8807-9800;;;294.997.068-01;;;;;
MERCADINHO DA JEANE;;;TIRADENTES ;;;;SEBASTIAO MARIANO DA SILVA, 589;;;;;;;;;;;

;;;;;;;;;;;;;;;;;;;;;;;;

356;MARIA JOSE BARRETO DE QUEIROZ SANTOS ME;;;JUAZEIRO DO NORTE;;;;CE;63.010-000;;(88) 3511-3964;;;35.012.020/0001-67;;06.016.991-5;;;
SANTOS;;;CENTRO;;;;RUA DA GLORIA , 693;;;;;;;;;;;

;;;;;;;;;;;;;;;;;;;;;;;;

2518;MARIA QUINTINA BARBOSA TORRES;;;JUAZEIRO DO NORTE;;;;CE;63.024-370;;( 8)83571-7856;;;09.489.381/0001-99;;06.361435-9;;;
SR MARCOS;;;SAO JOSE;;;;R LUIS PEREIRA E SILVA, 367, 0;;;;;;;;;;;

;;;;;;;;;;;;;;;;;;;;;;;;

1860;MARIA SUELI DA SILVA;;;JUAZEIRO DO NORTE;;;;CE;63.030-200;;(88) 3571-7197;;;909.914.603-59;;;;;
MERCADINHO DA SUELI;;;PIRAJA;;;;AV. CASTELO BRANCO, , 1523;;;;;;;;;;;

;;;;;;;;;;;;;;;;;;;;;;;;

6614;MIRIAN FELIX FEITOSA;;;JUAZEIRO DO NORTE;;;;CE;63.018-100;;(  ) 8822-0775;;;038.442.053-22;;;;;
MERCADINHO DA MIRIAN;;;AEROPORTO/VILA NOVA;;;;JOAQUIM LEANDRO DE SOUZA, 2035;;;;;;;;;;;

;;;;;;;;;;;;;;;;;;;;;;;;

6531;MR COURAS MERCANTIL LTDA-ME;;;JUAZEIRO DO NORTE;;;;CE;63.010-000;;(  ) 3511-1850;;;26.111.220/0001-86;;065447824;;;
MARCIA MERCANTIL;;;CENTRO;;;;RUA SAO PAULO, 623;;;;;;;;;;;

;;;;;;;;;;;;;;;;;;;;;;;;

6480;NASCELIO RUFINO DE OLIVEIRA;;;JUAZEIRO DO NORTE;;;;CE; 6.049-250;;(  ) 8876-7513;;;35.804.865/0001-95;;060889438;;;
MERCANTIL JB;;;CAMPO ALEGRE;;;;RUA JOSE AUGUSTO GONÇALVES , 1278;;;;;;;;;;;

;;;;;;;;;;;;;;;;;;;;;;;;

6845;NATALIA PEREIRA GOMES;;;JUAZEIRO DO NORTE;;;;CE;  .   -   ;;(  )99357-0048;;;42.017.575/0001-67;;;;;
MARI PET SHOP;;;LIMOEIRO;;;;SAO BENEDITO, 1977;;;;;;;;;;;

;;;;;;;;;;;;;;;;;;;;;;;;

3750;ODILON CORDEIRO MACIEL NETO;;;JUAZEIRO DO NORTE;;;;CE;  .   -   ;;(  )     -    ;;;   .   .   -  ;;;;;
;;;CENTRO;;;;R. TODOS OS SANTOS, 80, 0;;;;;;;;;;;

;;;;;;;;;;;;;;;;;;;;;;;;

3811;PAULO BEZERRA DA SILVA;;;JUAZEIRO DO NORTE;;;;CE;63.042-011;;( 8)83571-3301;;;02.286.844/0001-76;;06.997.391-1;;;
;;;SAO JOSE;;;;R.MOESIO DE SOUZA,  153, 0;;;;;;;;;;;

;;;;;;;;;;;;;;;;;;;;;;;;

2527;RAIMUNDO BOTELHO PEREIRA DA SILVA;;;JUAZEIRO DO NORTE;;;;CE;63.000-000;;( 8)89937-3427;;;035.834.134-58;;;;;
RAIMUNDO;;;ANTONIO VIEIRA;;;;R LADISLAU ARRUDA CAMPOS, 773;;;;;;;;;;;

;;;;;;;;;;;;;;;;;;;;;;;;

6803;RIZOMAR ALVES DA CRUZ;;;JUAZEIRO DO NORTE;;;;CE;63.000-000;;(  )98828-4200;;;444.124.013-91;;;;;
CASA DE PASSAROS;;;TIRADENTES;;;;AVENIDA RADIALISTA COELHO ALVES, 1033;;;;;;;;;;;

;;;;;;;;;;;;;;;;;;;;;;;;

;;;;;;;;;;;;;;;;;;;;;;;;

ERES Informática LTDA.;;;;;PAG: 228;;;20/08/2026 - 09:44:21;;;025;

;;;;;;;;;;;;;;;;;;;;;;;;
;;;;;;;;;;;;;;;;;;;;;;;;;;

;;
;;;FRANCISCO LUCIANO ALVES HONORIO ME;;;;;;;
;;;Clientes por Vendedor  ;;;;;
;;

;;;;;;;;;;;;;;;;;;;;;;;;;;

Código;Nome Cliente;;;;;Cidade;;;;UF;CEP;;FONE;;;C.P.F./C.N.P.J;;R.G./C.G.F.;;;
Nome Fantasia;;;;;Bairro;;;;Endereço;;;;;

7405;THIAGO PEREIRA SILVA ;;;;;JUAZEIRO DO NORTE;;;;CE;63.029-180;;(  ) 9712-1782;;;063.644.633-63;;;;;
DANTHY RACOES ;;;;;TIMBAUBA;;;;RUA ESTELITA SILVA , 550;;;;;;;;;;;

;;;;;;;;;;;;;;;;;;;;;;;;;;

7727;UNIVET CARIRI;;;;;JUAZEIRO DO NORTE;;;;CE;63.034-012;;(88)99812-3888;;;14.301.844/0001-87;;065779258;;;
UNIVET CARIRI;;;;;PIRAJÁ ;;;;AV AILTON GOMES DE ALENCAR , 2427;;;;;;;;;;;

;;;;;;;;;;;;;;;;;;;;;;;;;;

6843;VALDENE DE MOURA FREITAS;;;;;JUAZEIRO DO NORTE;;;;CE;  .   -   ;;(  )     -    ;;;43.933.180/0001-77;;07.024443-0;;;
NUTRI + RACAO;;;;;FREI DAMIAO;;;;MANOEL TAVARES LOPES, 1013;;;;;;;;;;;

;;;;;;;;;;;;;;;;;;;;;;;;;;

6191;VANUZA DA SILVA PEIXOTO;;;;;JUAZEIRO DO NORTE;;;;CE;63.040-745;;(  )99358-4800;;;10.599.113/0001-09;;067720579;;;
MERCADINHO VANUZA;;;;;TRIÂNGULO;;;;RUA LUIZ DE FREITAS , 708;;;;;;;;;;;

;;;;;;;;;;;;;;;;;;;;;;;;;;

4263;VERONICA GOMES NOGUEIRA MERCANTIL;;;;;JUAZEIRO DO NORTE;;;;CE;63.041-080;;(88)96439-095 ;;;15.688.967/0001-85;;066084911;;;
;;;;;TRIANGULO;;;;R. VALDOMIRO MARCAL DO CARMO, 354;;;;;;;;;;;

;;;;;;;;;;;;;;;;;;;;;;;;;;

6634;WELMA BARBOSA DA SILVA FERREIRA;;;;;JUAZEIRO DO NORTE;;;;CE;63.030-441;;(  ) 9919-5271;;;39.918.604/0001-57;;061350222;;;
PET SHOP CARIRI;;;;;NOVO JUAZEIRO;;;;AV ANTONIO SALES, 311;;;;;;;;;;;

;;;;;;;;;;;;;;;;;;;;;;;;;;

Clientes listados Vendedor:;;;;;;;65;;;;;;;;;;;;;;;;;;;

;;;;;;;;;;;;;;;;;;;;;;;;;;

ERES Informática LTDA.;;;;;PAG: 229;;;20/08/2026 - 09:44:21;;;025;

;;;;;;;;;;;;;;;;;;;;;;;;;;
;;;;;;;;;;;;;;;;;;;;;;;;;;;

;;
;;;FRANCISCO LUCIANO ALVES HONORIO ME;;;;;;;
;;;Clientes por Vendedor  ;;;;;
;;

;;;;;;;;;;;;;;;;;;;;;;;;;;;

Código;Nome Cliente;;;;;;Cidade;;;;UF;CEP;;FONE;;;C.P.F./C.N.P.J;;R.G./C.G.F.;;;
Nome Fantasia;;;;;;Bairro;;;;Endereço;;;;;

Vendedor:;8021;;RAFAEL DORGE VIEIRA;;;;;;;;;;;;;;;;;;;
8039;ANTONIO SALISBURY DE OLIVEIRA E SILVA ;;;;;;ACOPIARA;;;;CE;63.560-000;;(88)98112-6149;;;41.417.379/0001-17;;069439532;;;
ME BURI;;;;;;TRUSSU;;;;R ANTONIO MOREIRA, 51;;;;;;;;;;;

;;;;;;;;;;;;;;;;;;;;;;;;;;;

8028;KELIANE BRITO FELIX;;;;;;ACOPIARA;;;;CE;63.560-000;;( 8)89951-9198;;;52.259.282/0001-40;;071530622;;;
ME MARIANE;;;;;;NOVA ACOPIARA ;;;;AV LIMA DE DINIZ, 54;;;;;;;;;;;

;;;;;;;;;;;;;;;;;;;;;;;;;;;

8032;L C D FARIAS;;;;;;ACOPIARA;;;;CE;63.595-000;;( 8)83556-1527;;;72.490.105/0001-87;;068703112;;;
SUPER CATARINA ;;;;;;CENTRO;;;;RUA JOSE DOMIGUES NETO, 0;;;;;;;;;;;

;;;;;;;;;;;;;;;;;;;;;;;;;;;

8029;LAIS COSTA FERREIRA;;;;;;ACOPIARA;;;;CE;63.560-000;;(  )     -    ;;;29.548.947/0001-13;;067456936;;;
ME PRECO BAIXO;;;;;;SÃO FRANCISCO ;;;;VANDA PINHO CAVALCANTE , 820;;;;;;;;;;;

;;;;;;;;;;;;;;;;;;;;;;;;;;;

8025;MARGARENE ALVES DE OLIVEIRA ;;;;;;ACOPIARA;;;;CE;63.560-000;;(  )     -    ;;;13.653.868/0001-32;;065604954;;;
ME DIONESIO;;;;;;MOREIRAS;;;;VALDEMAR RUFINO, 137;;;;;;;;;;;

;;;;;;;;;;;;;;;;;;;;;;;;;;;

Clientes listados Vendedor:;;;;;;;;5;;;;;;;;;;;;;;;;;;;

Vendedor:;8075;;VENDAS LOJA JUAZEIRO;;;;;;;;;;;;;;;;;;;
5909;ANA CLAUDIA LEIMIG TELLES;;;;;;JUAZEIRO DO NORTE;;;;CE;  .   -   ;;(81)98526-1563;;;369.388.743-87;;86169385 SSP/CE;;;
ANA CLAUDIA LEIMIG TELLES;;;;;;LAGOA SECA;;;;RUA JOSE ILANIO COUTO GONDIM, 286;;;;;;;;;;;

;;;;;;;;;;;;;;;;;;;;;;;;;;;

Clientes listados Vendedor:;;;;;;;;1;;;;;;;;;;;;;;;;;;;

;;;;;;;;;;;;;;;;;;;;;;;;;;;

ERES Informática LTDA.;;;;;;PAG: 230;;;20/08/2026 - 09:44:21;;;025;

;;;;;;;;;;;;;;;;;;;;;;;;;;;
;;;;;;;;;;;;;;;;;;;;;;;;;

;;
;;;FRANCISCO LUCIANO ALVES HONORIO ME;;;;;;;
;;;Clientes por Vendedor  ;;;;;
;;

;;;;;;;;;;;;;;;;;;;;;;;;;

Código;Nome Cliente;;;;Cidade;;;;UF;CEP;;FONE;;;C.P.F./C.N.P.J;;R.G./C.G.F.;;;
Nome Fantasia;;;;Bairro;;;;Endereço;;;;;

Vendedor:;8187;;JOAO BOSCO LEMOS DE SOUSA;;;;;;;;;;;;;;;;;
3355;A C ALVES BEZERRA;;;;BREJO SANTO;;;;CE;63.260-000;;(88)99625-8081;;;02.133.953/0001-53;;069942536;;;
MERCANTIL LOGOS;;;;SAO FRANCISCO;;;;RUA  SANTA TEREZINHA, 176;;;;;;;;;;;

;;;;;;;;;;;;;;;;;;;;;;;;;

7919;A GRANGEIRO GONCALVES EPP;;;;PENAFORTE;;;;CE;63.280-000;;(88)98812-9614;;;04.277.517/0001-83;;063080400;;;
MERCFRUTAS VARIEDADES;;;;CENTRO ;;;;R MILITAO CARVALHO, 57;;;;;;;;;;;

;;;;;;;;;;;;;;;;;;;;;;;;;

4787;A OSMAR PEREIRA ME;;;;PENAFORTE;;;;CE;63.280-000;;(88) 3559-1203;;;04.249.026/0001-29;;063064316;;;
MERC A OSMAR;;;;CENTRO;;;;TRAV. VITORIA NOVAIS, 105;;;;;;;;;;;

;;;;;;;;;;;;;;;;;;;;;;;;;

4165;A P SANTANA DE SOUZA;;;;ABAIARA;;;;CE;63.240-000;;(88)98885-0281;;;06.888.008/0001-12;;066980003;;;
MERCANTIL SANTA CLARA;;;;CENTRO;;;;RUA JOSE LEITE TAVARES, 74;;;;;;;;;;;

;;;;;;;;;;;;;;;;;;;;;;;;;

4129;A SILVA MARTINS MERCEARIA;;;;ABAIARA;;;;CE;63.240-000;;(  )98862-6047;;;07.610.947/0001-63;;061893064;;;
MERC MARTINS/ FINAL DA RUA;;;;CENTRO;;;;RUA SAO FRANCISCO, 65;;;;;;;;;;;

;;;;;;;;;;;;;;;;;;;;;;;;;

8153;ABILIO JOAO VALENTIM;;;;PENAFORTE;;;;CE;63.280-000;;(88)98226-4752;;;348.829.603-20;;;;;
CASA RACAO DO CAMPO;;;;CENTRO;;;;RUA VITORIA NOVAIS  , 416;;;;;;;;;;;

;;;;;;;;;;;;;;;;;;;;;;;;;

7439;ADRIANO SILVA GONCALVES ;;;;BREJO SANTO;;;;CE;63.260-000;;(88)98878-4735;;;50.545.357/0001-23;;071280960;;;
EMPORIO CARIRI;;;;PADRE CICERO;;;;RUA JOAQUIM NICODEMOS, 0;;;;;;;;;;;

;;;;;;;;;;;;;;;;;;;;;;;;;

8008;AGRO ARARIPE COMERCIO E MEDICAMENTOS VETERINARIOS LTDA;;;;JARDIM;;;;CE;63.290-000;;(88)98827-6827;;;61.324.181/0001-04;;072659653;;;
AGRO ARARIPE;;;;CENTRO;;;;R CEL TEODOMIROF SAMPAIO, 64;;;;;;;;;;;

;;;;;;;;;;;;;;;;;;;;;;;;;

7711;AGRO TUDO COMERCIO VETERINARIO LTDA;;;;MAURITI;;;;CE;63.210-000;;(  )     -    ;;;51.617.212/0001-53;;071551832;;;
AGRO TUDO;;;;BELA VISTA;;;;RUA 02, 0;;;;;;;;;;;

;;;;;;;;;;;;;;;;;;;;;;;;;

;;;;;;;;;;;;;;;;;;;;;;;;;

ERES Informática LTDA.;;;;;;PAG: 231;;;20/08/2026 - 09:44:21;;;025;

;;;;;;;;;;;;;;;;;;;;;;;;;
;;;;;;;;;;;;;;;;;;;;;;;;

;;
;;;FRANCISCO LUCIANO ALVES HONORIO ME;;;;;;;
;;;Clientes por Vendedor  ;;;;;
;;

;;;;;;;;;;;;;;;;;;;;;;;;

Código;Nome Cliente;;;Cidade;;;;UF;CEP;;FONE;;;C.P.F./C.N.P.J;;R.G./C.G.F.;;;
Nome Fantasia;;;Bairro;;;;Endereço;;;;;

3537;AGROCAMPO GONÇALVES LTDA;;;IPAUMIRIM;;;;CE;63.340-000;;(88) 3567-1347;;;11.064.540/0001-55;;06.036.889-6;;;
TIAGO;;;CENTRO;;;;R. CEL GUSTAVO LIMA, 136;;;;;;;;;;;

;;;;;;;;;;;;;;;;;;;;;;;;

7781;AILSON ANTONIO DOS SANTOS;;;CEDRO;;;;PE;56.130-000;;(88)98123-9987;;;21.667.412/0001-50;;;;;
MEGA VEDURAO E CASA DAS SACOLAS;;;CENTRO;;;;RUA JOAQUIM NABUCO, 67;;;;;;;;;;;

;;;;;;;;;;;;;;;;;;;;;;;;

6738;AIRTON LEOBINO NOGUEIRA ;;;JATI;;;;CE;63.270-000;;(  )     -    ;;;24.171.495/0001-80;;;;;
MERCANTIL LEOBINO ;;;CENTRO;;;;AV JOSE HUMBERTO GONDIN , 129;;;;;;;;;;;

;;;;;;;;;;;;;;;;;;;;;;;;

6475;ALANIA OLIVEIRA VALENTIM ME;;;PENAFORTE;;;;CE;63.280-000;;(88)98804-7552;;;25.128.036/0001-86;;065368576;;;
CASA RACOES DO CAMPO;;;CENTRO;;;;RUA: VITORIA NOVAIS, 401;;;;;;;;;;;

;;;;;;;;;;;;;;;;;;;;;;;;

7334;ALEXANDRE AMARO ALVES;;;BARRO;;;;CE;63.380-000;;(88)99767-0483;;;18.059.002/0001-11;;065101669;;;
MERCADINHO PAZ ;;;TRAJANO NOGUEIRA;;;;R LUIZ COELHO VIANA, 424;;;;;;;;;;;

;;;;;;;;;;;;;;;;;;;;;;;;

6673;ALEXANDRO EMILIO DE OLIVEIRA;;;MAURITI;;;;CE;63.210-000;;(88)99974-0534;;;40.714.911/0001-03;;06.177272-0;;;
BRASIBOL;;;BELA VISTA;;;;RUA QUATRO, 246;;;;;;;;;;;

;;;;;;;;;;;;;;;;;;;;;;;;

205;ALMIRO LEITE DE OLIVEIRA;;;JARDIM;;;;CE;63.290-000;;(88) 3555-1130;;;07.391.022/0001-79;;068082924;;;
ALMIRO LEITE (ERIVAM GRADE DE PORTAO);;;CENTRO;;;;RUA MONSENHOR  ALCANTARA, 20;;;;;;;;;;;

;;;;;;;;;;;;;;;;;;;;;;;;

7108;ANA MARIA S. RODRIGUES;;;BARRO;;;;CE;63.380-000;;(  )     -    ;;;41.039.489/0001-92;;063292939;;;
CENTRAL PET;;;CENTRO;;;;R PRE JUSTINO ALVES FEITOSA, 490;;;;;;;;;;;

;;;;;;;;;;;;;;;;;;;;;;;;

7366;ANA TERESA MATIAS DE OLIVEIRA ;;;PENAFORTE;;;;CE;63.280-000;;(88)98880-0374;;;49.057.833/0001-88;;;;;
MERCADINHO ANA TERESA;;;PADRE CICERO;;;;AV ANA TERESA DE JESUS , 794;;;;;;;;;;;

;;;;;;;;;;;;;;;;;;;;;;;;

8220;ANDERSON MICHEL ROCHA ;;;CEDRO;;;;PE;56.130-000;;(87)99194-8982;;;101.317.784-39;;;;;
AGROVET ;;;CENTRO ;;;;RUA FRANCISCO FILGUEIRA SAMPAIO , 172;;;;;;;;;;;

;;;;;;;;;;;;;;;;;;;;;;;;

7278;ANDREIA DA SILVA CAVALCANTE ;;;BREJO SANTO;;;;CE;  .   -   ;;(88) 9813-9114;;;33.541.006/0001-25;;069395187;;;
MERCADINHO SAO FRANCISCO ;;;SÃO FRANCISCO ;;;;INTENDENTE LOURENÇO GOMES, 698;;;;;;;;;;;

;;;;;;;;;;;;;;;;;;;;;;;;

5102;ANDREIA MARIA COSTA;;;JARDIM;;;;CE;63.290-000;;(88) 3555-1832;;;897.509.933-49;;;;;
SUPER SACOLAO DA FARTURA;;;CENTRO;;;;RUA WILSON RORIZ, 1680;;;;;;;;;;;

;;;;;;;;;;;;;;;;;;;;;;;;

;;;;;;;;;;;;;;;;;;;;;;;;

ERES Informática LTDA.;;;;;PAG: 232;;;20/08/2026 - 09:44:21;;;025;

;;;;;;;;;;;;;;;;;;;;;;;;
;;;;;;;;;;;;;;;;;;;;;;;;

;;
;;;FRANCISCO LUCIANO ALVES HONORIO ME;;;;;;;
;;;Clientes por Vendedor  ;;;;;
;;

;;;;;;;;;;;;;;;;;;;;;;;;

Código;Nome Cliente;;;Cidade;;;;UF;CEP;;FONE;;;C.P.F./C.N.P.J;;R.G./C.G.F.;;;
Nome Fantasia;;;Bairro;;;;Endereço;;;;;

8003;ANDREY CLAUDINO FEITOSA;;;MAURITI;;;;CE;63.210-000;;(88)98115-8081;;;63.326.203/0001-92;;072911247;;;
IMPERIO AGRICOLA ;;;PALESTINA;;;;RUA CENTRAL, 0;;;;;;;;;;;

;;;;;;;;;;;;;;;;;;;;;;;;

1282;ANNA SARAH ALVES FELIX DANTAS DE MENDONCA MERCANTIL;;;MILAGRES;;;;CE;63.250-000;;(88) 9906-1068;;;01.259.450/0001-66;;060632291;;;
A JADER TAVARES DE MENDONCA ME / MERCANTIL BOM PRECO;;;CENTRO;;;;R. DO COMERCIO , 47;;;;;;;;;;;

;;;;;;;;;;;;;;;;;;;;;;;;

914;ANTONIO ANASTACIO DE SOUZA ;;;MILAGRES;;;;CE;63.250-000;;(88) 3553-1287;;;034.859.034-26;;;;;
MERCANTIL SANTA CLARA (RENATO);;;CENTRO;;;;PRACA DO COMERCIO, 23;;;;;;;;;;;

;;;;;;;;;;;;;;;;;;;;;;;;

1012;ANTONIO BEZERRA LEITE;;;MAURITI;;;;CE;63.210-000;;(88)3552 -9003;;;07.651.367/0001-14;;062207083;;;
HIPER MERCANTIL CEARA;;;PALESTINA;;;;RUA DO COMERCIO, 90;;;;;;;;;;;

;;;;;;;;;;;;;;;;;;;;;;;;

5384;ANTONIO FERREIRA DANTAS;;;JARDIM;;;;CE; 6.329-000;;(88) 3555-1297;;;005.030.703-78;;;;;
MERCANTIL JANILDE (MICHELY);;;CENTRO;;;;RUA LEONEL ALENCAR, 55;;;;;;;;;;;

;;;;;;;;;;;;;;;;;;;;;;;;

6395;ANTONIO FRANCISCO LEITE;;;JARDIM;;;;CE;63.290-000;;(  )98147-5419;;;731.435.533-91;;;;;
SUPERMERCADO PAI E FILHOS;;;CENTRO;;;;RUA VALTER RORIZ , 167;;;;;;;;;;;

;;;;;;;;;;;;;;;;;;;;;;;;

1314;ANTONIO LUIZ DOS SANTOS;;;PORTEIRAS;;;;CE;63.270-000;;(  )98110-3293;;;07.655.681/0001-75;;068084846;;;
MERCEARIA SR.ANTONIO;;;CENTRO;;;;RUA VINTE CINCO DE MARCO, 6;;;;;;;;;;;

;;;;;;;;;;;;;;;;;;;;;;;;

6734;ANTONIO MENDES DA SILVA FILHO;;;BREJO SANTO;;;;CE;63.260-000;;(88)99665-2065;;;30.543.907/0001-68;;067630790;;;
MERCANTIL SANTO ANTONIO;;;ZONA RURAL;;;;SITIO LAGOA DO MATO 1, 671;;;;;;;;;;;

;;;;;;;;;;;;;;;;;;;;;;;;

5495;APARECIDO VIEIRA CAVALCANTE ME;;;PORTEIRAS;;;;CE;63.270-000;;(  )98112-7773;;;19.496.928/0001-37;;067195580;;;
AGROTUR;;;CENTRO;;;;RUA PRINCESA ISABEL, 45;;;;;;;;;;;

;;;;;;;;;;;;;;;;;;;;;;;;

4757;ARMANDO DA SILVA SANTOS;;;ABAIARA;;;;CE;63.240-000;;(88)98884-1788;;;069.548.173-84;;;;;
MERCANTIL WILSON;;;CENTRO;;;;RUA EXPEDITO OLIVEIRA DAS NEVES, 59;;;;;;;;;;;

;;;;;;;;;;;;;;;;;;;;;;;;

6909;BRIGIDA BEM LEITE;;;CEDRO;;;;PE;56.130-000;;(87)99945-9632;;;44.034.795/0001-24;;;;;
MERCADINHO SANTO ANTONIO;;;CENTRO;;;;RUA JOAQUIM NABUCO, 23;;;;;;;;;;;

;;;;;;;;;;;;;;;;;;;;;;;;

7316;BRIGIDA MORAIS PATRICIO;;;MILAGRES;;;;CE;63.250-000;;(  )     -    ;;;15.099.833/0004-71;;06.947533-4;;;
MERCEARIA MORAIS;;;ZONA RURAL;;;; SITIO NAZARE , 0;;;;;;;;;;;

;;;;;;;;;;;;;;;;;;;;;;;;

;;;;;;;;;;;;;;;;;;;;;;;;

ERES Informática LTDA.;;;;;PAG: 233;;;20/08/2026 - 09:44:21;;;025;

;;;;;;;;;;;;;;;;;;;;;;;;
;;;;;;;;;;;;;;;;;;;;;;;;

;;
;;;FRANCISCO LUCIANO ALVES HONORIO ME;;;;;;;
;;;Clientes por Vendedor  ;;;;;
;;

;;;;;;;;;;;;;;;;;;;;;;;;

Código;Nome Cliente;;;Cidade;;;;UF;CEP;;FONE;;;C.P.F./C.N.P.J;;R.G./C.G.F.;;;
Nome Fantasia;;;Bairro;;;;Endereço;;;;;

6992;C FABIANO BEZERRA DE OLIVEIRA;;;MAURITI;;;;CE;63.210-000;;(  )     -    ;;;41.894.669/0001-51;;06.348221-5;;;
MERCANTIL BEZERRA;;;VILA PALESTINA OESTE;;;;R GABRIEL IZIDRO, 336;;;;;;;;;;;

;;;;;;;;;;;;;;;;;;;;;;;;

5955;C M DE MORAIS MINIMERCADO - ME;;;MAURITI;;;;CE;63.210-000;;(  )98142-8338;;;24.305.822/0001-49;;064969177;;;
MERCADINHO CLARA;;;PALESTINA;;;;RUA JOAO BARBOSA , 525;;;;;;;;;;;

;;;;;;;;;;;;;;;;;;;;;;;;

7892;CANE & GATTO SAUDE ANIMAL LTDA;;;MILAGRES;;;;CE;63.250-970;;(88)99723-8987;;;53.385.153/0001-60;;071705201;;;
CANE & GATTO;;;CENTRO;;;;RUA PRESIDENTE VARGAS, 99;;;;;;;;;;;

;;;;;;;;;;;;;;;;;;;;;;;;

7969;CARLA DANIELLA PARENTE ALS;;;CEDRO;;;;PE;  .   -   ;;(87)99944-1710;;;068.191.654-04;;;;;
VERDURAO CENTRAL;;;CENTRO;;;;R SETE DE SETEMBRO , 32;;;;;;;;;;;

;;;;;;;;;;;;;;;;;;;;;;;;

3375;CARLOS DA COSTA DANTAS;;;MILAGRES;;;;CE;63.250-000;;(  )99951-4737;;;928.334.703-04;;;;;
MERCADINHO DE MARCIA;;;FRANCISCA SOCORRO;;;;RUA PADRE CICERO, 99;;;;;;;;;;;

;;;;;;;;;;;;;;;;;;;;;;;;

8159;CAUA WILLIAM TAVARES DE SOUSA;;;MAURITI;;;;CE;63.210-000;;(  )     -    ;;;64.247.852/0001-60;;073032816;;;
CASA DA RACAO;;;DISTRITO DE COITE;;;;RUA DIONIZIO LEITE, 230;;;;;;;;;;;

;;;;;;;;;;;;;;;;;;;;;;;;

4722;CELIA MARIA ALVES;;;PENAFORTE;;;;CE;63.280-000;;(88) 3559-1257;;;002.591.553-30;;;;;
MERC FRUTAS VARIEDADES (TONY);;;CENTRO;;;;RUA  MILITAO CARVALHO, 57;;;;;;;;;;;

;;;;;;;;;;;;;;;;;;;;;;;;

743;CICERA ALVES GALVAO DE BRITO;;;JARDIM;;;;CE;63.290-000;;(88)98114-2049;;;02.623.819/0001-30;;062706969;;;
DIVAR;;;CENTRO;;;;RUA BARBOSA DE FREITAS, 16;;;;;;;;;;;

;;;;;;;;;;;;;;;;;;;;;;;;

7905;CICERA DA SILVA SOARES;;;MILAGRES;;;;CE;63.250-000;;(88)99331-5192;;;14.895.039/0001-29;;065959175;;;
FRIGOTIL;;;CENTRO;;;;TRAVESSA JACOB FELIX, 197;;;;;;;;;;;

;;;;;;;;;;;;;;;;;;;;;;;;

3376;CICERO A DA SILVA ME;;;BARRO;;;;CE;63.380-000;;(88)99721-8944;;;03.258.953/0001-42;;062847465;;;
MERCANTIL PADRE CICERO;;;IARA;;;;AV. MANOEL CARDOSO DOS SANTOS, 15;;;;;;;;;;;

;;;;;;;;;;;;;;;;;;;;;;;;

7446;CICERO APARECIDO MATIAS PEREIRA ;;;CEDRO;;;;PE;56.130-000;;(87)99131-1917;;;034.905.574-25;;;;;
MERCADINHO CONSTRULAR;;;CENTRO;;;;AV ELISARIO CAVALCANTE, 2291;;;;;;;;;;;

;;;;;;;;;;;;;;;;;;;;;;;;

7861;CICERO BARBOSA COSTA;;;MAURITI;;;;CE;63.210-000;;(  )     -    ;;;066.630.463-73;;;;;
G&G CONVENIENCIA ;;;PALESTINA;;;; RUA JOAO BARBOSA , 530;;;;;;;;;;;

;;;;;;;;;;;;;;;;;;;;;;;;

;;;;;;;;;;;;;;;;;;;;;;;;

ERES Informática LTDA.;;;;;PAG: 234;;;20/08/2026 - 09:44:21;;;025;

;;;;;;;;;;;;;;;;;;;;;;;;
;;;;;;;;;;;;;;;;;;;;;;;;

;;
;;;FRANCISCO LUCIANO ALVES HONORIO ME;;;;;;;
;;;Clientes por Vendedor  ;;;;;
;;

;;;;;;;;;;;;;;;;;;;;;;;;

Código;Nome Cliente;;;Cidade;;;;UF;CEP;;FONE;;;C.P.F./C.N.P.J;;R.G./C.G.F.;;;
Nome Fantasia;;;Bairro;;;;Endereço;;;;;

7469;CICERO BEZERRA DE LIMA ;;;PORTEIRAS;;;;CE;63.270-000;;(88)98109-8123;;;48.975.311/0001-00;;071042580;;;
MERCEARIA SELDA ;;;ZONA RURAL;;;;MUQUEM ESTRADA BARREIROS , 220;;;;;;;;;;;

;;;;;;;;;;;;;;;;;;;;;;;;

1035;CICERO CARLOS CUNHA;;;JATI;;;;CE;63.225-000;;(  )98857-5817;;;26.872.472/0001-28;;066353670;;;
CARLOS CUNHA;;;CENTRO;;;;LARGO  LUIS BEZERRA, 1;;;;;;;;;;;

;;;;;;;;;;;;;;;;;;;;;;;;

5496;CICERO FERREIRA BRAZ;;;PORTEIRAS;;;;CE;63.270-000;;(88)98130-4982;;;969.836.393-91;;;;;
MERCADINHO FERREIRA;;;CENTRO;;;;RUA PRINCESA ISABEL, 24;;;;;;;;;;;

;;;;;;;;;;;;;;;;;;;;;;;;

825;CICERO GILBERTO SAMPAIO VARIEDADES ME;;;ABAIARA;;;;CE;63.240-000;;(88)98844-8151;;;02.846.511/0001-54;;062749480;;;
MERCANTIL SAO JOSE;;;VILA SAO JOSE;;;;VILA SAO JOSE DAS LAGES, 32;;;;;;;;;;;

;;;;;;;;;;;;;;;;;;;;;;;;

5383;CICERO LOURENCO DA SILVA;;;CEDRO;;;;PE;56.130-000;;(87)99675-9722;;;17.261.227/0001-93;;051048906;;;
MERCADINHO LOURENCO;;;CENTRO;;;;RUA DA PICARRA, 38;;;;;;;;;;;

;;;;;;;;;;;;;;;;;;;;;;;;

7790;CICERO PAULO  SOUSA;;;MAURITI;;;;CE;63.210-000;;(88)99937-7009;;;458.523.163-34;;;;;
SALAO  DE CABELO  ;;;CENTRO;;;;RUA JOSE LEITE DA COSTA , 340;;;;;;;;;;;

;;;;;;;;;;;;;;;;;;;;;;;;

3627;CICERO PEREIRA CABRAL;;;MAURITI;;;;CE;63.210-000;;(88) 9962-7786;;;08.377.862/0001-40;;062012290;;;
MERCADINHO DO POVO;;;BELA VISTA II;;;;RUA 01, 194;;;;;;;;;;;

;;;;;;;;;;;;;;;;;;;;;;;;

6739;CICERO REINALDO LAURIANO DA SILVA;;;MILAGRES;;;;CE;63.250-000;;(88)99633-4063;;;36.263.297/0001-25;;06.227428-7;;;
MERCEARIA DO ROBERO;;;FRANCISCA DO SOCORRO;;;;RUA JOAO FECHINI, 80;;;;;;;;;;;

;;;;;;;;;;;;;;;;;;;;;;;;

7658;CICERO SILVA SANTOS;;;PENAFORTE;;;;CE;63.280-000;;(88)98863-8739;;;035.786.383-66;;;;;
CASA DE RACAO;;;ANA TEREZA ;;;;AV ANA TEREZA DE JESUS , 470;;;;;;;;;;;

;;;;;;;;;;;;;;;;;;;;;;;;

;;;;;;;;;;;;;;;;;;;;;;;;

ERES Informática LTDA.;;;;;PAG: 235;;;20/08/2026 - 09:44:21;;;025;

;;;;;;;;;;;;;;;;;;;;;;;;
;;;;;;;;;;;;;;;;;;;;;;;;

;;
;;;FRANCISCO LUCIANO ALVES HONORIO ME;;;;;;;
;;;Clientes por Vendedor  ;;;;;
;;

;;;;;;;;;;;;;;;;;;;;;;;;

Código;Nome Cliente;;;Cidade;;;;UF;CEP;;FONE;;;C.P.F./C.N.P.J;;R.G./C.G.F.;;;
Nome Fantasia;;;Bairro;;;;Endereço;;;;;

5979;CLAUDENICE DE ARRUDA;;;MAURITI;;;;CE;63.210-000;;(88)99663-9190;;;071.314.484-00;;;;;
AGROPET RACOES MAURITI;;;CENTRO;;;;AVENIDA SINVAL LACERDA, 35;;;;;;;;;;;

;;;;;;;;;;;;;;;;;;;;;;;;

7772;CLEIDSON INACIO DE OLIVEIRA;;;BREJO SANTO;;;;CE;63.260-000;;(88)99836-2279;;;55.110.843/0001-32;;071902244;;;
RP RACOES ;;;CENTRO;;;;R JOAO INACIO DE LUCENA, 223;;;;;;;;;;;

;;;;;;;;;;;;;;;;;;;;;;;;

7180;COMERCIAL DE ALIMENTOS ROCHA LTDA;;;JARDIM;;;;CE;63.290-000;;(88)99698-6317;;;35.194.369/0001-67;;062850270;;;
ATACAREJO CENTRAL;;;CENTRO;;;;R PADRE MIGUEL COELHO, 119;;;;;;;;;;;

;;;;;;;;;;;;;;;;;;;;;;;;

7961;COMERCIAL LIMA E SILVA LTDA;;;MILAGRES;;;;CE;63.250-000;;(88)99721-5673;;;28.027.070/0001-52;;067495540;;;
PONTO DA ECONOMIA ;;;CENTRO;;;;RUA PADRE MISAEL GOMES, 659;;;;;;;;;;;

;;;;;;;;;;;;;;;;;;;;;;;;

7310;COSMO MARINHO BEZERRA DE LIMA;;;MAURITI;;;;CE;63.210-000;;(  )     -    ;;;47.303.778/0001-33;;;;;
MERCADINHO COSMO MARINHO;;;DOM BOSCO ;;;;R. AUGUSTO LEITE, 0;;;;;;;;;;;

;;;;;;;;;;;;;;;;;;;;;;;;

7215;CRISTOVAO PEDRO LINO MERCADINHO;;;BREJO SANTO;;;;CE;63.260-000;;(  )     -    ;;;09.597.254/0001-03;;063647028;;;
MERCADINHO DOIS IRMAOS;;;SAO SEBASTIAO;;;;PC INACIO PEREIRA DA SILVA, 1;;;;;;;;;;;

;;;;;;;;;;;;;;;;;;;;;;;;

5922;D ARARUNA DIAS ME;;;MAURITI;;;;CE;63.210-000;;(88)99948-8543;;;17.251.781/0001-90;;064727122;;;
MERCADINHO ARARUNA;;;CENTRO;;;;R TEODORICO F TELES CARTAXO, 117;;;;;;;;;;;

;;;;;;;;;;;;;;;;;;;;;;;;

7716;DAMIANA MOREIRA DA SILVA;;;MILAGRES;;;;CE;63.250-000;;(88)98229-6946;;;52.865.224/0001-60;;071615199;;;
MERCADINHO OLIVEIRA ;;;CENTRO;;;;1A VILA VILA CAFE DA LINHA, 100;;;;;;;;;;;

;;;;;;;;;;;;;;;;;;;;;;;;

7337;DAMIANA MOREIRA DA SILVA;;;ABAIARA;;;;CE;63.250-000;;(88)98188-8013;;;048.969.233-83;;2004029166318;;;
MERCADINHO OLIVEIRA ;;;CAFE DA LINHA ;;;;RUA LUIZ BELEM DE FIGUEIREDO , 100;;;;;;;;;;;

;;;;;;;;;;;;;;;;;;;;;;;;

7335;DAMIAO EPITACIO DE SOUSA ;;;BARRO;;;;CE;63.380-000;;(88)99987-0633;;;057.663.058-69;;170922145;;;
MERCADINHO JUREMA;;;JARDIM RAIMUNDO INACIO;;;;RUA PADRE TIBURCIO, 331;;;;;;;;;;;

;;;;;;;;;;;;;;;;;;;;;;;;

7661;DAMIAO FELIPE FURTADO;;;MAURITI;;;;CE;63.210-000;;(  )     -    ;;;214.977.963-34;;;;;
MERCADINHO DO DAMIAO ;;;CENTRO ;;;; CHAGAS SAMPAIO , 624;;;;;;;;;;;

;;;;;;;;;;;;;;;;;;;;;;;;

;;;;;;;;;;;;;;;;;;;;;;;;

ERES Informática LTDA.;;;;;PAG: 236;;;20/08/2026 - 09:44:21;;;025;

;;;;;;;;;;;;;;;;;;;;;;;;
;;;;;;;;;;;;;;;;;;;;;;;;

;;
;;;FRANCISCO LUCIANO ALVES HONORIO ME;;;;;;;
;;;Clientes por Vendedor  ;;;;;
;;

;;;;;;;;;;;;;;;;;;;;;;;;

Código;Nome Cliente;;;Cidade;;;;UF;CEP;;FONE;;;C.P.F./C.N.P.J;;R.G./C.G.F.;;;
Nome Fantasia;;;Bairro;;;;Endereço;;;;;

6715;DAMIAO JOSE LEITE DOS SANTOS ;;;JATI;;;;CE;63.275-000;;(88)98819-4489;;;044.796.724-00;;;;;
CASA DA RACAO (ANDRE);;;CENTRO;;;;R: MANOEL LUIZ , 222;;;;;;;;;;;

;;;;;;;;;;;;;;;;;;;;;;;;

6746;DAMIAO LEONCIO DO NASCIMENTO ME;;;MAURITI;;;;CE;63.210-000;;(88)99942-4264;;;07.977.971/0001-35;;061940488;;;
D E S BEBIDAS E ALIMENTOS ;;;CENTRO;;;;RUA BENJAMIN CONSTANT, 553;;;;;;;;;;;

;;;;;;;;;;;;;;;;;;;;;;;;

3438;DEULANIO MOREIRA PEREIRA;;;BARRO;;;;CE;63.380-000;;(88)99710-3383;;;08.695.864/0001-87;;062059831;;;
MERCADINHO N.S.APARECIDA;;;JARDIM RAIMUNDO INACIO;;;;RUA JOSE INACIO DE SOUZA, 101;;;;;;;;;;;

;;;;;;;;;;;;;;;;;;;;;;;;

5436;EDLEIDE MARQUES PEREIRA ME;;;MAURITI;;;;CE;63.210-000;;(88)99784-8072;;;06.907.969/0001-27;;066957702;;;
MERCADINHO EVILA;;;SERRINHA;;;;RUA AMELIO LEITE, 62;;;;;;;;;;;

;;;;;;;;;;;;;;;;;;;;;;;;

7079;EDSON DAS NEVES OLIVEIRA;;;PENAFORTE;;;;CE;63.280-000;;(88)98883-8558;;;32.286.446/0001-10;;069264180;;;
IDEAL MERCANTIL;;;PADRE CICERO;;;;AV ANA TERESA DE JESUS, 768;;;;;;;;;;;

;;;;;;;;;;;;;;;;;;;;;;;;

3383;ELVIRA FERNANDES LIMEIRA;;;PORTEIRAS;;;;CE;63.270-000;;(88) 3557-1463;;;10.479.874/0001-27;;063707594;;;
CASA DO PRODUTOR;;;CENTRO;;;;RUA JOSE DE ALENCAR, 40;;;;;;;;;;;

;;;;;;;;;;;;;;;;;;;;;;;;

7891;EMANUEL TRAVASSO ARARUNA;;;BARRO;;;;CE;63.380-000;;(88)99936-5903;;;037.290.893-40;;2005029111520;;;
BUDEGA DO AGRICULTOR ;;;CENTRO;;;; AV DEPUTADO GENUARIO FEITOSA, 855;;;;;;;;;;;

;;;;;;;;;;;;;;;;;;;;;;;;

4032;EVANEIDE REINALDO RODRIGUES;;;JATI;;;;CE;63.225-000;;(88)98833-8276;;;10.743.465/0001-96;;063766795;;;
EDIMAR;;;CENTRO;;;;RUA LARGO LUIZ BEZERRA, 70;;;;;;;;;;;

;;;;;;;;;;;;;;;;;;;;;;;;

5420;EXPEDITA MACEDO MATIAS;;;BREJO SANTO;;;;CE;63.260-000;;(  )99947-9226;;;400.827.413-87;;;;;
MERCABOM;;;SAO FRANCISCO;;;;RUA TIBURTINO INACIO, 489;;;;;;;;;;;

;;;;;;;;;;;;;;;;;;;;;;;;

7993;EZAU ALEXANDRE LIMA;;;MILAGRES;;;;CE;63.250-000;;(88)99839-8580;;;62.512.881/0001-87;;;;;
CASA DAS RACOES SARAIVA ;;;BAIRRO HABITAT;;;; RUA SERGIO COELHO, 4;;;;;;;;;;;

;;;;;;;;;;;;;;;;;;;;;;;;

7228;F A DA SILVA  ARTIGOS DOMESTICOS;;;JARDIM;;;;CE;63.290-000;;(88)98182-7816;;;40.337.166/0001-12;;06.747060-2;;;
ECONOMIZE ;;;FREI DAMIÃO ;;;; AV LEDITE NEVES SAMPAIO, 41;;;;;;;;;;;

;;;;;;;;;;;;;;;;;;;;;;;;

6444;F AURY DE FIGUEIREDO BRAGA ME;;;MILAGRES;;;;CE;63.250-000;;(  ) 3553-1345;;;21.353.044/0001-75;;063741466;;;
SUPERMAIS;;;CENTRO;;;;RUA SOUSA PRESA, 23;;;;;;;;;;;

;;;;;;;;;;;;;;;;;;;;;;;;

;;;;;;;;;;;;;;;;;;;;;;;;

ERES Informática LTDA.;;;;;PAG: 237;;;20/08/2026 - 09:44:21;;;025;

;;;;;;;;;;;;;;;;;;;;;;;;
;;;;;;;;;;;;;;;;;;;;;;;;

;;
;;;FRANCISCO LUCIANO ALVES HONORIO ME;;;;;;;
;;;Clientes por Vendedor  ;;;;;
;;

;;;;;;;;;;;;;;;;;;;;;;;;

Código;Nome Cliente;;;Cidade;;;;UF;CEP;;FONE;;;C.P.F./C.N.P.J;;R.G./C.G.F.;;;
Nome Fantasia;;;Bairro;;;;Endereço;;;;;

7282;F BERNARDO DOS SANTOS ;;;ABAIARA;;;;CE;  .   -   ;;(  )     -    ;;;08.038.985/0001-56;;061950092;;;
MERCADINHO VIDAL;;;63240000;;;;RUA SAO FRANCISCO , 180;;;;;;;;;;;

;;;;;;;;;;;;;;;;;;;;;;;;

6354;F BETANIA MACHADO DE LUCENA;;;MAURITI;;;;CE;63.210-000;;(  )99728-3024;;;33.248.362/0001-55;;06.932770-0;;;
CASA DE RACOES BELA VISTA;;;BELA VISTA;;;;RUA JOSE JACOME DE CARVALHO, 25;;;;;;;;;;;

;;;;;;;;;;;;;;;;;;;;;;;;

8231;F F DE ARAUJO ME;;;MAURITI;;;;CE;63.210-000;;(88)99763-5968;;;23.495.936/0001-36;;064727130;;;
MERCANTIL ECONOMICO ;;;CENTRO ;;;; RUA CHAGAS SAMPAIO , 478;;;;;;;;;;;

;;;;;;;;;;;;;;;;;;;;;;;;

3492;F F DE ARAUJO ME;;;MAURITI;;;;CE;63.210-000;;(88)99603-9312;;;08.201.191/0001-61;;061978361;;;
MERCADINHO ECONOMICO ( FRENTE DELEGACIA);;;CENTRO;;;;RUA FRANCISCO DAS CHAGAS SAMPAIO, 478;;;;;;;;;;;

;;;;;;;;;;;;;;;;;;;;;;;;

588;F.A.A. DA NOBREGA;;;MAURITI;;;;CE;63.210-000;;( 8)83552-1124;;;63.494.694/0001-80;;068896344;;;
;;;CENTRO;;;;RUA MARECHAL FLORIANO, 398;;;;;;;;;;;

;;;;;;;;;;;;;;;;;;;;;;;;

6750;FABIO ALVES FRANCELINO;;;MILAGRES;;;;CE;63.250-000;;(88)99295-5274;;;42.649.610/0001-60;;070019339;;;
MERCANTIL FRANCELINO;;;FRANCISCA DO SOCORRO ;;;;RUA JOSE DE ALENCAR, 107;;;;;;;;;;;

;;;;;;;;;;;;;;;;;;;;;;;;

6732;FELIPE DOS SANTOS FIGUEIREDO ;;;BREJO SANTO;;;;CE;63.260-000;;(  )99739-3520;;;27.560.493/0001-70;;066473772;;;
MERCANTIL FIGUEIREDO ;;;ZONA RURAL;;;;DITIO SAO FELIPE, 0;;;;;;;;;;;

;;;;;;;;;;;;;;;;;;;;;;;;

7399;FILEMON EVANGELISTA SAMPAIO;;;ABAIARA;;;;CE;63.240-000;;(  )98118-1506;;;07.224.588/0001-06;;061843660;;;
PET SHOP CHARME E CHEIRO ;;;CENTRO;;;; R JOSIAS LEITE TEIXEIRA , 345;;;;;;;;;;;

;;;;;;;;;;;;;;;;;;;;;;;;

6775;FLAVIO ROCHA VIDAL;;;PENAFORTE;;;;CE;63.280-000;;(88)98142-5277;;;41.004.779/0001-09;;061232793;;;
MERCADINHO QUINCAS;;;PADRE CICERO;;;;AV ANA TEREZA DE JESUS, 622;;;;;;;;;;;

;;;;;;;;;;;;;;;;;;;;;;;;

6451;FRANCIANA CRUZ TAVARES FERREIRA;;;MILAGRES;;;;CE;63.250-000;;(  )99639-9942;;;30.406.353/0001-57;;067608973;;;
MERCADINHO ALCANTRA (FALAR COM ROBLEDO);;;EUCALIPTOS OU VIVER BEM;;;;TV DAS RUAS 102 COM 104        , 49;;;;;;;;;;;

;;;;;;;;;;;;;;;;;;;;;;;;

7076;FRANCIERICA ALBERTO DE FIGUEIREDO SANTOS;;;JARDIM;;;;CE;63.290-000;;(88)98212-2004;;;24.025.335/0001-22;;064889807;;;
MERCANTIL POPULAR;;;BOM SUCESSO;;;;SITIO LAGOA DO ALTO, 115;;;;;;;;;;;

;;;;;;;;;;;;;;;;;;;;;;;;

7308;FRANCISCA ADRIANA JUCA GUEDES;;;MAURITI;;;;CE;63.210-000;;(  )     -    ;;;021.031.913-58;;2002010373281;;;
 MERCADINHO  DO PEDRO;;;NOVO MAURITI ;;;; RUA TRES, 54;;;;;;;;;;;

;;;;;;;;;;;;;;;;;;;;;;;;

;;;;;;;;;;;;;;;;;;;;;;;;

ERES Informática LTDA.;;;;;PAG: 238;;;20/08/2026 - 09:44:21;;;025;

;;;;;;;;;;;;;;;;;;;;;;;;
;;;;;;;;;;;;;;;;;;;;;;;;

;;
;;;FRANCISCO LUCIANO ALVES HONORIO ME;;;;;;;
;;;Clientes por Vendedor  ;;;;;
;;

;;;;;;;;;;;;;;;;;;;;;;;;

Código;Nome Cliente;;;Cidade;;;;UF;CEP;;FONE;;;C.P.F./C.N.P.J;;R.G./C.G.F.;;;
Nome Fantasia;;;Bairro;;;;Endereço;;;;;

6491;FRANCISCA AURENI MOURA DE SOUSA;;;MILAGRES;;;;CE;63.250-000;;(88)99968-8664;;;254.191.578-02;;550112;;;
CASA DE AURENI;;;EUCALIPTOS;;;;RUA FRANCISCO FILIPE SAMAPIO, 47;;;;;;;;;;;

;;;;;;;;;;;;;;;;;;;;;;;;

8196;FRANCISCA EVANGELISTA FIGUEIREDO DE ARAUJO ;;;MAURITI;;;;CE;63.210-000;;(88)99622-1800;;;959.122.663-20;;;;;
MERC SAO LUIZ;;;SERRINHA;;;;AV SENHOR MARTINS , 301;;;;;;;;;;;

;;;;;;;;;;;;;;;;;;;;;;;;

7676;FRANCISCA FRANCILENE DE LIMA;;;PORTEIRAS;;;;CE;63.270-000;;(88)98150-5586;;;10.763.127/0001-16;;063772035;;;
CASA DAS RACOES ;;;CENTRO;;;;RUA JOAQUIM PINHEIRO , 17;;;;;;;;;;;

;;;;;;;;;;;;;;;;;;;;;;;;

6756;FRANCISCO ADRIANO VIEIRA DE GOIS;;;BREJO SANTO;;;;CE;63.260-000;;(88)99787-1889;;;39.667.137/0001-30;;062372513;;;
MERCANTIL VIEIRA;;;RENE LUCENA 1;;;;RUA OLINDRINA LACERDA , 941;;;;;;;;;;;

;;;;;;;;;;;;;;;;;;;;;;;;

7402;FRANCISCO AILTON ANGELO;;;JARDIM;;;;CE;63.290-000;;(88)98121-0505;;;436.551.653-15;;;;;
TEMERCOM;;;CENTRO;;;;RUA CORONEL ROCHA, 6;;;;;;;;;;;

;;;;;;;;;;;;;;;;;;;;;;;;

1607;FRANCISCO AROLDO DE LUCENA MICROEMPRESA;;;BREJO SANTO;;;;CE;63.260-000;;(  )     -    ;;;06.630.065/0001-05;;068370725;;;
MERCADINHO SAO FRANCISCO;;;CENTRO;;;;R. TIBURTINO INACIO, 80;;;;;;;;;;;

;;;;;;;;;;;;;;;;;;;;;;;;

7390;FRANCISCO BASILIO DOS SANTOS ;;;BREJO SANTO;;;;CE;63.260-000;;(88)98187-2112;;;17.009.241/0001-02;;066202604;;;
MERCANTIL LEAO DOURADO;;;MORRO DOURADO;;;;R ADALGISA SARAIVA DOS SANTOS , 197;;;;;;;;;;;

;;;;;;;;;;;;;;;;;;;;;;;;

1074;FRANCISCO CLAUDIO COELHO BEZERRA;;;MILAGRES;;;;CE;  .   -   ;;(88)99340-8248;;;05.964.266/0001-78;; 06.685491-1;;;
CLAUDIO COELHO;;;ZONA RURAL;;;;R. BLOCO-POSTO PAPAI NOEL,60, 208;;;;;;;;;;;

;;;;;;;;;;;;;;;;;;;;;;;;

7283;FRANCISCO DANIEL DA CONCEICAO SILVA;;;ABAIARA;;;;CE;63.240-000;;(  )98849-4607;;;605.886.283-36;;0395547420101;;;
SUPER OLIVEIRA ;;;NORTE;;;;RUA MISAEL ALVES DE MEDEIROS , 0;;;;;;;;;;;

;;;;;;;;;;;;;;;;;;;;;;;;

1501;FRANCISCO DANIEL PORCIANO;;;MILAGRES;;;;CE;63.250-000;;(88)99979-4504;;;327.104.613-15;;;;;
MINI MERCANTIL FREI DAMIÃO;;;FREI DAMIAO;;;;RUA NOSSA SENHORA DOS MILAGRES, 99;;;;;;;;;;;

;;;;;;;;;;;;;;;;;;;;;;;;

8015;FRANCISCO DAS CHAGAS DE MOURA ;;;MAURITI;;;;CE;63.210-000;;(88)-9972-9187;;;139.905.603-44;;;;;
ARMAZEM MOURA ;;;CENTRO ;;;;AV SINVAL LACERDA, 0;;;;;;;;;;;

;;;;;;;;;;;;;;;;;;;;;;;;

1890;FRANCISCO EDFLAVIO CAVALCANTE;;;CEDRO;;;;PE;56.130-000;;(87)99120-0618;;;24.043.159/0001-51;;065782410;;;
MERCANTIL LEANDRO;;;CENTRO;;;;AV.FRANCISCO FILGUEIRA SAMPAIO, 199;;;;;;;;;;;

;;;;;;;;;;;;;;;;;;;;;;;;

;;;;;;;;;;;;;;;;;;;;;;;;

ERES Informática LTDA.;;;;;PAG: 239;;;20/08/2026 - 09:44:21;;;025;

;;;;;;;;;;;;;;;;;;;;;;;;
;;;;;;;;;;;;;;;;;;;;;;;;

;;
;;;FRANCISCO LUCIANO ALVES HONORIO ME;;;;;;;
;;;Clientes por Vendedor  ;;;;;
;;

;;;;;;;;;;;;;;;;;;;;;;;;

Código;Nome Cliente;;;Cidade;;;;UF;CEP;;FONE;;;C.P.F./C.N.P.J;;R.G./C.G.F.;;;
Nome Fantasia;;;Bairro;;;;Endereço;;;;;

6449;FRANCISCO ERIVANIO GABRIEL DIODATO;;;ABAIARA;;;;CE;06.324-000;;(  )98848-1870;;;31.496.211/0001-90;;067849776;;;
SUPERMERCADO ECONOMICO;;;ALTO DA ALEGRIA;;;;RUA: ANTONIO DANTAS, 175;;;;;;;;;;;

;;;;;;;;;;;;;;;;;;;;;;;;

7834;FRANCISCO ERMESON DOS SANTOS ;;;MAURITI;;;;CE;63.210-000;;(  )     -    ;;;071.770.783-04;;;;;
MERCANTIL SAO VICENTE;;;CENTRO;;;; Rua marechal Floriano, 444;;;;;;;;;;;

;;;;;;;;;;;;;;;;;;;;;;;;

4128;FRANCISCO FURTADO DE FIGUEIREDO;;;ABAIARA;;;;CE;63.240-000;;(88)98808-0468;;;307.331.463-68;;;;;
MERCANTIL CB COMPRE BEM;;;ALTO ALEGRIA;;;;RUA JOAO LEITE DA CUNHA , 120;;;;;;;;;;;

;;;;;;;;;;;;;;;;;;;;;;;;

7039;FRANCISCO GOMES BASILIO NETO;;;BREJO SANTO;;;;CE;63.260-000;;(88)99950-8022;;;19.008.071/0001-69;;067073719;;;
CLIPET;;;SAO FRANCISCO ;;;;RUA JOSE FRANCISCO DA SILVA, 414;;;;;;;;;;;

;;;;;;;;;;;;;;;;;;;;;;;;

8217;FRANCISCO ISAAC OLIVEIRA SANTOS ;;;BREJO SANTO;;;;CE;63.260-000;;(88)99819-4546;;;045.362.133-33;;04536213333;;;
MERCADINHO DONA TICA ;;;RENE LUCENA;;;; RUA SINESIO GOMES , 248;;;;;;;;;;;

;;;;;;;;;;;;;;;;;;;;;;;;

2334;FRANCISCO IVANILTON  FERNANDES;;;MILAGRES;;;;CE;63.250-000;;(88) 3553-1706;;;00.581.085/0001-49;;069542864;;;
MERCADINHO SIEL;;;FRANCISCA DO SOCORRO;;;;RUA GEOVANE FEITOSA DE ARAUJO, 22;;;;;;;;;;;

;;;;;;;;;;;;;;;;;;;;;;;;

2542;FRANCISCO NEUMAN DE OLIVEIRA MICROEMPRESA;;;MILAGRES;;;;CE;63.250-000;;(88) 3553-1690;;;07.653.512/0001-04;;068372108;;;
CASA D CRIADOR;;;CENTRO;;;;RUA JULIO COELHO, 31;;;;;;;;;;;

;;;;;;;;;;;;;;;;;;;;;;;;

3153;FRANCISCO PAULO DA CRUZ ME;;;PORTEIRAS;;;;CE;63.270-000;;(88) 3557-1170;;;72.092.562/0001-13;;06.037.755-0;;;
MERCADINHO SAO FRANCISCO;;;CENTRO;;;;RUA JOSE SOARES, 7;;;;;;;;;;;

;;;;;;;;;;;;;;;;;;;;;;;;

468;FRANCISCO PEREIRA DE OLIVEIRA;;;BARRO;;;;CE;63.380-000;;(88)99954-3931;;;04.899.113/0001-21;;06.320.593-9;;;
MERCADINHO OLIVEIRA ;;;CENTRO;;;;RUA JUSTINO ALVES FEITOSA, 467;;;;;;;;;;;

;;;;;;;;;;;;;;;;;;;;;;;;

7318;FRANCISCO R FRANCILINO;;;MILAGRES;;;;CE;63.250-000;;(  )     -    ;;;787.573.803-25;;;;;
MERCADINHO SNT EXPEDITO;;;TABOCAS;;;; POSTO MAGNOLIA , 480;;;;;;;;;;;

;;;;;;;;;;;;;;;;;;;;;;;;

;;;;;;;;;;;;;;;;;;;;;;;;

ERES Informática LTDA.;;;;;PAG: 240;;;20/08/2026 - 09:44:21;;;025;

;;;;;;;;;;;;;;;;;;;;;;;;
;;;;;;;;;;;;;;;;;;;;;;;;

;;
;;;FRANCISCO LUCIANO ALVES HONORIO ME;;;;;;;
;;;Clientes por Vendedor  ;;;;;
;;

;;;;;;;;;;;;;;;;;;;;;;;;

Código;Nome Cliente;;;Cidade;;;;UF;CEP;;FONE;;;C.P.F./C.N.P.J;;R.G./C.G.F.;;;
Nome Fantasia;;;Bairro;;;;Endereço;;;;;

7660;FRANCISCO XAVIER NETO;;;BREJO SANTO;;;;CE;63.260-000;;(88)98873-1747;;;010.294.724-40;;;;;
MERCANTIL MOREIRA;;;CENTRO;;;;HERACLITO ALVES DE MOURA, 35;;;;;;;;;;;

;;;;;;;;;;;;;;;;;;;;;;;;

4800;FRANCISCO ZUCA TAVARES DANTAS RACOES ME;;;PORTEIRAS;;;;CE;63.275-000;;( 8)89601-5273;;;17.179.874/0001-50;;066304016;;;
;;;CENTRO;;;;RUA JOSE DE ALENCAR, 42;;;;;;;;;;;

;;;;;;;;;;;;;;;;;;;;;;;;

7077;GERISVAN ARAUJO DE OLIVEIRA;;;CEDRO;;;;PE;56.130-000;;(87)99172-5792;;;19.654.339/0001-30;;056423292;;;
TERREIRO DE CASA;;;CENTRO;;;;R PROFESSOR MANOEL JOAQUIM LEITE, 27;;;;;;;;;;;

;;;;;;;;;;;;;;;;;;;;;;;;

6298;GILBERTO PEREIRA PINTO;;;JARDIM;;;;CE;63.290-000;;(88)98110-0158;;;266.574.903-30;;;;;
BERTO;;;CENTRO;;;;RUA PADRE MIGUEL COELHO, 234;;;;;;;;;;;

;;;;;;;;;;;;;;;;;;;;;;;;

1892;GILVAN LEITE LIMA ME;;;CEDRO;;;;PE;56.130-000;;(87) 3889-1137;;;41.047.762/0001-20;;0179506-60;;;
SUPERMERCADO CEDROLAR (ZENILDA);;;CENTRO;;;;R.PROF.MANOEL JOAQUM LEITE, 98;;;;;;;;;;;

;;;;;;;;;;;;;;;;;;;;;;;;

7238;HEITOR BELEM DE MENDONCA ;;;MILAGRES;;;;CE;63.250-000;;(88)99776-2706;;;47.909.955/0001-20;;07.086089-0;;;
SHOPING RURAL;;;CENTRO;;;; RUA PADRE MISAEL GOMES, 502;;;;;;;;;;;

;;;;;;;;;;;;;;;;;;;;;;;;

3107;HERLY CARLOS FILGUEIRA ME;;;BARRO;;;;CE;63.380-000;;(88)99612-9572;;;05.189.979/0001-01;;06.667.942-7;;;
FARMACIA VETERINARIA MUNDO ANIMAL;;;CENTRO;;;;RUA JUSTINO ALVES FEITOSA, 380;;;;;;;;;;;

;;;;;;;;;;;;;;;;;;;;;;;;

6133;IRANILTON FONSECA LEITE;;;JARDIM;;;;CE;63.290-000;;(88)98114-3111;;;30.546.796/0001-43;;06.763115-0;;;
AGROTEC;;;CENTRO;;;;RUA CORONEL ROMAO SAMPAIO, 38;;;;;;;;;;;

;;;;;;;;;;;;;;;;;;;;;;;;

7227;IVA DORALICE PEREIRA MOURA;;;CEDRO;;;;PE;56.130-000;;(87)99102-4717;;;026.073.554-00;;;;;
MERCADINHO LG;;;SAO FRANCISCO;;;;RUA 3 , 21;;;;;;;;;;;

;;;;;;;;;;;;;;;;;;;;;;;;

6944;J P DE SOUZA MINIMERCADO;;;PORTEIRAS;;;;CE;63.270-000;;(88)98157-0323;;;07.422.016/0002-12;;061367303;;;
CESTAO DO POVO;;;CENTRO;;;;RUA GERONIMA TAVARES NEVES, 111;;;;;;;;;;;

;;;;;;;;;;;;;;;;;;;;;;;;

6439;J P DE SOUZA MINIMERCADO;;;PORTEIRAS;;;;CE;63.270-000;;(  ) 3557-1585;;;07.422.016/0001-31;;061816965;;;
CESTAO DO POVO;;;SOL NASCENTE;;;;RUA FRANCISCO XAVIER DE SOUZA, 14;;;;;;;;;;;

;;;;;;;;;;;;;;;;;;;;;;;;

484;J R OLIVEIRA SARAIVA;;;MILAGRES;;;;CE;63.250-000;;(88)99639-2173;;;04.445.661/0001-81;;063106205;;;
MERCEARIA SAO JOSE;;;CASAS POPULARES;;;;RUA PRISILA BEZERRA, 302;;;;;;;;;;;

;;;;;;;;;;;;;;;;;;;;;;;;

;;;;;;;;;;;;;;;;;;;;;;;;

ERES Informática LTDA.;;;;;PAG: 241;;;20/08/2026 - 09:44:21;;;025;

;;;;;;;;;;;;;;;;;;;;;;;;
;;;;;;;;;;;;;;;;;;;;;;;;

;;
;;;FRANCISCO LUCIANO ALVES HONORIO ME;;;;;;;
;;;Clientes por Vendedor  ;;;;;
;;

;;;;;;;;;;;;;;;;;;;;;;;;

Código;Nome Cliente;;;Cidade;;;;UF;CEP;;FONE;;;C.P.F./C.N.P.J;;R.G./C.G.F.;;;
Nome Fantasia;;;Bairro;;;;Endereço;;;;;

587;J S SIQUEIRA;;;MAURITI;;;;CE;63.210-000;;(  )     -    ;;;05.766.784/0001-87;;066814790;;;
MERCANTIL DO TATA;;;PALESTINA;;;;RUA  JOAO BARBOSA, 470;;;;;;;;;;;

;;;;;;;;;;;;;;;;;;;;;;;;

3184;J TAVEIRA DA SILVA ME;;;JARDIM;;;;CE;63.290-000;;(88) 3555-1557;;;11.557.077/0001-83;;063936658;;;
MERC.DA ECONOMIA;;;CENTRO;;;;AVENIDA WILSON RORIZ, 1572;;;;;;;;;;;

;;;;;;;;;;;;;;;;;;;;;;;;

7467;JADSON LOWRAN DA SILVA;;;BREJO SANTO;;;;CE;63.260-000;;( 8)89816-6216;;;42.818.644/0001-31;;070049777;;;
PETS E BICHO;;;SAO FRANCISCO;;;;AVENIDA AVENIDA JOAO INACIO DE LUCENA, 119;;;;;;;;;;;

;;;;;;;;;;;;;;;;;;;;;;;;

8155;JAKSON GOMES DOS SANTOS;;;JARDIM;;;;CE;63.290-000;;(  )     -    ;;;63.074.685/0001-30;;072878770;;;
JJ AGRO CACA E PESCA;;;CENTRO;;;;RUA CEL. LUIZ AIRES, 43;;;;;;;;;;;

;;;;;;;;;;;;;;;;;;;;;;;;

7465;JC COMERCIAL VAREJO LTDA;;;MAURITI;;;;CE;63.210-000;;(88)99744-0201;;;22.976.467/0001-04;;064646394;;;
JC ATACAREJO ;;;CENTRO;;;;R JOSE QUITINO LEITE , 263;;;;;;;;;;;

;;;;;;;;;;;;;;;;;;;;;;;;

630;JOAO ALVES DE FREITAS;;;IPAUMIRIM;;;;CE;63.340-000;;(88)99959-0412;;;07.562.978/0001-96;;06.838.275-8;;;
ARMAZEM  BAGAÇO;;;CENTRO;;;;RUA  CORONEL GUSTAVO LIMA, 206;;;;;;;;;;;

;;;;;;;;;;;;;;;;;;;;;;;;

7640;JOAO BOSCO GOMES DE SOUZA;;;JARDIM;;;;CE;63.290-000;;(  )     -    ;;;000.723.293-43;;;;;
;;;CENTRO;;;;R CORONEL ROMÃO SAMPAIO , 38;;;;;;;;;;;

;;;;;;;;;;;;;;;;;;;;;;;;

7338;JOAO FRANCISCO DE ALMEIDA FILHO ;;;MAURITI;;;;CE;63.210-000;;(  )     -    ;;;038.349.953-47;;2004029081886;;;
MERCADINHO SAO JOSE;;;COITE ;;;;TV. DIONÍSIO LEITE, 0;;;;;;;;;;;

;;;;;;;;;;;;;;;;;;;;;;;;

5421;JOAO GOMES DOS SANTOS E CIA LTDA ME;;;PORTEIRAS;;;;CE;63.270-000;;(  )     -    ;;;21.966.275/0001-54;;064498760;;;
MERCADINHO DAVID;;;CENTRO;;;;RUA LUIZ GRNGEIRO, 76;;;;;;;;;;;

;;;;;;;;;;;;;;;;;;;;;;;;

6597;JOAO JUNIOR NUNES SAMPAIO;;;ABAIARA;;;;CE;63.240-000;;(88)98827-8732;;;10.981.811/0001-74;;063838818;;;
AGRO SAMPAIO LTDA;;;CENTRO;;;;RUA: EXPEDITO OLIVEIRA DIAS NEVES, 120;;;;;;;;;;;

;;;;;;;;;;;;;;;;;;;;;;;;

4804;JOAO PAULO DOS SANTOS GALVAO;;;PENAFORTE;;;;CE;63.280-000;;(88)98802-6587;;;604.481.223-59;;;;;
MRCANTIL E VERDURAO NOVA ESPERANCA;;;CENTRO;;;;RUA ANA TEREZA DE JESUS, 240;;;;;;;;;;;

;;;;;;;;;;;;;;;;;;;;;;;;

1118;JOAQUIM JOSE DOS SANTOS;;;BREJO SANTO;;;;CE;63.260-000;;(88)99922-9619;;;276.348.253-87;;;;;
MERCANTIL POPULAR;;;RENE LUCENA;;;;RUA JOSE CARLOTA, 121;;;;;;;;;;;

;;;;;;;;;;;;;;;;;;;;;;;;

;;;;;;;;;;;;;;;;;;;;;;;;

ERES Informática LTDA.;;;;;PAG: 242;;;20/08/2026 - 09:44:21;;;025;

;;;;;;;;;;;;;;;;;;;;;;;;
;;;;;;;;;;;;;;;;;;;;;;;;

;;
;;;FRANCISCO LUCIANO ALVES HONORIO ME;;;;;;;
;;;Clientes por Vendedor  ;;;;;
;;

;;;;;;;;;;;;;;;;;;;;;;;;

Código;Nome Cliente;;;Cidade;;;;UF;CEP;;FONE;;;C.P.F./C.N.P.J;;R.G./C.G.F.;;;
Nome Fantasia;;;Bairro;;;;Endereço;;;;;

7930;JOSAVIA LIDIA MENDES DOS SANTOS;;;BREJO SANTO;;;;CE;63.260-000;;(88)99783-6387;;;12.505.768/0001-04;;064093360;;;
MERCADINHO MENDES E SANTOS;;;RENE LUCENA I;;;;RUA JOSE LAURENTINO SOBRINHO, 34;;;;;;;;;;;

;;;;;;;;;;;;;;;;;;;;;;;;

1015;JOSE ADOMILTON FELIX SALES;;;MAURITI;;;;CE;63.210-000;;(88) 3552-9199;;;41.549.114/0001-72;;068896603;;;
MERCADINHO CENTRAL;;;PALESTINA;;;;RUA DO TRIANGULO, 57;;;;;;;;;;;

;;;;;;;;;;;;;;;;;;;;;;;;

3621;JOSE ANDRELINO QUIXABEIRA;;;MAURITI;;;;CE;63.210-000;;(88)99674-1987;;;267.250.828-31;;;;;
MERCADINHO UNIAO;;;BELA VISTA;;;;RUA 04, 500;;;;;;;;;;;

;;;;;;;;;;;;;;;;;;;;;;;;

8207;JOSE ARIMATEIA SOARES DE LACERDA LTDA;;;MAURITI;;;;CE;63.210-000;;(88)99949-0047;;;66.133.888/0001-49;;073275069;;;
MERC PAGUE MENOS ;;;CENTRO ;;;;RUA BEJAMIN CONSTANT , 505;;;;;;;;;;;

;;;;;;;;;;;;;;;;;;;;;;;;

934;JOSE CARLOS BEZERRA ME;;;BARRO;;;;CE;63.380-000;;(88)99786-0741;;;06.290.192/0001-02;;066925088;;;
MERCANTIL SANTA MARIA;;;CENTRO;;;;R PREFEITO JUSTINO FEITOSA, 590;;;;;;;;;;;

;;;;;;;;;;;;;;;;;;;;;;;;

7632;JOSE CARLOS DA SILVA SANTOS ;;;MAURITI;;;;CE;63.210-000;;(88)99663-0122;;;010.358.643-12;;;;;
ZE CARLOS ;;;CONJUNTO CAJUEIRO ;;;; RUA 06, 183;;;;;;;;;;;

;;;;;;;;;;;;;;;;;;;;;;;;

3776;JOSE CELSO DE SALES MERCEARIA MICROEMPRESA;;;BARRO;;;;CE;63.380-000;;(88)99648-3556;;;03.609.688/0001-08;;062926144;;;
MERCADINHO SALES;;;VILA SAO JOSE;;;;RUA MESTRE BIZIU, 143;;;;;;;;;;;

;;;;;;;;;;;;;;;;;;;;;;;;

847;JOSE EVANGELISTA NETO;;;BARRO;;;;CE;63.380-000;;(  )99943-0237;;;01.667.200/0001-65;;069841322;;;
;;;TRAJANO NOGUEIR;;;;RUA TRAJANO NOGUEIRA, 115;;;;;;;;;;;

;;;;;;;;;;;;;;;;;;;;;;;;

5400;JOSE FELIX GONCALVES;;;BARRO;;;;CE;63.380-000;;(  ) 3554-1533;;;020.933.683-82;;;;;
VAREJÃO PARAIBANO;;;CENTRO;;;;RUA PREFEITO FIRMINO TAVARES, 335;;;;;;;;;;;

;;;;;;;;;;;;;;;;;;;;;;;;

467;JOSE FERNANDES PEREIRA MERCEARIA ME;;;BARRO;;;;CE;63.380-000;;(  )99614-7424;;;03.869.777/0001-85;;062980211;;;
MERCADINHO FERNANDES (RUA DO HOSPITAL);;;CENTRO;;;;RUA TRAJANO NOGUEIRA, 245;;;;;;;;;;;

;;;;;;;;;;;;;;;;;;;;;;;;

7030;JOSE GILDERNANDO ALBERTO;;;JARDIM;;;;CE;63.290-000;;8(8 )98178-6011;;;44.133.683/0001-20;;07.027597-1;;;
JOSE GILDERNANDO ALBERTO;;;CENTRO;;;;PRACA BARBOSA DE FREITAS, 4;;;;;;;;;;;

;;;;;;;;;;;;;;;;;;;;;;;;

8219;JOSE GILVAN SAMPAIO COELHO;;;JARDIM;;;;CE;63.290-000;;(88)98136-2956;;;30.920.845/0001-66;;23103856063;;;
AGROFARMA COELHO ;;;CENTRO ;;;;PRAÇA BARBOSA DE FREITAS , 17;;;;;;;;;;;

;;;;;;;;;;;;;;;;;;;;;;;;

;;;;;;;;;;;;;;;;;;;;;;;;

ERES Informática LTDA.;;;;;PAG: 243;;;20/08/2026 - 09:44:21;;;025;

;;;;;;;;;;;;;;;;;;;;;;;;
;;;;;;;;;;;;;;;;;;;;;;;;

;;
;;;FRANCISCO LUCIANO ALVES HONORIO ME;;;;;;;
;;;Clientes por Vendedor  ;;;;;
;;

;;;;;;;;;;;;;;;;;;;;;;;;

Código;Nome Cliente;;;Cidade;;;;UF;CEP;;FONE;;;C.P.F./C.N.P.J;;R.G./C.G.F.;;;
Nome Fantasia;;;Bairro;;;;Endereço;;;;;

5459;JOSE IDELITO ROCHA DOS SANTOS;;;MILAGRES;;;;CE;63.250-000;;(88)99906-4634;;;094.087.108-43;;;;;
MERCADINHO ZE BAINHA;;;FRANCISCA SOCORRO;;;;RUA NOSSA SENHORA DOS MILAGRES, 83;;;;;;;;;;;

;;;;;;;;;;;;;;;;;;;;;;;;

3586;JOSE INACIO LEITE;;;CEDRO;;;;PE;56.130-000;;(87) 3889-1263;;;08.813.022/0001-82;;035196009;;;
MERCANTIL ECONOMICO;;;CENTRO;;;;R. JOSE INACIO LEITE, , 180;;;;;;;;;;;

;;;;;;;;;;;;;;;;;;;;;;;;

7954;JOSE JEREMIAS DOS SANTOS NETO ;;;BREJO SANTO;;;;CE;63.260-000;;(  )     -    ;;;750.106.313-34;;;;;
MERCADO SAO BENTO ;;;SAO BENTO ;;;;VILA SÃO BENTO , 63;;;;;;;;;;;

;;;;;;;;;;;;;;;;;;;;;;;;

645;JOSE JORGE PEREIRA;;;IPAUMIRIM;;;;CE;63.340-000;;( 8)83567-1081;;;07.520.216/0001-27;;064277275;;;
;;;CENTRO;;;;PRACA PADRE CICERO, 22;;;;;;;;;;;

;;;;;;;;;;;;;;;;;;;;;;;;

7906;JOSE JOSEIVANIO INACIO BEM;;;CEDRO;;;;PE;  .   -   ;;(87)99992-6110;;;074.223.784-25;;;;;
MERCADINHO MENINO JESUS ;;;CENTRO;;;;RUA DO CAMPO, 119;;;;;;;;;;;

;;;;;;;;;;;;;;;;;;;;;;;;

5422;JOSE LEITE BELEM;;;ABAIARA;;;;CE;63.250-000;;(88) 9881-6579;;;053.082.913-49;;1010169;;;
MERCANTIL BELEM;;;CAFE DA LINHA;;;;AVENIDA  CENTRAL, 830;;;;;;;;;;;

;;;;;;;;;;;;;;;;;;;;;;;;

6436;JOSE LEITE DE FIGUEREDO;;;BREJO SANTO;;;;CE;63.260-000;;(88)99694-7705;;;26.717.367/0001-14;;065793285;;;
(ELISEU) MERCADINHO SAO MIGUEL;;;ZONA RUAL;;;;SITIO SAO FELIPE, 12;;;;;;;;;;;

;;;;;;;;;;;;;;;;;;;;;;;;

7685;JOSE LUCIANO PEREIRA SOARES;;;MILAGRES;;;;CE;63.250-000;;(  )     -    ;;;646.960.223-15;;;;;
FRIGOTIL;;;CENTRO ;;;;TRAVESSA JACOB FELIX , 197;;;;;;;;;;;

;;;;;;;;;;;;;;;;;;;;;;;;

1071;JOSE MARCOLINO NETO ME;;;PORTEIRAS;;;;CE;63.270-000;;(88)98106-3737;;;04.049.057/0001-36;;063037645;;;
TERRA MERCADINHO;;;CENTRO;;;;R. LUIS GRANGEIRO, 101;;;;;;;;;;;

;;;;;;;;;;;;;;;;;;;;;;;;

3597;JOSE MARCONDES DA SILVA;;;MAURITI;;;;CE;63.210-000;;(88) 3552-1354;;;04.445.688/0001-74;;060094974;;;
MERCADINHO EVERTON;;;CENTRO;;;;RUA AMELIO LEITE, 281;;;;;;;;;;;

;;;;;;;;;;;;;;;;;;;;;;;;

337;JOSE SEBASTIAO LOURENCO CABRAL;;;BREJO SANTO;;;;CE;63.260-000;;(  )     -    ;;;05.455.001/0001-44;;068179731;;;
MERCANTIL SAO SEBASTIAO;;;CENTRO;;;;RUA MANOEL ANTONIO CABRAL, 169;;;;;;;;;;;

;;;;;;;;;;;;;;;;;;;;;;;;

2694;JOSE STENIO DE MACEDO ME;;;BREJO SANTO;;;;CE;63.260-000;;(88) 3531-0165;;;05.454.871/0001-07;;068179669;;;
IMAN RACOES;;;CENTRO;;;;RUA FRANCISCO BASILIO , 143;;;;;;;;;;;

;;;;;;;;;;;;;;;;;;;;;;;;

;;;;;;;;;;;;;;;;;;;;;;;;

ERES Informática LTDA.;;;;;PAG: 244;;;20/08/2026 - 09:44:21;;;025;

;;;;;;;;;;;;;;;;;;;;;;;;
;;;;;;;;;;;;;;;;;;;;;;;;

;;
;;;FRANCISCO LUCIANO ALVES HONORIO ME;;;;;;;
;;;Clientes por Vendedor  ;;;;;
;;

;;;;;;;;;;;;;;;;;;;;;;;;

Código;Nome Cliente;;;Cidade;;;;UF;CEP;;FONE;;;C.P.F./C.N.P.J;;R.G./C.G.F.;;;
Nome Fantasia;;;Bairro;;;;Endereço;;;;;

7024;JOSE THIEGO DA SILVA GONCALVES 05523496316;;;MILAGRES;;;;CE;63.250-000;;(88)99812-1595;;;40.392.155/0001-35;;061397474;;;
MERCADINHO SOCIAL;;;FREI DAMIAO;;;;RUA MANOEL RODRIGUES DE LIMA, 75;;;;;;;;;;;

;;;;;;;;;;;;;;;;;;;;;;;;

7383;JOSE WELLITON FELIX DA SILVA;;;BREJO SANTO;;;;CE;63.260-000;;(  )     -    ;;;082.176.903-08;;20151562045;;;
MERCADINHO DO CICERO ;;;OESTE;;;;SITIO PAU FERRADO , 30;;;;;;;;;;;

;;;;;;;;;;;;;;;;;;;;;;;;

814;JOSE WILTON FERREIRA ME;;;BREJO SANTO;;;;CE;63.260-000;;(88)99997-4848;;;026.706.662-72;;12438646;;;
MERCANTIL  PAGUE MENOS;;;ALDEOTA;;;;RUA JOSE FURTADO DOS SANTOS, 250;;;;;;;;;;;

;;;;;;;;;;;;;;;;;;;;;;;;

466;JOSEFA ALVES BEZERRA MENEZES ME;;;BARRO;;;;CE;63.380-000;;(88)99974-2582;;;01.762.168/0001-05;;069868735;;;
SACOLAO  SUPER FATIMA;;;VILA SAO JOSE;;;;RUA MESTRE BIZIU, 117;;;;;;;;;;;

;;;;;;;;;;;;;;;;;;;;;;;;

8210;JOSEFA RIBEIRO DA PAZ ME ;;;MILAGRES;;;;CE;63.250-000;;(88)99613-1088;;;22.519.288/0001-48;;064539539;;;
MERCANTIL FAMILIAR ;;;CENTRO ;;;;RUA PADRE MISAEL GOMES CENTRO , 461;;;;;;;;;;;

;;;;;;;;;;;;;;;;;;;;;;;;

6801;JOSIENE PEREIRA DANTAS;;;PENAFORTE;;;;CE;63.280-000;;(88)98849-7221;;;824.830.603-82;;;;;
LAVA JATO DE ZIENE;;;;;;;RUA MONSENHOR DE ALCANTARA, 110;;;;;;;;;;;

;;;;;;;;;;;;;;;;;;;;;;;;

3353;JOSUE OLIVEIRA LEITE ME;;;MAURITI;;;;CE;63.210-000;;(88) 3552-1462;;;01.522.719/0001-55;;069847177;;;
AGROVERT;;;CENTRO;;;;R. JOSE LEITE DA COSTA, 240;;;;;;;;;;;

;;;;;;;;;;;;;;;;;;;;;;;;

6751;JUCIER FERREIRA LIMA;;;MILAGRES;;;;CE;63.250-000;;(88)99721-5673;;;858.134.193-49;;;;;
MERCANTIL PONTO DA ECONOMIA ;;;CENTRO;;;;RUA ESMERALDO DA SILVA, 0;;;;;;;;;;;

;;;;;;;;;;;;;;;;;;;;;;;;

6293;JULIANA ZACARIAS ALVES;;;PENAFORTE;;;;CE;63.280-000;;(  )98863-8739;;;23.760.552/0001-01;;23103691951;;;
PONTO DA RACAO;;;CENTRO ;;;;AVENIDA PADRE CICERO, 69;;;;;;;;;;;

;;;;;;;;;;;;;;;;;;;;;;;;

3515;JULIANO SA RORIZ;;;JARDIM;;;;CE;63.290-000;;(88) 8109-8816;;;051.395.313-21;;;;;
O SERTANEJO;;;CENTRO;;;;RUA  LEONEL DE ALENCAR, 59;;;;;;;;;;;

;;;;;;;;;;;;;;;;;;;;;;;;

7170;KARISYA BENTO DO MONTE;;;BARRO;;;;CE;63.380-000;;(  )     -    ;;;32.050.637/0001-89;;067891071;;;
PET SHOP VIA ANIMAL;;;CENTRO;;;;R FIRMINO TAVARES, 491;;;;;;;;;;;

;;;;;;;;;;;;;;;;;;;;;;;;

8208;KASSIA RAFAELLA LEITE ARAUJO ;;;ABAIARA;;;;CE;63.260-000;;(88)98152-3331;;;63.310.411/0001-01;;068645090;;;
MERC SAO JOSE ;;;CAFE DA LINHA ;;;;AVENIDA CENTRAL , 24;;;;;;;;;;;

;;;;;;;;;;;;;;;;;;;;;;;;

;;;;;;;;;;;;;;;;;;;;;;;;

ERES Informática LTDA.;;;;;PAG: 245;;;20/08/2026 - 09:44:21;;;025;

;;;;;;;;;;;;;;;;;;;;;;;;
;;;;;;;;;;;;;;;;;;;;;;;;

;;
;;;FRANCISCO LUCIANO ALVES HONORIO ME;;;;;;;
;;;Clientes por Vendedor  ;;;;;
;;

;;;;;;;;;;;;;;;;;;;;;;;;

Código;Nome Cliente;;;Cidade;;;;UF;CEP;;FONE;;;C.P.F./C.N.P.J;;R.G./C.G.F.;;;
Nome Fantasia;;;Bairro;;;;Endereço;;;;;

855;L A GONCALVES EPP;;;BREJO SANTO;;;;CE;63.260-000;;(88) 3531-0565;;;41.324.674/0001-29;;068737530;;;
SUPER G GONCALVES;;;CENTRO;;;;RUA  FRANCISCO BASILIO, 127;;;;;;;;;;;

;;;;;;;;;;;;;;;;;;;;;;;;

478;LAECIO MACEDO LANDIM ME;;;MILAGRES;;;;CE;63.250-000;;(88)99958-2502;;;41.631.136/0001-87;;069050082;;;
BURUNGANGA (LAECIO);;;CENTRO;;;;PRESIDENTE VARGAS, 249;;;;;;;;;;;

;;;;;;;;;;;;;;;;;;;;;;;;

6431;LAYANE FELIX DA SILVA;;;BREJO SANTO;;;;CE;63.260-000;;(88)98873-1747;;;29.151.942/0001-52;;067414761;;;
MERCEAIRA E DEPISOTO;;;CENTRO;;;;HERACLITO ALVES DE MOURA, 35;;;;;;;;;;;

;;;;;;;;;;;;;;;;;;;;;;;;

7795;LEICIANO MORAIS DA SILVA;;;MAURITI;;;;CE;63.210-000;;(88)98123-6852;;;053.729.443-07;;20075354785;;;
LL RACOES ;;;DISTRITO PALESTINA ;;;; JOAO BARBOSA, 0;;;;;;;;;;;

;;;;;;;;;;;;;;;;;;;;;;;;

8185;LIMA & ROCHA CLINICA VETERINARIA, PET SHOP & AGRO LTDA;;;ABAIARA;;;;CE;63.240-000;;(  )     -    ;;;66.324.950/0001-80;;073299049;;;
CANTINHO PET & VET;;;CENTRO;;;;AV CORONEL HUMBERTO BEZERRA, 145;;;;;;;;;;;

;;;;;;;;;;;;;;;;;;;;;;;;

8007;LUCAS GABRIEL DE ARAUJO FRANCA;;;MAURITI;;;;CE;63.210-000;;(88)99941-8536;;;62.410.259/0001-68;;072797762;;;
CASA DA RACAO ;;;DISTRITO COITE;;;;RUA DIONIZIO LEITE, 230;;;;;;;;;;;

;;;;;;;;;;;;;;;;;;;;;;;;

7277;LUCAS TAVARES MALHEIRO QUINDERE;;;BREJO SANTO;;;;CE;63.260-000;;(88)98803-0114;;;49.408.521/0001-71;;07.111434-3;;;
MUNDO DAS RACOES ;;;CENTRO ;;;;HERACLITO ALVES DE MOURA, 133;;;;;;;;;;;

;;;;;;;;;;;;;;;;;;;;;;;;

4984;LUCENA & FERREIRA SUPERMERCADO LTDA ME;;;PENAFORTE;;;;CE;63.280-000;;(88) 3559-1141;;;06.920.599/0001-68;;068084706;;;
MERCANTIL LUCENA;;;CENTRO;;;;R PE. CICERO, 83;;;;;;;;;;;

;;;;;;;;;;;;;;;;;;;;;;;;

7369;LUCIANO MARTINS DE MAXIMO;;;JARDIM;;;;CE;63.290-000;;(88)99345-3249;;;021.590.843-01;;;;;
MERCADINHO DO LUCIANO;;;FAZENDA NOVA;;;;R WILSON RORIZ, 1362;;;;;;;;;;;

;;;;;;;;;;;;;;;;;;;;;;;;

7394;LUCIENE SOARES PEREIRA ;;;IPAUMIRIM;;;;CE;63.340-000;;(  )     -    ;;;022.979.024-09;;;;;
VERDES FRUTAS;;;CENTRO;;;; RUA PREFEITO ALEXADRE, 0;;;;;;;;;;;

;;;;;;;;;;;;;;;;;;;;;;;;

8194;LUCIMAR MARIA DA SILVA;;;PORTEIRAS;;;;CE;63.270-000;;(88)98146-8305;;;65.958.304/0001-01;;073252921;;;
MALUH AGROPET;;;SOL NASCENTE ;;;;RUA FRANCISCO XAVIER DE SOUZA, 0;;;;;;;;;;;

;;;;;;;;;;;;;;;;;;;;;;;;

1578;LUIZ FELIZARDO FILHO ME;;;JARDIM;;;;CE;63.290-000;;(88)98114-1619;;;05.503.914/0001-99;;066757240;;;
RACAO & COMPANHIA;;;CENTRO;;;;RUA CORONEL ROMAO SAMPAIO, 56;;;;;;;;;;;

;;;;;;;;;;;;;;;;;;;;;;;;

;;;;;;;;;;;;;;;;;;;;;;;;

ERES Informática LTDA.;;;;;PAG: 246;;;20/08/2026 - 09:44:21;;;025;

;;;;;;;;;;;;;;;;;;;;;;;;
;;;;;;;;;;;;;;;;;;;;;;;;

;;
;;;FRANCISCO LUCIANO ALVES HONORIO ME;;;;;;;
;;;Clientes por Vendedor  ;;;;;
;;

;;;;;;;;;;;;;;;;;;;;;;;;

Código;Nome Cliente;;;Cidade;;;;UF;CEP;;FONE;;;C.P.F./C.N.P.J;;R.G./C.G.F.;;;
Nome Fantasia;;;Bairro;;;;Endereço;;;;;

6438;LUZIA LUCENA TAVARES;;;BREJO SANTO;;;;CE;63.260-000;;(88)99721-3661;;;063.683.453-06;;;;;
MERCADINHO CONFIANCA;;;CAPILÉ;;;;RUA MANOEL LEITE, 76;;;;;;;;;;;

;;;;;;;;;;;;;;;;;;;;;;;;

5604;MANOEL FRANCISCO DOS SANTOS;;;MILAGRES;;;;CE;63.250-000;;(  )99804-5097;;;276.230.333-87;;;;;
MERCADINHO DO NETO;;;CENTRO;;;;RUA PINTO MADEIRA, 14;;;;;;;;;;;

;;;;;;;;;;;;;;;;;;;;;;;;

7327;MARCELO ANDRADE DE LIMA;;;MAURITI;;;;CE;63.210-000;;(  )     -    ;;;72.451.636/0001-60;;06.889680-8;;;
MERCADINHO POR DO SOL;;;CENTRO;;;;R AUGUSTO LEITE, 91;;;;;;;;;;;

;;;;;;;;;;;;;;;;;;;;;;;;

4723;MARCOS ALVES SILVA;;;PENAFORTE;;;;CE;63.280-000;;(88)98888-8832;;;095.695.284-43;;;;;
CENTRO COMERCIAL MATIAS;;;CENTRO;;;;RUA PADRE CICERO, 1260;;;;;;;;;;;

;;;;;;;;;;;;;;;;;;;;;;;;

8199;MARCOS LEITE BELEM FILHO ;;;ABAIARA;;;;CE;63.250-000;;(88)98847-4731;;;091.091.283-10;;09109128310;;;
MERCADINHO MAE RAINHA ;;;CAFE DA LINHA ;;;; AV LUIZ BELEM DE FIGUEIREDO , 0;;;;;;;;;;;

;;;;;;;;;;;;;;;;;;;;;;;;

3550;MARIA ALVES CONSERVA;;;CEDRO;;;;PE;56.130-000;;(87) 3889-1154;;;476.670.604-87;;;;;
MERCANTIL D.FATIMA;;;CENTRO;;;;R. FRANCISCO FILGUEIRA SAMPAIO, 46;;;;;;;;;;;

;;;;;;;;;;;;;;;;;;;;;;;;

3384;MARIA APARECIDA GONCALVES;;;BREJO SANTO;;;;CE;63.260-000;;(88) 9950-3829;;;575.447.193-91;;;;;
MERCEARIA SAO JOAO;;;CENTRO;;;;RUA JOAO LUCENA, 12;;;;;;;;;;;

;;;;;;;;;;;;;;;;;;;;;;;;

4572;MARIA APARECIDA SILVA MORAIS;;;MAURITI;;;;CE;63.210-000;;(88) 3552-1120;;;024.649.013-69;;;;;
VERBENIA;;;CASAS POPULARES;;;;AV. SENHOR MARTINS, 856;;;;;;;;;;;

;;;;;;;;;;;;;;;;;;;;;;;;

7617;MARIA DE FATIMA ALVES DA SILCA NONA;;;BARRO;;;;CE;63.380-000;;(88)99963-1877;;;08.317.822/0001-02;;062001418;;;
MERCADINHO NOSSA SENHORA DE FATIMA ;;;CENTRO;;;; RUA RAIMUNDO INACIO, 339;;;;;;;;;;;

;;;;;;;;;;;;;;;;;;;;;;;;

7351;MARIA DO SOCORRO VIEIRA FURTADO;;;PORTEIRAS;;;;CE;63.270-000;;(  )     -    ;;;942.150.143-87;;20191949587;;;
MERCADINHO ZAHIRA;;;ZONA RURAL;;;;SITIO MUQUEM, SN, 0;;;;;;;;;;;

;;;;;;;;;;;;;;;;;;;;;;;;

;;;;;;;;;;;;;;;;;;;;;;;;

ERES Informática LTDA.;;;;;PAG: 247;;;20/08/2026 - 09:44:21;;;025;

;;;;;;;;;;;;;;;;;;;;;;;;
;;;;;;;;;;;;;;;;;;;;;;;;

;;
;;;FRANCISCO LUCIANO ALVES HONORIO ME;;;;;;;
;;;Clientes por Vendedor  ;;;;;
;;

;;;;;;;;;;;;;;;;;;;;;;;;

Código;Nome Cliente;;;Cidade;;;;UF;CEP;;FONE;;;C.P.F./C.N.P.J;;R.G./C.G.F.;;;
Nome Fantasia;;;Bairro;;;;Endereço;;;;;

7300;MARIA EVELAINE DE LUCENA NASCIMENTO ;;;MAURITI;;;;CE;63.210-000;;(88)98147-5212;;;44.590.870/0001-33;;07.034740-9;;;
DRA. EVELAINE PET;;;CENTRO;;;;RUA JOSE PALMEIRA , 55;;;;;;;;;;;

;;;;;;;;;;;;;;;;;;;;;;;;

2698;MARIA FABIANA GOMES;;;BREJO SANTO;;;;CE;63.260-000;;(88)99999-0003;;;10.562.079/0001-06;;063725932;;;
SHOPE DAS RACOES ;;;CENTRO;;;;RUA FRANCISCO BASILIO, 95;;;;;;;;;;;

;;;;;;;;;;;;;;;;;;;;;;;;

8096;MARIA GORETTE GOMES ;;;BREJO SANTO;;;;CE;63.260-000;;( 8)89941-6018;;;29.174.145/0001-90;;069431736;;;
PATINHAS E PEGADAS;;;CENTRO;;;;RUA JOAQUIM NICODEMOS, 270;;;;;;;;;;;

;;;;;;;;;;;;;;;;;;;;;;;;

7455;MARIA HELENEIDE DOS SANTOS ;;;MILAGRES;;;;CE;63.250-000;;(88)99840-2758;;;34.406.577/0001-10;;069985243;;;
H&P COMERCIAL ;;;FRANCISCA DO SOCORRO ;;;;RUA JOSE DE ALENCAR , 32;;;;;;;;;;;

;;;;;;;;;;;;;;;;;;;;;;;;

4724;MARIA JOECIA LEANDRO DA COSTA;;;PENAFORTE;;;;CE;63.000-000;;(88)98842-7759;;;898.295.303-53;;;;;
GUARAPAO ( JUBA );;;CENTRO;;;;R. PADRE CICERO, 71;;;;;;;;;;;

;;;;;;;;;;;;;;;;;;;;;;;;

3437;MARIA JOSEFA CARDOSO;;;MILAGRES;;;;CE;63.250-000;;(  )     -    ;;;00.203.336/0001-51;;06.905.064-3;;;
MERC NENEN;;;CENTRO;;;;R. JOSE DE ALENCAR, 163;;;;;;;;;;;

;;;;;;;;;;;;;;;;;;;;;;;;

3466;MARIA JUCILANIA DA SILVA;;;BARRO;;;;CE;63.380-000;;(  )99945-9605;;;09.042.021/0001-44;;062140825;;;
MERCEARIA BATISTA;;;CENTRO;;;;AV.PADRE TIBURCIO, 157;;;;;;;;;;;

;;;;;;;;;;;;;;;;;;;;;;;;

7663;MARIA JULIANA SARAIVA VIDAL;;;PORTEIRAS;;;;CE;63.270-000;;(88)98112-3201;;;40.017.951/0001-98;;061327000;;;
SUPERMERCADO NS SRA DA CONCEICAO ;;;SOL NASCENTE ;;;;JOAO PIRES DOS SANTOS, 142;;;;;;;;;;;

;;;;;;;;;;;;;;;;;;;;;;;;

7533;MARIA JULYANA SIMPLICIO NOGUEIRA ;;;BARRO;;;;CE;63.380-000;;(88)99606-3064;;;039.457.103-75;;;;;
CASA DAS RACOES S F ;;;CENTRO ;;;; RUA RAIMUNDO INACIO DE SOUSA, 316;;;;;;;;;;;

;;;;;;;;;;;;;;;;;;;;;;;;

8221;MARIA JUSCILEUSA PEREIRA DE SOUSA ;;;CEDRO;;;;PE;56.130-000;;(87)99172-5792;;;772.418.004-00;;;;;
MERCANTIL JL;;;CENTRO ;;;;RUA PROFESSOR MANOEL JOAQUIM LEITE , 27;;;;;;;;;;;

;;;;;;;;;;;;;;;;;;;;;;;;

3574;MARIA LINDIANA ALEXANDRE OLIVEIRA;;;CEDRO;;;;PE;56.130-000;;(87)99157-5087;;;032.396.424-92;;;;;
MERCADINHO NOVA OPCAO;;;CEDRO;;;;RUA DA PICARRA, 43;;;;;;;;;;;

;;;;;;;;;;;;;;;;;;;;;;;;

6741;MARIA LUCENA LEITE;;;BREJO SANTO;;;;CE;63.260-000;;(88)99621-3414;;;949.945.603-15;;;;;
MERCEARIA DE MARIA;;;RENE LUCENA;;;;RUA JOSE LAURENTINO SOBRI HO, 132;;;;;;;;;;;

;;;;;;;;;;;;;;;;;;;;;;;;

;;;;;;;;;;;;;;;;;;;;;;;;

ERES Informática LTDA.;;;;;PAG: 248;;;20/08/2026 - 09:44:21;;;025;

;;;;;;;;;;;;;;;;;;;;;;;;
;;;;;;;;;;;;;;;;;;;;;;;;

;;
;;;FRANCISCO LUCIANO ALVES HONORIO ME;;;;;;;
;;;Clientes por Vendedor  ;;;;;
;;

;;;;;;;;;;;;;;;;;;;;;;;;

Código;Nome Cliente;;;Cidade;;;;UF;CEP;;FONE;;;C.P.F./C.N.P.J;;R.G./C.G.F.;;;
Nome Fantasia;;;Bairro;;;;Endereço;;;;;

593;MARIA PEREIRA DE SOUZA LINS;;;MAURITI;;;;CE;63.210-000;;(88) 3552-9138;;;06.873.988/0001-80;;068180675;;;
MERCADINHO SANTA MARIA;;;DIST. PALESTINA;;;;RUA JOAO BARBOSA, 409;;;;;;;;;;;

;;;;;;;;;;;;;;;;;;;;;;;;

6558;MARIA ROSINETE PEREIRA PETRONIO;;;BREJO SANTO;;;;CE;63.260-000;;(  )     -    ;;;37.288.587/0001-96;;062833812;;;
RP RACOES;;;CENTRO;;;;AVENIDA JOAO INACIO DE LUCENA, 223;;;;;;;;;;;

;;;;;;;;;;;;;;;;;;;;;;;;

3552;MARIA SELMA BARBOSA;;;CEDRO;;;;PE;56.130-000;;(87)99120-2876;;;025.213.584-95;;;;;
MERCANTIL NOSSA SENHORA DAS GRACAS;;;CENTRO;;;;RUA  DO CAMPO, 423;;;;;;;;;;;

;;;;;;;;;;;;;;;;;;;;;;;;

8079;MARIA SUZANA COSTA ;;;JARDIM;;;;CE;63.290-000;;(88)98158-2469;;;080.147.213-06;;;;;
SUPER SACOLAO DA FARTURA ;;;CENTRO;;;;AV WILSON RORIZ, 1680;;;;;;;;;;;

;;;;;;;;;;;;;;;;;;;;;;;;

7401;MARIA TERESA BEZERRA DA SILVA NERI;;;MAURITI;;;;CE;63.210-000;;(83)99857-1242;;;37.321.966/0001-30;;062709119;;;
NORDESTUN BOMBONIERE ;;;CENTRO;;;;RUA MANUEL MESSIAS , 320;;;;;;;;;;;

;;;;;;;;;;;;;;;;;;;;;;;;

7261;MARIA TOME SILVA;;;MILAGRES;;;;CE;63.250-000;;(  )     -    ;;;325.344.448-16;;;;;
G&S SILVA RACOES;;;CENTRO;;;; RUA FRANCISCO ALMIR ALVES, 188;;;;;;;;;;;

;;;;;;;;;;;;;;;;;;;;;;;;

7614;MARILENE FERREIRA DE SOUSA;;;MILAGRES;;;;CE;63.250-000;;(  )     -    ;;;008.967.033-71;;;;;
MARIA RACOES ;;;HABITAT;;;; RUA LUIZ SERGIO COELHO, 4;;;;;;;;;;;

;;;;;;;;;;;;;;;;;;;;;;;;

8050;MARILUCIA DE SA E SILVA ;;;PENAFORTE;;;;CE;63.280-000;;(88)98146-0226;;;62.066.206/0001-71;;;;;
ARMAZEM DO CAMPO;;;CENTRO ;;;;R MILITAO CARVALHO, 34;;;;;;;;;;;

;;;;;;;;;;;;;;;;;;;;;;;;

6800;MARIZETE MIRANDA SANTOS;;;PENAFORTE;;;;CE;63.280-000;;(  )98854-4857;;;27.158.832/0001-97;;066411050;;;
MERCANTIL SANTO ANTONIO ;;;CENTRO;;;;RUA JOAO BRINGEL , 150;;;;;;;;;;;

;;;;;;;;;;;;;;;;;;;;;;;;

7580;MARLEIDE CARVALHO COSTA;;;JARDIM;;;;CE;63.290-000;;(88)98147-9627;;;796.116.483-91;;;;;
AGRO SILVA ;;;CENTRO;;;;AV WILSON RORIZ, 1245;;;;;;;;;;;

;;;;;;;;;;;;;;;;;;;;;;;;

6432;MERCADINHO E PANIFICADORA UNIAO LTDA;;;BREJO SANTO;;;;CE;63.260-000;;(88)99656-2619;;;29.897.070/0001-76;;067526616;;;
MERCADINHO UNIAO;;;RENE LUCENA;;;;RUA JOSE AMARO NETO, 719;;;;;;;;;;;

;;;;;;;;;;;;;;;;;;;;;;;;

5889;MERCADINHO N. SRA. DE FATIMA;;;MILAGRES;;;;CE;63.250-000;;(88)99871-0349;;;26.888.246/0001-35;;066417112;;;
MERCADINHO N.S.FATIMA / MARIA DULCINEIA SANTANA DA SILVA;;;VILA PADRE CICERO;;;;VILA PADRE CICERO, 424;;;;;;;;;;;

;;;;;;;;;;;;;;;;;;;;;;;;

;;;;;;;;;;;;;;;;;;;;;;;;

ERES Informática LTDA.;;;;;PAG: 249;;;20/08/2026 - 09:44:21;;;025;

;;;;;;;;;;;;;;;;;;;;;;;;
;;;;;;;;;;;;;;;;;;;;;;;;

;;
;;;FRANCISCO LUCIANO ALVES HONORIO ME;;;;;;;
;;;Clientes por Vendedor  ;;;;;
;;

;;;;;;;;;;;;;;;;;;;;;;;;

Código;Nome Cliente;;;Cidade;;;;UF;CEP;;FONE;;;C.P.F./C.N.P.J;;R.G./C.G.F.;;;
Nome Fantasia;;;Bairro;;;;Endereço;;;;;

3354;MERCANTIL MARY LTDA;;;MAURITI;;;;CE;63.210-000;;(88)98102-5795;;;10.658.143/0001-49;;063756145;;;
MERCANTIL MARY;;;PALESTINA;;;;RUA JOAO FELIPE, 75;;;;;;;;;;;

;;;;;;;;;;;;;;;;;;;;;;;;

708;MERCAPAN -MERCANTIL E PRODUTOS DE LIMPEZA LTDA;;;BREJO SANTO;;;;CE;62.260-000;;( 8)8 531-0130;;;12.289.088/0001-92;;06.062.962-2;;;
;;;CENTRO;;;;R. NAPOLEAO DE ARAUJO LIMA, 272;;;;;;;;;;;

;;;;;;;;;;;;;;;;;;;;;;;;

7875;MY PET'S LTDA;;;MAURITI;;;;CE;63.210-000;;(88)99910-5027;;;49.267.639/0001-27;;071090908;;;
MY PET'S;;;CENTRO;;;;AVENIDA BURITI GRANDE, 117;;;;;;;;;;;

;;;;;;;;;;;;;;;;;;;;;;;;

7787;NEUMA LEITE DE FIGUEREDO;;;BREJO SANTO;;;;CE;63.260-000;;( 8)89835-3738;;;415.162.223-34;;222830392;;;
MERCADINHO LD ;;;CAPILE;;;;RUA SABINA GOMES DE SOUSA, 48;;;;;;;;;;;

;;;;;;;;;;;;;;;;;;;;;;;;

6380;NILTON CESAR FERREIRA LEITE;;;BARRO;;;;CE;63.380-000;;(  ) 3554-1412;;;34.523.279/0001-00;;061178691;;;
MERCANTIL ECONOMICO (CESA);;;CENTRO;;;;RUA RAIMUNDO INACIO, 108;;;;;;;;;;;

;;;;;;;;;;;;;;;;;;;;;;;;

3908;NOGUEIRA E SOBRINHO SUPERMERCADO DO POVO LTDA ME;;;BARRO;;;;CE;63.380-000;;(88)99999-8883;;;04.494.012/0001-70;;065862333;;;
MERCANTIL DO POVO;;;CENTRO;;;;RUA RAIMUNDO INACIO, 197;;;;;;;;;;;

;;;;;;;;;;;;;;;;;;;;;;;;

460;ORLANDO PEREIRA TAVARES;;;BARRO;;;;CE;63.380-000;;(  )99713-6962;;;01.859.417/0001-77;;069886040;;;
MERCADINHO OJN;;;CENTRO;;;;AVENIDA DEPUTADO JANUARIO FEITOSA, 674;;;;;;;;;;;

;;;;;;;;;;;;;;;;;;;;;;;;

8228;PAGU SILVEIRA NOBRE;;;BREJO SANTO;;;;CE;63.260-000;;(88)98168-4355;;;023.753.273-57;;2004034059770;;;
PAGU;;;TABOQUEIRA;;;; RUA MANOEL TOINHO , 122;;;;;;;;;;;

;;;;;;;;;;;;;;;;;;;;;;;;

4126;PAULO GONCALVES DANTAS MICROEMPRESA;;;ABAIARA;;;;CE;63.240-000;;(88)98824-3559;;;04.612.681/0001-08;;063156849;;;
ADGRIVET;;;CENTRO;;;;RUA JOSIAS LEITE TEIXEIRA, 283;;;;;;;;;;;

;;;;;;;;;;;;;;;;;;;;;;;;

5330;PAULO NOBELINO PEREIRA ARAUJO ME;;;BREJO SANTO;;;;CE;63.260-000;;(88) 3531-5053;;;00.614.674/0001-86;;069564345;;;
MERCANTIL SAO PAULO;;;LAGOA DO MATO;;;;ROD BR 116, KM 515, 11;;;;;;;;;;;

;;;;;;;;;;;;;;;;;;;;;;;;

4326;PEDRO ANDRE VIDAL EPP;;;PORTEIRAS;;;;CE;63.270-000;;(  ) 3557-1324;;;41.340.423/0001-38;;068795289;;;
VIDAL;;;CENTRO;;;;R. LUIZ GRANGEIRO, 55;;;;;;;;;;;

;;;;;;;;;;;;;;;;;;;;;;;;

6446;PEDRO DEYVIS PETRONIO SOUSA MERCADINHO;;;BREJO SANTO;;;;CE;63.260-000;;(88)99642-5850;;;28.853.609/0001-22;;066977673;;;
MERCANTIL MAE RAINHA;;;SÃO FRANCISCO;;;;RUA GENESIO RICARTE, 46;;;;;;;;;;;

;;;;;;;;;;;;;;;;;;;;;;;;

;;;;;;;;;;;;;;;;;;;;;;;;

ERES Informática LTDA.;;;;;PAG: 250;;;20/08/2026 - 09:44:21;;;025;

;;;;;;;;;;;;;;;;;;;;;;;;
;;;;;;;;;;;;;;;;;;;;;;;;

;;
;;;FRANCISCO LUCIANO ALVES HONORIO ME;;;;;;;
;;;Clientes por Vendedor  ;;;;;
;;

;;;;;;;;;;;;;;;;;;;;;;;;

Código;Nome Cliente;;;Cidade;;;;UF;CEP;;FONE;;;C.P.F./C.N.P.J;;R.G./C.G.F.;;;
Nome Fantasia;;;Bairro;;;;Endereço;;;;;

831;PEDRO GICELIO SAMPAIO ME;;;ABAIARA;;;;CE;63.240-000;;(88) 3558-1175;;;86.841.855/0001-60;;06.042.872-4;;;
SUPERMERCADO .SAO JOSE;;;CENTRO;;;;AVENIDA  CORONEL  HUMBERTO BEZERRA, 275;;;;;;;;;;;

;;;;;;;;;;;;;;;;;;;;;;;;

2335;PLAUTO BANDEIRA DE ALBUQUERQUE ME;;;BARRO;;;;CE;63.380-000;;(88)99849-6166;;;00.736.146/0001-08;;060297948;;;
CASA BANDEIRA;;;CENTRO;;;;R. JOSE LEITE CABRAL, 39;;;;;;;;;;;

;;;;;;;;;;;;;;;;;;;;;;;;

475;R LEITE QUENTAL;;;MILAGRES;;;;CE;63.250-000;;(88) 3553-1153;;;01.028.144/0001-19;;069709831;;;
MERCADINHO CONFE;;;CENTRO;;;;RUA SOUZA PREZA, 239;;;;;;;;;;;

;;;;;;;;;;;;;;;;;;;;;;;;

598;R N OLIVEIRA MINIMERCADOS EPP;;;MAURITI;;;;CE;63.210-000;;(  )98130-4840;;;04.689.476/0001-32;;063155036;;;
MERCADINHO ELLEN;;;PALESTINA DO CARIRI;;;;RUA JOAO BARBOSA, 346;;;;;;;;;;;

;;;;;;;;;;;;;;;;;;;;;;;;

7224;RAFAEL CANUTO FILGUEIRA GRANGEIRO;;;JARDIM;;;;CE;63.290-000;;(88)98105-0576;;;779.589.003-25;;;;;
MERCANTIL GRANGEIRO;;;CENTRO;;;;RUA PADRE MIGUEL COELHO, 207;;;;;;;;;;;

;;;;;;;;;;;;;;;;;;;;;;;;

5325;RAIMUNDO FAUSTINO FIGUEIREDO RODRIGUES  MICROEMPRESA;;;MILAGRES;;;;CE;63.250-000;;(88) 3553-1232;;;00.132.890/0001-95;;069050686;;;
FRIGORIFICO MALHEIRO;;;CENTRO;;;;RUA JULIO COELHO, 11;;;;;;;;;;;

;;;;;;;;;;;;;;;;;;;;;;;;

3620;RAIMUNDO MANGUEIRA DE MELO;;;MAURITI;;;;CE;63.210-000;;(88) 9607-4532;;;005.106.723-45;;;;;
R R MERCADINHO;;;BELA VISTA;;;;RUA QUATRO,, 16;;;;;;;;;;;

;;;;;;;;;;;;;;;;;;;;;;;;

7447;RAYANNE LUCLECIA RIBEIRO NOGUEIRA;;;MILAGRES;;;;CE;63.250-000;;(88)99633-4063;;;091.261.243-60;;20172307869;;;
PADARIA DO ROBERTO;;;VILA DO SOCORRO ;;;;JOAO FRECHINO, 80;;;;;;;;;;;

;;;;;;;;;;;;;;;;;;;;;;;;

6282;REIVA RODRIGUES DE ALMEIDA VETERINARIO;;;BREJO SANTO;;;;CE;63.260-000;;(88)99996-1518;;;32.511.575/0001-65;;067979289;;;
SHOP DO CRIADOR;;;CENTRO;;;;RUA FRANCISCO BASILIO, 67;;;;;;;;;;;

;;;;;;;;;;;;;;;;;;;;;;;;

7324;RENATA MONTEIRO DOS SANTOS;;;BREJO SANTO;;;;CE;63.260-000;;(88)99802-9679;;;26.336.624/0001-78;;065477170;;;
MERCADINHO DA RENATA;;;LESTE;;;;R ANTONIO GERONIMO DA SILVA, 3;;;;;;;;;;;

;;;;;;;;;;;;;;;;;;;;;;;;

7959;RENATO FERREIRA DE SOUSA;;;JARDIM;;;;CE;  .   -   ;;(88)98104-0544;;;991.708.503-30;;;;;
CASA DAS RACOES RANGO DOS ANIMAIS;;;CENTRO ;;;;RUA STA TERESINHA, 182;;;;;;;;;;;

;;;;;;;;;;;;;;;;;;;;;;;;

;;;;;;;;;;;;;;;;;;;;;;;;

ERES Informática LTDA.;;;;;PAG: 251;;;20/08/2026 - 09:44:21;;;025;

;;;;;;;;;;;;;;;;;;;;;;;;
;;;;;;;;;;;;;;;;;;;;;;;;

;;
;;;FRANCISCO LUCIANO ALVES HONORIO ME;;;;;;;
;;;Clientes por Vendedor  ;;;;;
;;

;;;;;;;;;;;;;;;;;;;;;;;;

Código;Nome Cliente;;;Cidade;;;;UF;CEP;;FONE;;;C.P.F./C.N.P.J;;R.G./C.G.F.;;;
Nome Fantasia;;;Bairro;;;;Endereço;;;;;

4552;RICARDO DE BRITO CRUZ;;;JARDIM;;;;CE;63.200-000;;(88)98106-0577;;;014.421.193-90;;;;;
MERCADINHO RR;;;CENTRO;;;;R. DR. SILVA THE, 125;;;;;;;;;;;

;;;;;;;;;;;;;;;;;;;;;;;;

4802;RICARDO GONDIM DA SILVA;;;JATI;;;;CE;63.275-000;;(88) 3575-3001;;;18.416.822/0001-13;;065192036;;;
SUPERMERCADO EVILA;;;CENTRO;;;;R. MANOEL LEITE, 122;;;;;;;;;;;

;;;;;;;;;;;;;;;;;;;;;;;;

7306;RIDAILTON JOSE DE OLIVEIRA ;;;MAURITI;;;;CE;63.210-000;;(88)99932-4856;;;017.098.423-00;;2000028120630;;;
MERCADINHO DO TOXINHA;;;BARAUNAS;;;;APANHA PEIXE  , 0;;;;;;;;;;;

;;;;;;;;;;;;;;;;;;;;;;;;

7981;ROBERTA MARYANA MATIAS SILVA ;;;PENAFORTE;;;;CE;63.280-000;;(  )88988-8784;;;071.166.253-30;;;;;
CASA DA RACAO ;;;CENTRO ;;;;R ROMAO BEM AQUINO, 69;;;;;;;;;;;

;;;;;;;;;;;;;;;;;;;;;;;;

3580;S CHAVES MELO MERCEARIA ME;;;MILAGRES;;;;CE;63.250-000;;(88)99211-6406;;;08.849.410/0001-13;;062095609;;;
MERCADINHO CHAVES;;;FREI DAMIAO;;;;RUA BENTO CORREIA LIMA, 1159;;;;;;;;;;;

;;;;;;;;;;;;;;;;;;;;;;;;

6722;SANDRA BEM DE SOUZA;;;CEDRO;;;;PE;56.130-000;;(87)99984-3021;;;098.688.634-30;;;;;
COMERCIO DA SANDRA;;;CENTRO;;;;AV. ALISIARIO CAVALCANTE , 9;;;;;;;;;;;

;;;;;;;;;;;;;;;;;;;;;;;;

6943;SEBASTIAO BEZERRA DA SILVA;;;JATI;;;;CE;63.275-000;;(  )     -    ;;;44.902.901/0001-44;;07.039932-8;;;
BEZERRA RACOES;;;CENTRO;;;;RUA MANOEL LUIZ, 54;;;;;;;;;;;

;;;;;;;;;;;;;;;;;;;;;;;;

865;SEVERINO SINVAL DOS SANTOS;;;MAURITI;;;;CE;63.210-000;;(  ) 3552-1521;;;07.320.070/0001-76;;068180799;;;
SUPERMERCADO SAO FRANCISCO;;;CENTRO;;;;RUA MAREJAL FLORIANO, 341;;;;;;;;;;;

;;;;;;;;;;;;;;;;;;;;;;;;

7321;SIMONE BELEM DE FIGUEIREDO OLIVEIRA ;;;BARRO;;;;CE;63.380-000;;(  )     -    ;;;14.273.070/0001-28;;065752970;;;
MERCADINHO AVENIDA;;;TRAJANO NOGUEIRA ;;;;AV. VICENTE ALVES , 870;;;;;;;;;;;

;;;;;;;;;;;;;;;;;;;;;;;;

3138;SUPER SELETO LTDA;;;BREJO SANTO;;;;CE;63.260-000;;( 8)83531-1664;;;10.557.159/0001-65;;06.372.437-5;;;
SELETO;;;CENTRO;;;;R. JOSE MATIAS SAMPAIO,753, 0;;;;;;;;;;;

;;;;;;;;;;;;;;;;;;;;;;;;

3461;SUPERMERCADO BELA VISTA DE MAURITI LTDA;;;MAURITI;;;;CE; 6.321-000;;(88) 3552-1149;;;09.360.888/0001-48;;063588994;;;
SUPERMERCADO BELA VISTA;;;BELA VISTA;;;;AV: DR.FERNANDES TELES CARTAXO, 10;;;;;;;;;;;

;;;;;;;;;;;;;;;;;;;;;;;;

;;;;;;;;;;;;;;;;;;;;;;;;

ERES Informática LTDA.;;;;;PAG: 252;;;20/08/2026 - 09:44:21;;;025;

;;;;;;;;;;;;;;;;;;;;;;;;
;;;;;;;;;;;;;;;;;;;;;;;;

;;
;;;FRANCISCO LUCIANO ALVES HONORIO ME;;;;;;;
;;;Clientes por Vendedor  ;;;;;
;;

;;;;;;;;;;;;;;;;;;;;;;;;

Código;Nome Cliente;;;Cidade;;;;UF;CEP;;FONE;;;C.P.F./C.N.P.J;;R.G./C.G.F.;;;
Nome Fantasia;;;Bairro;;;;Endereço;;;;;

462;SUPERMERCADO MARCELINO LTDA ME;;;BARRO;;;;CE;63.380-000;;(88) 3554-1011;;;07.656.317/0001-20;;062184202;;;
MERCANTIL MARCELINO;;;CENTRO;;;;RUA FIRMINO TAVARES, 359;;;;;;;;;;;

;;;;;;;;;;;;;;;;;;;;;;;;

7312;SUPERMERCADO SAO JORGE ;;;BREJO SANTO;;;;CE;63.260-000;;(  )     -    ;;;07.537.616/0002-26;;063027135;;;
SUPERMERCADO SAO JORGE, LOJA 02;;;CENTRO;;;; RUA TIBURTINO INACIO, 32;;;;;;;;;;;

;;;;;;;;;;;;;;;;;;;;;;;;

339;SUPERMERCADO SAO JORGE LTDA;;;BREJO SANTO;;;;CE;63.260-000;;(88)35318-100 ;;;07.537.616/0001-45;;06.009.329-3;;;
SUPER SAO JOSE;;;CENTRO;;;;R. DOMINGOS GOMES DA SILVA, 215;;;;;;;;;;;

;;;;;;;;;;;;;;;;;;;;;;;;

458;SUPERMERCADO SEVERO LTDA;;;BARRO;;;;CE;63.380-000;;(88) 3554-1024;;;02.934.769/0001-02;;062755463;;;
SUPERMECADO SEVERO;;;CENTRO;;;;AVENIDA  JANUÁRIO FEITOSA, 995;;;;;;;;;;;

;;;;;;;;;;;;;;;;;;;;;;;;

6588;SUPERMERCADO SEVERO LTDA EPP;;;BARRO;;;;CE;63.380-000;;(88)99924-3232;;;02.934.769/0002-93;;062593510;;;
CARIRI SUPER SEVERO (FABIO);;;CENTRO;;;;RUA PREF JUSTINO A.FEITOSA, 352;;;;;;;;;;;

;;;;;;;;;;;;;;;;;;;;;;;;

7659;TATIANA FREIRES DE OLIVEIRA ALBERTO;;;JARDIM;;;;CE;63.290-000;;(88)98168-1248;;;078.754.203-26;;;;;
CASA DE RACAO E PET SHOP;;;CENTRO ;;;;PRACA BARBOSA FREITAS , 4;;;;;;;;;;;

;;;;;;;;;;;;;;;;;;;;;;;;

7723;TEREZA KATIA RODRIGUES DE SOUSA;;;BREJO SANTO;;;;CE;63.260-000;;(  )     -    ;;;052.919.223-38;;;;;
TERESA;;;SAO FRANCISCO ;;;;RUA FRANCISCO BASILIO, 439;;;;;;;;;;;

;;;;;;;;;;;;;;;;;;;;;;;;

7856;VALDEMIRO JOAO DE OLIVEIRA;;;ABAIARA;;;;CE;63.240-000;;(  )     -    ;;;41.466.210/0001-57;;060428554;;;
SUPERMERCADO OLIVEIRA ;;;CENTRO;;;;AV CEL HUMBERTO BEZERRA, 297;;;;;;;;;;;

;;;;;;;;;;;;;;;;;;;;;;;;

5603;VALDIR VALERIANO DE SOUSA;;;MAURITI;;;;CE;63.250-000;;(  )99997-2221;;;518.338.164-04;;;;;
SUPERMERCADO TEM DE TUDO;;;DISTRITO BURITIZINHO;;;;RUA JOAO LUCAS, 62;;;;;;;;;;;

;;;;;;;;;;;;;;;;;;;;;;;;

7398;VANEIDE  DE ALMEIDA RODRIGUES FEITOSA ;;;MILAGRES;;;;CE;63.250-000;;(  )     -    ;;;013.108.703-73;;2000029183503;;;
RESTAURANTE POUSADA RACHO ALEGRE;;;FROTEIRO;;;;POSTO MAGNOLIA , 0;;;;;;;;;;;

;;;;;;;;;;;;;;;;;;;;;;;;

4803;VANUSA LUCENA DE SA;;;PENAFORTE;;;;CE;63.280-000;;(  )98831-7385;;;01.123.396/0001-27;;069736952;;;
;;;CENTO;;;;R. MANOEL ANGELO, 1245;;;;;;;;;;;

;;;;;;;;;;;;;;;;;;;;;;;;

894;VERONICA SAMPAIO TEOFILO  MENDONCA SUPERMERCADO;;;MILAGRES;;;;CE;63.250-000;;(88)99963-1717;;;35.090.869/0001-59;;060631910;;;
MERCANTIL SANTA HELENA;;;CENTRO;;;;RUA SOUZA PREZA, 228;;;;;;;;;;;

;;;;;;;;;;;;;;;;;;;;;;;;

;;;;;;;;;;;;;;;;;;;;;;;;

ERES Informática LTDA.;;;;;PAG: 253;;;20/08/2026 - 09:44:21;;;025;

;;;;;;;;;;;;;;;;;;;;;;;;
;;;;;;;;;;;;;;;;;;;;;;;;;;;

;;
;;;FRANCISCO LUCIANO ALVES HONORIO ME;;;;;;;
;;;Clientes por Vendedor  ;;;;;
;;

;;;;;;;;;;;;;;;;;;;;;;;;;;;

Código;Nome Cliente;;;;;Cidade;;;;;UF;CEP;;FONE;;;C.P.F./C.N.P.J;;R.G./C.G.F.;;;
Nome Fantasia;;;;;Bairro;;;;;Endereço;;;;;

5035;VICENTE ALVES DE SOUSA;;;;;MILAGRES;;;;;CE;63.250-000;;(88) 9615-9620;;;18.306.554/0001-87;;065144830;;;
FRUTAS E VERDURAS;;;;;EUCALIPTOS;;;;;RUA SANDOVAL LINS, 141;;;;;;;;;;;

;;;;;;;;;;;;;;;;;;;;;;;;;;;

7230;VINICIUS SILVA LUCIANO;;;;;CEDRO;;;;;PE;56.130-000;;(87)99942-0708;;;101.484.194-10;;;;;
MERCANTIL BARRO BRANCO;;;;;SITIO BARRO BRANCO;;;;; RUA DO COMÉRCIO , 10;;;;;;;;;;;

;;;;;;;;;;;;;;;;;;;;;;;;;;;

7213;WANDENBERG ARAUJO SAMPAIO VIDAL;;;;;PORTEIRAS;;;;;CE;63.270-000;;(88)98104-0012;;;20.185.516/0001-65;;065981626;;;
SUPERMERCADO NOSSA SENHORA DA CONCEICAO ;;;;;CENTRO;;;;;RUA JOAO PIRES DOS SANTOS , 140;;;;;;;;;;;

;;;;;;;;;;;;;;;;;;;;;;;;;;;

7864;WELINE  DE SOUSA LIMA;;;;;MAURITI;;;;;CE;63.210-000;;(  )     -    ;;;59.013.885/0001-06;;072366249;;;
AGROVET;;;;;CENTRO;;;;; AVENIDA MARIA ERIMITA G. SAMPAIO, 206;;;;;;;;;;;

;;;;;;;;;;;;;;;;;;;;;;;;;;;

8214;YSRRAELINNE FERREIRA DE SOUZA ;;;;;ABAIARA;;;;;CE;63.270-000;;(88)98891-7388;;;057.665.773-54;;20078042660;;;
AGRO SHOPPING ;;;;;SOL NASCENTE ;;;;;RUA FRANCISCO XAVIER DE SOUZA , 63;;;;;;;;;;;

;;;;;;;;;;;;;;;;;;;;;;;;;;;

226;ZACARIAS MORAIS FILHO - MICROEMPRESA;;;;;JARDIM;;;;;CE;63.290-000;;(88) 3555-1294;;;97.456.099/0001-72;;069094780;;;
MERCADINHO MORAIS;;;;;CENTRO;;;;;RUA CEL. LUIS AYRES, 17;;;;;;;;;;;

;;;;;;;;;;;;;;;;;;;;;;;;;;;

6299;ZENIVAL JOSE DE SOUZA;;;;;JARDIM;;;;;CE;63.290-000;;(88)98127-2129;;;739.832.503-78;;;;;
CASA DAS RACOES;;;;;CENTRO;;;;;RUA SANTA TEREZINHA, 167;;;;;;;;;;;

;;;;;;;;;;;;;;;;;;;;;;;;;;;

Clientes listados Vendedor:;;;;;;;270;;;;;;;;;;;;;;;;;;;;

Total de Contas: 2760;;;;;;

;;;;;;;;;;;;;;;;;;;;;;;;;;;

ERES Informática LTDA.;;;;;PAG: 254;;;20/08/2026 - 09:44:21;;;025;

;;;;;;;;;;;;;;;;;;;;;;;;;;;
